ALTER SYSTEM SET log_statement = 'none';
SELECT pg_reload_conf();

-- -- Create tables
CREATE TABLE IF NOT EXISTS genres (id INTEGER PRIMARY KEY, name TEXT NOT NULL);
CREATE TABLE IF NOT EXISTS movies (id INTEGER PRIMARY KEY, title TEXT NOT NULL, release_date DATE, description TEXT, poster_path TEXT);
CREATE TABLE IF NOT EXISTS movie_genres (movie_id INTEGER REFERENCES movies(id) ON DELETE CASCADE, genre_id INTEGER REFERENCES genres(id) ON DELETE CASCADE, PRIMARY KEY (movie_id, genre_id));

-- Clear existing data
DELETE FROM movie_genres;
DELETE FROM movies;
DELETE FROM genres;

-- insert genres
INSERT INTO genres (id, name) VALUES (28, 'Action');
INSERT INTO genres (id, name) VALUES (12, 'Adventure');
INSERT INTO genres (id, name) VALUES (16, 'Animation');
INSERT INTO genres (id, name) VALUES (35, 'Comedy');
INSERT INTO genres (id, name) VALUES (80, 'Crime');
INSERT INTO genres (id, name) VALUES (99, 'Documentary');
INSERT INTO genres (id, name) VALUES (18, 'Drama');
INSERT INTO genres (id, name) VALUES (10751, 'Family');
INSERT INTO genres (id, name) VALUES (14, 'Fantasy');
INSERT INTO genres (id, name) VALUES (36, 'History');
INSERT INTO genres (id, name) VALUES (27, 'Horror');
INSERT INTO genres (id, name) VALUES (10402, 'Music');
INSERT INTO genres (id, name) VALUES (9648, 'Mystery');
INSERT INTO genres (id, name) VALUES (10749, 'Romance');
INSERT INTO genres (id, name) VALUES (878, 'Science Fiction');
INSERT INTO genres (id, name) VALUES (10770, 'TV Movie');
INSERT INTO genres (id, name) VALUES (53, 'Thriller');
INSERT INTO genres (id, name) VALUES (10752, 'War');
INSERT INTO genres (id, name) VALUES (37, 'Western');

-- insert movies
INSERT INTO movies (id, title, release_date, description, poster_path) VALUES (1038392, 'The Conjuring: Last Rites', '2025-09-03', 'Paranormal investigators Ed and Lorraine Warren take on one last terrifying case involving mysterious entities they must confront.', '/umvkcIb0XAk486TEmx1V5aVzhbm.jpg');
INSERT INTO movie_genres (movie_id, genre_id) VALUES (1038392, 27);
INSERT INTO movies (id, title, release_date, description, poster_path) VALUES (1086910, 'The Lost Princess', '2025-10-16', 'After an Ayahuasca vision transports him to a haunted castle, Alec meets Hanna who tales him the story of her mother''s forced marriage and how the forbidden passion with her father was in danger when the princess pregnancy became obvious', '/31S2ISsDtbnxb0kuXZl1SxSMD0K.jpg');
INSERT INTO movie_genres (movie_id, genre_id) VALUES (1086910, 28);
INSERT INTO movie_genres (movie_id, genre_id) VALUES (1086910, 12);
INSERT INTO movies (id, title, release_date, description, poster_path) VALUES (338969, 'The Toxic Avenger Unrated', '2025-08-28', 'When a downtrodden janitor, Winston Gooze (Peter Dinklage), is exposed to a catastrophic toxic accident, he’s transformed into a new kind of hero: The Toxic Avenger. Now, Toxie must rise from outcast to savior, taking on ruthless corporate overlords and corrupt forces who threaten his son, his friends, and his community.', '/sIonGSpGNtH72OzbJllPOEMNjVU.jpg');
INSERT INTO movie_genres (movie_id, genre_id) VALUES (338969, 28);
INSERT INTO movie_genres (movie_id, genre_id) VALUES (338969, 35);
INSERT INTO movie_genres (movie_id, genre_id) VALUES (338969, 878);
INSERT INTO movies (id, title, release_date, description, poster_path) VALUES (755898, 'War of the Worlds', '2025-07-29', 'Will Radford is a top analyst for Homeland Security who tracks potential threats through a mass surveillance program, until one day an attack by an unknown entity leads him to question whether the government is hiding something from him... and from the rest of the world.', '/yvirUYrva23IudARHn3mMGVxWqM.jpg');
INSERT INTO movie_genres (movie_id, genre_id) VALUES (755898, 878);
INSERT INTO movie_genres (movie_id, genre_id) VALUES (755898, 53);
INSERT INTO movies (id, title, release_date, description, poster_path) VALUES (941109, 'Play Dirty', '2025-09-30', 'Expert thief Parker gets a shot at a major heist, but to pull it off he and his team must outsmart a South American dictator, the New York mob, and the world''s richest man.', '/ovZ0zq0NwRghtWI1oLaM0lWuoEw.jpg');
INSERT INTO movie_genres (movie_id, genre_id) VALUES (941109, 80);
INSERT INTO movies (id, title, release_date, description, poster_path) VALUES (617126, 'The Fantastic 4: First Steps', '2025-07-23', 'Against the vibrant backdrop of a 1960s-inspired, retro-futuristic world, Marvel''s First Family is forced to balance their roles as heroes with the strength of their family bond, while defending Earth from a ravenous space god called Galactus and his enigmatic Herald, Silver Surfer.', '/cm8TNGBGG0aBfWj0LgrESHv8tir.jpg');
INSERT INTO movie_genres (movie_id, genre_id) VALUES (617126, 878);
INSERT INTO movie_genres (movie_id, genre_id) VALUES (617126, 12);
INSERT INTO movies (id, title, release_date, description, poster_path) VALUES (1257009, 'Primitive War', '2025-08-21', 'During the Vietnam War, a recon unit ventures to an isolated jungle valley to uncover the fate of a missing platoon. They soon find themselves in a fight for their lives against an unexpected enemy — prehistoric dinosaurs.', '/nWBqU5YXmDVJWWEDJ4u3ZSseNVL.jpg');
INSERT INTO movie_genres (movie_id, genre_id) VALUES (1257009, 28);
INSERT INTO movie_genres (movie_id, genre_id) VALUES (1257009, 27);
INSERT INTO movie_genres (movie_id, genre_id) VALUES (1257009, 10752);
INSERT INTO movies (id, title, release_date, description, poster_path) VALUES (1053008, 'Fight Another Day', '2024-10-09', 'Follows a tough cop, who after being transported to a dystopian future, must enter a deadly combat tournament to be able to return to his past.', '/fKnLt1xQV0RdpN6RViowEiD1dFW.jpg');
INSERT INTO movie_genres (movie_id, genre_id) VALUES (1053008, 28);
INSERT INTO movies (id, title, release_date, description, poster_path) VALUES (986097, 'HIM', '2025-09-18', 'After suffering a potentially career-ending brain trauma, Cameron Cade receives a lifeline when his hero, legendary eight-time Championship quarterback and cultural megastar Isaiah White, offers to train Cam at Isaiah''s isolated compound that he shares with his celebrity influencer wife. But as Cam''s training accelerates, Isaiah''s charisma begins to curdle into something darker.', '/qPJzcYR2f1O1uynYBCVPPJuOiAH.jpg');
INSERT INTO movie_genres (movie_id, genre_id) VALUES (986097, 27);
INSERT INTO movie_genres (movie_id, genre_id) VALUES (986097, 9648);
INSERT INTO movies (id, title, release_date, description, poster_path) VALUES (1328803, 'Prisoner of War', '2025-09-19', 'British RAF Wing Commander James Wright is captured by the Japanese during WWII and forced to fight in brutal hand-to-hand combat. The Japanese soldiers get more than they bargained for when Wright’s years of martial arts training in Hong Kong prove him to be a formidable opponent.', '/1XET89sjRm9mUuHXhGIlKTNd5uD.jpg');
INSERT INTO movie_genres (movie_id, genre_id) VALUES (1328803, 28);
INSERT INTO movie_genres (movie_id, genre_id) VALUES (1328803, 10752);
INSERT INTO movie_genres (movie_id, genre_id) VALUES (1328803, 53);
INSERT INTO movie_genres (movie_id, genre_id) VALUES (1328803, 36);
INSERT INTO movies (id, title, release_date, description, poster_path) VALUES (1236470, 'The Lost Bus', '2025-09-19', 'A determined father risks everything to rescue a dedicated teacher and her students from a raging wildfire.', '/zpygCOYY1DPBkeUsrrznLRN5js5.jpg');
INSERT INTO movie_genres (movie_id, genre_id) VALUES (1236470, 18);
INSERT INTO movie_genres (movie_id, genre_id) VALUES (1236470, 9648);
INSERT INTO movie_genres (movie_id, genre_id) VALUES (1236470, 53);
INSERT INTO movies (id, title, release_date, description, poster_path) VALUES (1054867, 'One Battle After Another', '2025-09-23', 'Washed-up revolutionary Bob exists in a state of stoned paranoia, surviving off-grid with his spirited, self-reliant daughter, Willa. When his evil nemesis resurfaces after 16 years and she goes missing, the former radical scrambles to find her, father and daughter both battling the consequences of his past.', '/m1jFoahEbeQXtx4zArT2FKdbNIj.jpg');
INSERT INTO movie_genres (movie_id, genre_id) VALUES (1054867, 28);
INSERT INTO movie_genres (movie_id, genre_id) VALUES (1054867, 53);
INSERT INTO movie_genres (movie_id, genre_id) VALUES (1054867, 80);
INSERT INTO movies (id, title, release_date, description, poster_path) VALUES (803796, 'KPop Demon Hunters', '2025-06-20', 'When K-pop superstars Rumi, Mira and Zoey aren''t selling out stadiums, they''re using their secret powers to protect their fans from supernatural threats.', '/22AouvwlhlXbe3nrFcjzL24bvWH.jpg');
INSERT INTO movie_genres (movie_id, genre_id) VALUES (803796, 10751);
INSERT INTO movie_genres (movie_id, genre_id) VALUES (803796, 14);
INSERT INTO movie_genres (movie_id, genre_id) VALUES (803796, 10402);
INSERT INTO movie_genres (movie_id, genre_id) VALUES (803796, 35);
INSERT INTO movie_genres (movie_id, genre_id) VALUES (803796, 12);
INSERT INTO movie_genres (movie_id, genre_id) VALUES (803796, 16);
INSERT INTO movies (id, title, release_date, description, poster_path) VALUES (533533, 'TRON: Ares', '2025-10-08', 'A highly sophisticated Program called Ares is sent from the digital world into the real world on a dangerous mission, marking humankind''s first encounter with A.I. beings.', '/chpWmskl3aKm1aTZqUHRCtviwPy.jpg');
INSERT INTO movie_genres (movie_id, genre_id) VALUES (533533, 878);
INSERT INTO movie_genres (movie_id, genre_id) VALUES (533533, 12);
INSERT INTO movie_genres (movie_id, genre_id) VALUES (533533, 28);
INSERT INTO movies (id, title, release_date, description, poster_path) VALUES (1061474, 'Superman', '2025-07-09', 'Superman, a journalist in Metropolis, embarks on a journey to reconcile his Kryptonian heritage with his human upbringing as Clark Kent.', '/wPLysNDLffQLOVebZQCbXJEv6E6.jpg');
INSERT INTO movie_genres (movie_id, genre_id) VALUES (1061474, 878);
INSERT INTO movie_genres (movie_id, genre_id) VALUES (1061474, 12);
INSERT INTO movie_genres (movie_id, genre_id) VALUES (1061474, 28);
INSERT INTO movies (id, title, release_date, description, poster_path) VALUES (7451, 'xXx', '2002-08-09', 'Xander Cage is your standard adrenaline junkie with no fear and a lousy attitude. When the US Government "recruits" him to go on a mission, he''s not exactly thrilled. His mission: to gather information on an organization that may just be planning the destruction of the world, led by the nihilistic Yorgi.', '/xeEw3eLeSFmJgXZzmF2Efww0q3s.jpg');
INSERT INTO movie_genres (movie_id, genre_id) VALUES (7451, 28);
INSERT INTO movie_genres (movie_id, genre_id) VALUES (7451, 12);
INSERT INTO movie_genres (movie_id, genre_id) VALUES (7451, 53);
INSERT INTO movie_genres (movie_id, genre_id) VALUES (7451, 80);
INSERT INTO movies (id, title, release_date, description, poster_path) VALUES (1385169, 'Rumpelstiltskin', '2025-03-08', 'Once upon a time, a miller attempted to marry his daughter off to the King by promising she could spin straw into gold. With the help of a demonic imp, she completes the task, but the King becomes greedy and wants more. So, she promises the imp her firstborn in return for yet more favours. But when it comes time to honour her bargain, dark forces merge when the Imp makes a deal with the devil.', '/2irI6Bx5dU754W52rReruUj3RI2.jpg');
INSERT INTO movie_genres (movie_id, genre_id) VALUES (1385169, 27);
INSERT INTO movie_genres (movie_id, genre_id) VALUES (1385169, 14);
INSERT INTO movies (id, title, release_date, description, poster_path) VALUES (1547527, 'Stay', '2025-10-07', 'Kiara, a PhD author on African spirituality, and Miles, a former MMA fighter turned trainer, facing the end of their marriage. They encounter supernatural forces and go from fighting one another to fighting for their lives. To survive, they must conquer darkness with love.', '/kRMzvzxjClWJn7bQtaRLQ2qhb6c.jpg');
INSERT INTO movie_genres (movie_id, genre_id) VALUES (1547527, 53);
INSERT INTO movie_genres (movie_id, genre_id) VALUES (1547527, 27);
INSERT INTO movies (id, title, release_date, description, poster_path) VALUES (1009640, 'Valiant One', '2025-01-30', 'With tensions between North and South Korea, a US helicopter crashes on the North side. The survivors must work together to protect a civilian tech specialist and find their way out without the help of US military support.', '/sT8Z14RDCAd6szzxzWFAU4xcMwg.jpg');
INSERT INTO movie_genres (movie_id, genre_id) VALUES (1009640, 28);
INSERT INTO movie_genres (movie_id, genre_id) VALUES (1009640, 10752);
INSERT INTO movies (id, title, release_date, description, poster_path) VALUES (1032448, 'Jurassic Triangle', '2024-02-13', 'A group of colleagues crash land on a mysterious island that they cannot escape. They discover they are not alone when they encounter an array of blood thirsty creatures and dinosaurs out to get them. Will they survive the island?', '/yLxLz8RHiOLtNvKCtJYQgDFXqBU.jpg');
INSERT INTO movie_genres (movie_id, genre_id) VALUES (1032448, 27);
INSERT INTO movie_genres (movie_id, genre_id) VALUES (1032448, 28);
INSERT INTO movie_genres (movie_id, genre_id) VALUES (1032448, 878);
INSERT INTO movies (id, title, release_date, description, poster_path) VALUES (1087192, 'How to Train Your Dragon', '2025-06-06', 'On the rugged isle of Berk, where Vikings and dragons have been bitter enemies for generations, Hiccup stands apart, defying centuries of tradition when he befriends Toothless, a feared Night Fury dragon. Their unlikely bond reveals the true nature of dragons, challenging the very foundations of Viking society.', '/53dsJ3oEnBhTBVMigWJ9tkA5bzJ.jpg');
INSERT INTO movie_genres (movie_id, genre_id) VALUES (1087192, 14);
INSERT INTO movie_genres (movie_id, genre_id) VALUES (1087192, 10751);
INSERT INTO movie_genres (movie_id, genre_id) VALUES (1087192, 28);
INSERT INTO movie_genres (movie_id, genre_id) VALUES (1087192, 12);
INSERT INTO movies (id, title, release_date, description, poster_path) VALUES (1078605, 'Weapons', '2025-08-04', 'When all but one child from the same class mysteriously vanish on the same night at exactly the same time, a community is left questioning who or what is behind their disappearance.', '/cpf7vsRZ0MYRQcnLWteD5jK9ymT.jpg');
INSERT INTO movie_genres (movie_id, genre_id) VALUES (1078605, 27);
INSERT INTO movie_genres (movie_id, genre_id) VALUES (1078605, 9648);
INSERT INTO movies (id, title, release_date, description, poster_path) VALUES (575265, 'Mission: Impossible - The Final Reckoning', '2025-05-17', 'Ethan Hunt and team continue their search for the terrifying AI known as the Entity — which has infiltrated intelligence networks all over the globe — with the world''s governments and a mysterious ghost from Hunt''s past on their trail. Joined by new allies and armed with the means to shut the Entity down for good, Hunt is in a race against time to prevent the world as we know it from changing forever.', '/z53D72EAOxGRqdr7KXXWp9dJiDe.jpg');
INSERT INTO movie_genres (movie_id, genre_id) VALUES (575265, 28);
INSERT INTO movie_genres (movie_id, genre_id) VALUES (575265, 12);
INSERT INTO movie_genres (movie_id, genre_id) VALUES (575265, 53);
INSERT INTO movies (id, title, release_date, description, poster_path) VALUES (1234821, 'Jurassic World Rebirth', '2025-07-01', 'Five years after the events of Jurassic World Dominion, covert operations expert Zora Bennett is contracted to lead a skilled team on a top-secret mission to secure genetic material from the world''s three most massive dinosaurs. When Zora''s operation intersects with a civilian family whose boating expedition was capsized, they all find themselves stranded on an island where they come face-to-face with a sinister, shocking discovery that''s been hidden from the world for decades.', '/1RICxzeoNCAO5NpcRMIgg1XT6fm.jpg');
INSERT INTO movie_genres (movie_id, genre_id) VALUES (1234821, 878);
INSERT INTO movie_genres (movie_id, genre_id) VALUES (1234821, 12);
INSERT INTO movie_genres (movie_id, genre_id) VALUES (1234821, 28);
INSERT INTO movies (id, title, release_date, description, poster_path) VALUES (911430, 'F1', '2025-06-25', 'Racing legend Sonny Hayes is coaxed out of retirement to lead a struggling Formula 1 team—and mentor a young hotshot driver—while chasing one more chance at glory.', '/9PXZIUsSDh4alB80jheWX4fhZmy.jpg');
INSERT INTO movie_genres (movie_id, genre_id) VALUES (911430, 28);
INSERT INTO movie_genres (movie_id, genre_id) VALUES (911430, 18);
INSERT INTO movies (id, title, release_date, description, poster_path) VALUES (1290879, 'The Woman in Cabin 10', '2025-10-09', 'A journalist witnesses a passenger being thrown overboard a luxury yacht at night—only to be told that it didn’t happen as all the passengers and crew are accounted for. Despite no one believing her, she continues to look for answers, putting her own life in danger.', '/bq4vm4ADTQUffXjDFedaHMiIROM.jpg');
INSERT INTO movie_genres (movie_id, genre_id) VALUES (1290879, 9648);
INSERT INTO movie_genres (movie_id, genre_id) VALUES (1290879, 18);
INSERT INTO movie_genres (movie_id, genre_id) VALUES (1290879, 53);
INSERT INTO movies (id, title, release_date, description, poster_path) VALUES (1007734, 'Nobody 2', '2025-08-13', 'Former assassin Hutch Mansell takes his family on a nostalgic vacation to a small-town theme park, only to be pulled back into violence when they clash with a corrupt operator, a crooked sheriff, and a ruthless crime boss.', '/xGLoqM9peusKQeuwlSw2Qlhx740.jpg');
INSERT INTO movie_genres (movie_id, genre_id) VALUES (1007734, 28);
INSERT INTO movie_genres (movie_id, genre_id) VALUES (1007734, 53);
INSERT INTO movies (id, title, release_date, description, poster_path) VALUES (1352755, 'Maintenance Required', '2025-10-07', 'Charlie, the fiercely independent owner of an all-female mechanic shop, is forced to reevaluate her future when a flashy corporate competitor moves in across the street. Seeking comfort, she turns to an anonymous online confidant - unaware she''s confiding in Beau, the very rival threatening her business. As sparks fly both online and off, the truth threatens to blow everything apart.', '/lM7Q1y0pmHPWZCPmGkAWGKdgu6W.jpg');
INSERT INTO movie_genres (movie_id, genre_id) VALUES (1352755, 10749);
INSERT INTO movie_genres (movie_id, genre_id) VALUES (1352755, 35);
INSERT INTO movies (id, title, release_date, description, poster_path) VALUES (1242404, 'Steve', '2025-09-19', 'Over one intense day, the devoted head teacher of a last-chance reform school strives to keep his students in line while facing pressures of his own.', '/wmLoMyofbseLfxiGgk1Iz5H97c3.jpg');
INSERT INTO movie_genres (movie_id, genre_id) VALUES (1242404, 18);
INSERT INTO movie_genres (movie_id, genre_id) VALUES (1242404, 35);
INSERT INTO movies (id, title, release_date, description, poster_path) VALUES (1175942, 'The Bad Guys 2', '2025-07-24', 'The now-reformed Bad Guys are trying (very, very hard) to be good, but instead find themselves hijacked into a high-stakes, globe-trotting heist, masterminded by a new team of criminals they never saw coming: The Bad Girls.', '/c1msaKf1wyuKcmLjjJd6rIBPFcd.jpg');
INSERT INTO movie_genres (movie_id, genre_id) VALUES (1175942, 10751);
INSERT INTO movie_genres (movie_id, genre_id) VALUES (1175942, 35);
INSERT INTO movie_genres (movie_id, genre_id) VALUES (1175942, 80);
INSERT INTO movie_genres (movie_id, genre_id) VALUES (1175942, 12);
INSERT INTO movie_genres (movie_id, genre_id) VALUES (1175942, 16);
INSERT INTO movies (id, title, release_date, description, poster_path) VALUES (1109406, 'Compulsion', '2024-11-10', 'Two women—Diana, a flamboyant and ruthless thief, and Evie, a seemingly innocent young woman with a troubled past—become embroiled in a series of horrific murders on the island of Malta.', '/s3MzSdsMcmxmpVJMuH5ezNPjzs7.jpg');
INSERT INTO movie_genres (movie_id, genre_id) VALUES (1109406, 53);
INSERT INTO movie_genres (movie_id, genre_id) VALUES (1109406, 27);
INSERT INTO movies (id, title, release_date, description, poster_path) VALUES (1396558, 'Bloody Axe Wound', '2024-12-27', 'Abbie Bladecut is a teenager torn between the macabre traditions of her family’s bloody trade and the tender stirrings of her first crush. In the small town of Clover Falls, Abbie’s father Roger has built an infamous legacy by capturing real-life killings on tape and selling them to eager customers, but as Abbie delves deeper into the grisly family business, she begins to wonder if it’s time to take the family tradition in a new direction.', '/dS9sU5JGnkmEVZ9ubgnJa6RMLwx.jpg');
INSERT INTO movie_genres (movie_id, genre_id) VALUES (1396558, 27);
INSERT INTO movie_genres (movie_id, genre_id) VALUES (1396558, 35);
INSERT INTO movies (id, title, release_date, description, poster_path) VALUES (957121, 'The Man in My Basement', '2025-09-12', 'Down on his luck, Charles Blakey agrees to rent his basement to a mysterious stranger, unaware he may be letting in a force much darker than he imagined.', '/1zpeH8wOrM8p2TTAmBetwhe2BIx.jpg');
INSERT INTO movie_genres (movie_id, genre_id) VALUES (957121, 27);
INSERT INTO movie_genres (movie_id, genre_id) VALUES (957121, 9648);
INSERT INTO movie_genres (movie_id, genre_id) VALUES (957121, 53);
INSERT INTO movies (id, title, release_date, description, poster_path) VALUES (552524, 'Lilo & Stitch', '2025-05-17', 'The wildly funny and touching story of a lonely Hawaiian girl and the fugitive alien who helps to mend her broken family.', '/ckQzKpQJO4ZQDCN5evdpKcfm7Ys.jpg');
INSERT INTO movie_genres (movie_id, genre_id) VALUES (552524, 10751);
INSERT INTO movie_genres (movie_id, genre_id) VALUES (552524, 878);
INSERT INTO movie_genres (movie_id, genre_id) VALUES (552524, 35);
INSERT INTO movie_genres (movie_id, genre_id) VALUES (552524, 12);
INSERT INTO movies (id, title, release_date, description, poster_path) VALUES (870360, 'The Day the Earth Blew Up: A Looney Tunes Movie', '2024-08-01', 'Porky and Daffy, the classic animated odd couple, turn into unlikely heroes when their antics at the local bubble gum factory uncover a secret alien mind control plot. Against all odds, the two are determined to save their town (and the world!)...that is if they don''t drive each other crazy in the process.', '/s2lB1kaYCdGSnZX5meQCiOR6HfX.jpg');
INSERT INTO movie_genres (movie_id, genre_id) VALUES (870360, 10751);
INSERT INTO movie_genres (movie_id, genre_id) VALUES (870360, 35);
INSERT INTO movie_genres (movie_id, genre_id) VALUES (870360, 12);
INSERT INTO movie_genres (movie_id, genre_id) VALUES (870360, 16);
INSERT INTO movie_genres (movie_id, genre_id) VALUES (870360, 878);
INSERT INTO movies (id, title, release_date, description, poster_path) VALUES (1242011, 'Together', '2025-07-28', 'With a move to the countryside already testing the limits of a couple''s relationship, a supernatural encounter begins an extreme transformation of their love, their lives, and their flesh.', '/m52XidzKx94bKlToZfEXUnL3pdy.jpg');
INSERT INTO movie_genres (movie_id, genre_id) VALUES (1242011, 27);
INSERT INTO movie_genres (movie_id, genre_id) VALUES (1242011, 10749);
INSERT INTO movies (id, title, release_date, description, poster_path) VALUES (1035259, 'The Naked Gun', '2025-07-30', 'Only one man has the particular set of skills... to lead Police Squad and save the world: Lt. Frank Drebin Jr.', '/rmwQ8GsdQ1M3LtemNWLErle2nBU.jpg');
INSERT INTO movie_genres (movie_id, genre_id) VALUES (1035259, 35);
INSERT INTO movie_genres (movie_id, genre_id) VALUES (1035259, 28);
INSERT INTO movie_genres (movie_id, genre_id) VALUES (1035259, 80);
INSERT INTO movies (id, title, release_date, description, poster_path) VALUES (1125257, 'Freakier Friday', '2025-08-06', 'Years after Tess and Anna endured an identity crisis, Anna now has a daughter of her own and a soon-to-be stepdaughter. As they navigate the myriad challenges that come when two families merge, Tess and Anna discover lightning might indeed strike twice.', '/9wV65OmsjLAqBfDnYTkMPutXH8j.jpg');
INSERT INTO movie_genres (movie_id, genre_id) VALUES (1125257, 35);
INSERT INTO movie_genres (movie_id, genre_id) VALUES (1125257, 14);
INSERT INTO movie_genres (movie_id, genre_id) VALUES (1125257, 10751);
INSERT INTO movies (id, title, release_date, description, poster_path) VALUES (1119878, 'Ice Road: Vengeance', '2025-06-27', 'Big rig ice road driver Mike McCann travels to Nepal to scatter his late brother’s ashes on Mt. Everest. While on a packed tour bus traversing the deadly 12,000 ft. terrain of the infamous Road to the Sky, McCann and his mountain guide encounter a group of mercenaries and must fight to save themselves, the busload of innocent travelers, and the local villagers’ homeland.', '/cQN9rZj06rXMVkk76UF1DfBAico.jpg');
INSERT INTO movie_genres (movie_id, genre_id) VALUES (1119878, 28);
INSERT INTO movie_genres (movie_id, genre_id) VALUES (1119878, 53);
INSERT INTO movie_genres (movie_id, genre_id) VALUES (1119878, 18);
INSERT INTO movies (id, title, release_date, description, poster_path) VALUES (1151031, 'Bring Her Back', '2025-05-28', 'Following the death of their father, a brother and sister are introduced to their new sibling by their foster mother, only to learn that she has a terrifying secret.', '/1Q3GlCXGYWELifxANYZ5OVMRVZl.jpg');
INSERT INTO movie_genres (movie_id, genre_id) VALUES (1151031, 27);
INSERT INTO movies (id, title, release_date, description, poster_path) VALUES (1371189, 'Ruth & Boaz', '2025-09-25', 'A talented singer leaves the Atlanta music scene and starts over in small-town Tennessee, where she finds love and new purpose but can''t escape the past.', '/mtMJEIHjeHcLtvP0tFPAptk1Var.jpg');
INSERT INTO movie_genres (movie_id, genre_id) VALUES (1371189, 10749);
INSERT INTO movie_genres (movie_id, genre_id) VALUES (1371189, 18);
INSERT INTO movie_genres (movie_id, genre_id) VALUES (1371189, 10402);
INSERT INTO movies (id, title, release_date, description, poster_path) VALUES (541671, 'Ballerina', '2025-06-04', 'Taking place during the events of John Wick: Chapter 3 – Parabellum, Eve Macarro begins her training in the assassin traditions of the Ruska Roma.', '/4sbqReLivBN4e7OOwG6PkSGcKHt.jpg');
INSERT INTO movie_genres (movie_id, genre_id) VALUES (541671, 28);
INSERT INTO movie_genres (movie_id, genre_id) VALUES (541671, 53);
INSERT INTO movie_genres (movie_id, genre_id) VALUES (541671, 80);
INSERT INTO movies (id, title, release_date, description, poster_path) VALUES (157336, 'Interstellar', '2014-11-05', 'The adventures of a group of explorers who make use of a newly discovered wormhole to surpass the limitations on human space travel and conquer the vast distances involved in an interstellar voyage.', '/gEU2QniE6E77NI6lCU6MxlNBvIx.jpg');
INSERT INTO movie_genres (movie_id, genre_id) VALUES (157336, 12);
INSERT INTO movie_genres (movie_id, genre_id) VALUES (157336, 18);
INSERT INTO movie_genres (movie_id, genre_id) VALUES (157336, 878);
INSERT INTO movies (id, title, release_date, description, poster_path) VALUES (1022787, 'Elio', '2025-06-18', 'Elio, a space fanatic with an active imagination, finds himself on a cosmic misadventure where he must form new bonds with eccentric alien lifeforms, navigate a crisis of intergalactic proportions and somehow discover who he is truly meant to be.', '/7z8jDiTZZco9moIKpTUImFtTy7o.jpg');
INSERT INTO movie_genres (movie_id, genre_id) VALUES (1022787, 10751);
INSERT INTO movie_genres (movie_id, genre_id) VALUES (1022787, 35);
INSERT INTO movie_genres (movie_id, genre_id) VALUES (1022787, 12);
INSERT INTO movie_genres (movie_id, genre_id) VALUES (1022787, 16);
INSERT INTO movie_genres (movie_id, genre_id) VALUES (1022787, 878);
INSERT INTO movies (id, title, release_date, description, poster_path) VALUES (1245993, 'Caught Stealing', '2025-08-26', 'Burned-out ex-baseball player Hank Thompson unexpectedly finds himself embroiled in a dangerous struggle for survival amidst the criminal underbelly of late 1990s New York City, forced to navigate a treacherous underworld he never imagined.', '/yzhay59xLcHwvcsGfpqzh6zcgfG.jpg');
INSERT INTO movie_genres (movie_id, genre_id) VALUES (1245993, 80);
INSERT INTO movie_genres (movie_id, genre_id) VALUES (1245993, 53);
INSERT INTO movie_genres (movie_id, genre_id) VALUES (1245993, 35);
INSERT INTO movies (id, title, release_date, description, poster_path) VALUES (1255795, 'Putin', '2025-01-09', 'A portrait of a formidable political figure, unraveling the contrasting facets of an iron-fisted tyrant and a man haunted by fear.', '/j3Q2MrpmaOrKfN2pInNvRNhYa4G.jpg');
INSERT INTO movie_genres (movie_id, genre_id) VALUES (1255795, 53);
INSERT INTO movie_genres (movie_id, genre_id) VALUES (1255795, 10752);
INSERT INTO movie_genres (movie_id, genre_id) VALUES (1255795, 80);
INSERT INTO movies (id, title, release_date, description, poster_path) VALUES (76600, 'Avatar: The Way of Water', '2022-12-14', 'Set more than a decade after the events of the first film, learn the story of the Sully family (Jake, Neytiri, and their kids), the trouble that follows them, the lengths they go to keep each other safe, the battles they fight to stay alive, and the tragedies they endure.', '/t6HIqrRAclMCA60NsSmeqe9RmNV.jpg');
INSERT INTO movie_genres (movie_id, genre_id) VALUES (76600, 28);
INSERT INTO movie_genres (movie_id, genre_id) VALUES (76600, 12);
INSERT INTO movie_genres (movie_id, genre_id) VALUES (76600, 14);
INSERT INTO movie_genres (movie_id, genre_id) VALUES (76600, 878);
INSERT INTO movies (id, title, release_date, description, poster_path) VALUES (574475, 'Final Destination Bloodlines', '2025-05-14', 'Plagued by a violent recurring nightmare, college student Stefanie heads home to track down the one person who might be able to break the cycle and save her family from the grisly demise that inevitably awaits them all.', '/6WxhEvFsauuACfv8HyoVX6mZKFj.jpg');
INSERT INTO movie_genres (movie_id, genre_id) VALUES (574475, 27);
INSERT INTO movie_genres (movie_id, genre_id) VALUES (574475, 9648);
INSERT INTO movies (id, title, release_date, description, poster_path) VALUES (1289936, 'Downton Abbey: The Grand Finale', '2025-09-10', 'When Mary finds herself at the center of a public scandal and the family faces financial strife, the entire household grapples with the threat of social disgrace. The Crawleys must embrace change as the staff prepares for a new chapter with the next generation leading Downton Abbey into the future.', '/m1tLlMTCwc6oK6OjWTOI4b32wnA.jpg');
INSERT INTO movie_genres (movie_id, genre_id) VALUES (1289936, 18);
INSERT INTO movie_genres (movie_id, genre_id) VALUES (1289936, 10749);
INSERT INTO movies (id, title, release_date, description, poster_path) VALUES (13494, 'Red Sonja', '2025-07-31', 'A young girl rises from the ashes of tragedy to become the most feared warrior woman of all time: the She-Devil with a Sword.', '/aE3yh4y0h96CZZpLo0UDFMWZAA9.jpg');
INSERT INTO movie_genres (movie_id, genre_id) VALUES (13494, 12);
INSERT INTO movie_genres (movie_id, genre_id) VALUES (13494, 28);
INSERT INTO movie_genres (movie_id, genre_id) VALUES (13494, 14);
INSERT INTO movies (id, title, release_date, description, poster_path) VALUES (3933, 'Corpse Bride', '2005-09-12', 'In a 19th-century European village, a young man about to be married is whisked away to the underworld and wed to a mysterious corpse bride, while his real bride waits bereft in the land of the living.', '/isb2Qow76GpqYmsSyfdMfsYAjts.jpg');
INSERT INTO movie_genres (movie_id, genre_id) VALUES (3933, 10749);
INSERT INTO movie_genres (movie_id, genre_id) VALUES (3933, 14);
INSERT INTO movie_genres (movie_id, genre_id) VALUES (3933, 16);
INSERT INTO movies (id, title, release_date, description, poster_path) VALUES (24428, 'The Avengers', '2012-04-25', 'When an unexpected enemy emerges and threatens global safety and security, Nick Fury, director of the international peacekeeping agency known as S.H.I.E.L.D., finds himself in need of a team to pull the world back from the brink of disaster. Spanning the globe, a daring recruitment effort begins!', '/RYMX2wcKCBAr24UyPD7xwmjaTn.jpg');
INSERT INTO movie_genres (movie_id, genre_id) VALUES (24428, 878);
INSERT INTO movie_genres (movie_id, genre_id) VALUES (24428, 28);
INSERT INTO movie_genres (movie_id, genre_id) VALUES (24428, 12);
INSERT INTO movies (id, title, release_date, description, poster_path) VALUES (914215, 'Humane', '2024-04-26', 'In the wake of an environmental collapse that has forced humanity to shed 20% of its population, a family dinner erupts into chaos when a father''s plan to enlist in the government''s new euthanasia program goes horribly awry.', '/ecOvKaoM1hwQbp0uTnULGrSV32e.jpg');
INSERT INTO movie_genres (movie_id, genre_id) VALUES (914215, 27);
INSERT INTO movie_genres (movie_id, genre_id) VALUES (914215, 878);
INSERT INTO movie_genres (movie_id, genre_id) VALUES (914215, 53);
INSERT INTO movies (id, title, release_date, description, poster_path) VALUES (1071585, 'M3GAN 2.0', '2025-06-25', 'After the underlying tech for M3GAN is stolen and misused by a powerful defense contractor to create a military-grade weapon known as Amelia, M3GAN''s creator Gemma realizes that the only option is to resurrect M3GAN and give her a few upgrades, making her faster, stronger, and more lethal.', '/4a63rQqIDTrYNdcnTXdPsQyxVLo.jpg');
INSERT INTO movie_genres (movie_id, genre_id) VALUES (1071585, 28);
INSERT INTO movie_genres (movie_id, genre_id) VALUES (1071585, 878);
INSERT INTO movie_genres (movie_id, genre_id) VALUES (1071585, 53);
INSERT INTO movies (id, title, release_date, description, poster_path) VALUES (1100988, '28 Years Later', '2025-06-18', 'Twenty-eight years since the rage virus escaped a biological weapons laboratory, now, still in a ruthlessly enforced quarantine, some have found ways to exist amidst the infected. One such group lives on a small island connected to the mainland by a single, heavily-defended causeway. When one member departs on a mission into the dark heart of the mainland, he discovers secrets, wonders, and horrors that have mutated not only the infected but other survivors as well.', '/mIg1qCkVxnAlM2TK3RUF0tdEXlE.jpg');
INSERT INTO movie_genres (movie_id, genre_id) VALUES (1100988, 27);
INSERT INTO movie_genres (movie_id, genre_id) VALUES (1100988, 53);
INSERT INTO movie_genres (movie_id, genre_id) VALUES (1100988, 878);
INSERT INTO movies (id, title, release_date, description, poster_path) VALUES (1028248, 'As Good as Dead', '2022-12-16', 'An ex-cop in self-imposed witness protection in Mexico becomes a target when a fight video of his apprentice goes viral.', '/qqQPxxRQqfLrq0ubfDQCwhJHZ91.jpg');
INSERT INTO movie_genres (movie_id, genre_id) VALUES (1028248, 28);
INSERT INTO movie_genres (movie_id, genre_id) VALUES (1028248, 80);
INSERT INTO movies (id, title, release_date, description, poster_path) VALUES (1011477, 'Karate Kid: Legends', '2025-05-08', 'After a family tragedy, kung fu prodigy Li Fong is uprooted from his home in Beijing and forced to move to New York City with his mother. When a new friend needs his help, Li enters a karate competition – but his skills alone aren''t enough. Li''s kung fu teacher Mr. Han enlists original Karate Kid Daniel LaRusso for help, and Li learns a new way to fight, merging their two styles into one for the ultimate martial arts showdown.', '/AEgggzRr1vZCLY86MAp93li43z.jpg');
INSERT INTO movie_genres (movie_id, genre_id) VALUES (1011477, 28);
INSERT INTO movie_genres (movie_id, genre_id) VALUES (1011477, 12);
INSERT INTO movie_genres (movie_id, genre_id) VALUES (1011477, 18);
INSERT INTO movies (id, title, release_date, description, poster_path) VALUES (1241982, 'Moana 2', '2024-11-21', 'After receiving an unexpected call from her wayfinding ancestors, Moana journeys alongside Maui and a new crew to the far seas of Oceania and into dangerous, long-lost waters for an adventure unlike anything she''s ever faced.', '/aLVkiINlIeCkcZIzb7XHzPYgO6L.jpg');
INSERT INTO movie_genres (movie_id, genre_id) VALUES (1241982, 10751);
INSERT INTO movie_genres (movie_id, genre_id) VALUES (1241982, 35);
INSERT INTO movie_genres (movie_id, genre_id) VALUES (1241982, 12);
INSERT INTO movie_genres (movie_id, genre_id) VALUES (1241982, 16);
INSERT INTO movie_genres (movie_id, genre_id) VALUES (1241982, 14);
INSERT INTO movies (id, title, release_date, description, poster_path) VALUES (1233413, 'Sinners', '2025-04-16', 'Trying to leave their troubled lives behind, twin brothers return to their hometown to start again, only to discover that an even greater evil is waiting to welcome them back.', '/4CkZl1LK6a5rXBqJB2ZP77h3N5i.jpg');
INSERT INTO movie_genres (movie_id, genre_id) VALUES (1233413, 27);
INSERT INTO movie_genres (movie_id, genre_id) VALUES (1233413, 28);
INSERT INTO movie_genres (movie_id, genre_id) VALUES (1233413, 53);
INSERT INTO movies (id, title, release_date, description, poster_path) VALUES (1051486, 'Stockholm Bloodbath', '2024-01-19', 'In 1520, the notorious and power-hungry Danish King Christian II is determined to seize the Swedish crown from Sten Sture, no matter what it takes. Meanwhile, sisters Freja and Anne make a solemn promise to seek revenge on the men who brutally murdered their family. Everything comes to a head in the heart of Stockholm, where the sisters are drawn into a ruthless political struggle between Sweden and Denmark that culminates in a mass execution, presided over by the mad King "Christian the Tyrant," known as the Stockholm Bloodbath.', '/tzXOB8nxO70SfSbOhrYcY94x6MI.jpg');
INSERT INTO movie_genres (movie_id, genre_id) VALUES (1051486, 28);
INSERT INTO movie_genres (movie_id, genre_id) VALUES (1051486, 36);
INSERT INTO movie_genres (movie_id, genre_id) VALUES (1051486, 18);
INSERT INTO movie_genres (movie_id, genre_id) VALUES (1051486, 12);
INSERT INTO movie_genres (movie_id, genre_id) VALUES (1051486, 10752);
INSERT INTO movies (id, title, release_date, description, poster_path) VALUES (1294203, 'My Fault: London', '2025-02-12', '18-year-old Noah moves from America to London, with her mother who''s recently fallen in love with William, a wealthy British businessman. Noah meets William’s son, bad-boy Nick, and soon discovers there is an attraction between them neither can avoid. As Noah spends the summer adjusting to her new life, her devastating past will catch up with her while falling in love for the first time.', '/ttN5D6GKOwKWHmCzDGctAvaNMAi.jpg');
INSERT INTO movie_genres (movie_id, genre_id) VALUES (1294203, 10749);
INSERT INTO movie_genres (movie_id, genre_id) VALUES (1294203, 18);
INSERT INTO movies (id, title, release_date, description, poster_path) VALUES (950387, 'A Minecraft Movie', '2025-03-31', 'Four misfits find themselves struggling with ordinary problems when they are suddenly pulled through a mysterious portal into the Overworld: a bizarre, cubic wonderland that thrives on imagination. To get back home, they''ll have to master this world while embarking on a magical quest with an unexpected, expert crafter, Steve.', '/yFHHfHcUgGAxziP1C3lLt0q2T4s.jpg');
INSERT INTO movie_genres (movie_id, genre_id) VALUES (950387, 10751);
INSERT INTO movie_genres (movie_id, genre_id) VALUES (950387, 14);
INSERT INTO movie_genres (movie_id, genre_id) VALUES (950387, 35);
INSERT INTO movie_genres (movie_id, genre_id) VALUES (950387, 12);
INSERT INTO movies (id, title, release_date, description, poster_path) VALUES (986056, 'Thunderbolts*', '2025-04-30', 'After finding themselves ensnared in a death trap, seven disillusioned castoffs must embark on a dangerous mission that will force them to confront the darkest corners of their pasts.', '/hqcexYHbiTBfDIdDWxrxPtVndBX.jpg');
INSERT INTO movie_genres (movie_id, genre_id) VALUES (986056, 28);
INSERT INTO movie_genres (movie_id, genre_id) VALUES (986056, 878);
INSERT INTO movie_genres (movie_id, genre_id) VALUES (986056, 12);
INSERT INTO movies (id, title, release_date, description, poster_path) VALUES (1319965, 'All of You', '2025-09-26', 'Laura and Simon have been best friends since college. Over the years, they''ve realized their bond is more than platonic. Can they—and should they—risk everything to explore a love that has existed all along?', '/U2KFjtXN9NL9eCENB28w42Jakp.jpg');
INSERT INTO movie_genres (movie_id, genre_id) VALUES (1319965, 10749);
INSERT INTO movie_genres (movie_id, genre_id) VALUES (1319965, 18);
INSERT INTO movies (id, title, release_date, description, poster_path) VALUES (533535, 'Deadpool & Wolverine', '2024-07-24', 'A listless Wade Wilson toils away in civilian life with his days as the morally flexible mercenary, Deadpool, behind him. But when his homeworld faces an existential threat, Wade must reluctantly suit-up again with an even more reluctant Wolverine.', '/8cdWjvZQUExUUTzyp4t6EDMubfO.jpg');
INSERT INTO movie_genres (movie_id, genre_id) VALUES (533535, 28);
INSERT INTO movie_genres (movie_id, genre_id) VALUES (533535, 35);
INSERT INTO movie_genres (movie_id, genre_id) VALUES (533535, 878);
INSERT INTO movies (id, title, release_date, description, poster_path) VALUES (1251717, 'Vicious', '2025-09-19', 'A young woman must spend the night fighting for her existence as she slips down a disturbing rabbit hole contained inside a mysterious gift from a late-night visitor.', '/shKGDGrwqmc9x2aTJcQszoXinq0.jpg');
INSERT INTO movie_genres (movie_id, genre_id) VALUES (1251717, 27);
INSERT INTO movie_genres (movie_id, genre_id) VALUES (1251717, 53);
INSERT INTO movies (id, title, release_date, description, poster_path) VALUES (604079, 'The Long Walk', '2025-09-10', 'In a dystopian, alternate-America ruled by a totalitarian regime, 50 teenage boys take part in a deadly annual walking contest, forced to maintain a minimum pace or be executed, until only one survivor remains.', '/wobVTa99eW0ht6c1rNNzLkazPtR.jpg');
INSERT INTO movie_genres (movie_id, genre_id) VALUES (604079, 27);
INSERT INTO movie_genres (movie_id, genre_id) VALUES (604079, 53);
INSERT INTO movies (id, title, release_date, description, poster_path) VALUES (423108, 'The Conjuring: The Devil Made Me Do It', '2021-05-25', 'Paranormal investigators Ed and Lorraine Warren encounter what would become one of the most sensational cases from their files. The fight for the soul of a young boy takes them beyond anything they''d ever seen before, to mark the first time in U.S. history that a murder suspect would claim demonic possession as a defense.', '/rQfX2xx8TUoNvyk892yKWNikJaM.jpg');
INSERT INTO movie_genres (movie_id, genre_id) VALUES (423108, 27);
INSERT INTO movie_genres (movie_id, genre_id) VALUES (423108, 9648);
INSERT INTO movie_genres (movie_id, genre_id) VALUES (423108, 53);
INSERT INTO movies (id, title, release_date, description, poster_path) VALUES (760329, 'The Smashing Machine', '2025-10-01', 'In the late 1990s, up-and-coming mixed martial artist Mark Kerr aspires to become the greatest fighter in the world. However, he must also battle his opiod dependence and a volatile relationship with his girlfriend Dawn.', '/vMDqKiWCciWsF8Q3RCk3YSrZx0y.jpg');
INSERT INTO movie_genres (movie_id, genre_id) VALUES (760329, 36);
INSERT INTO movie_genres (movie_id, genre_id) VALUES (760329, 18);
INSERT INTO movies (id, title, release_date, description, poster_path) VALUES (138843, 'The Conjuring', '2013-07-18', 'Paranormal investigators Ed and Lorraine Warren work to help a family terrorized by a dark presence in their farmhouse. Forced to confront a powerful entity, the Warrens find themselves caught in the most terrifying case of their lives.', '/wVYREutTvI2tmxr6ujrHT704wGF.jpg');
INSERT INTO movie_genres (movie_id, genre_id) VALUES (138843, 27);
INSERT INTO movie_genres (movie_id, genre_id) VALUES (138843, 53);
INSERT INTO movies (id, title, release_date, description, poster_path) VALUES (936108, 'Smurfs', '2025-07-05', 'When Papa Smurf is mysteriously taken by evil wizards, Razamel and Gargamel, Smurfette leads the Smurfs on a mission into the real world to save him. With the help of new friends, the Smurfs must discover what defines their destiny to save the universe.', '/8o6lkhL32xQJeB52IIG1us5BVey.jpg');
INSERT INTO movie_genres (movie_id, genre_id) VALUES (936108, 16);
INSERT INTO movie_genres (movie_id, genre_id) VALUES (936108, 10751);
INSERT INTO movie_genres (movie_id, genre_id) VALUES (936108, 14);
INSERT INTO movies (id, title, release_date, description, poster_path) VALUES (1083433, 'I Know What You Did Last Summer', '2025-07-16', 'When five friends inadvertently cause a deadly car accident, they cover up their involvement and make a pact to keep it a secret rather than face the consequences. A year later, their past comes back to haunt them and they''re forced to confront a horrifying truth: someone knows what they did last summer…and is hell-bent on revenge.', '/6BfZLQYj97NO1yD5JkSAf5vWzGj.jpg');
INSERT INTO movie_genres (movie_id, genre_id) VALUES (1083433, 27);
INSERT INTO movie_genres (movie_id, genre_id) VALUES (1083433, 9648);
INSERT INTO movie_genres (movie_id, genre_id) VALUES (1083433, 53);
INSERT INTO movies (id, title, release_date, description, poster_path) VALUES (933260, 'The Substance', '2024-09-07', 'A fading celebrity decides to use a black market drug, a cell-replicating substance that temporarily creates a younger, better version of herself.', '/lqoMzCcZYEFK729d6qzt349fB4o.jpg');
INSERT INTO movie_genres (movie_id, genre_id) VALUES (933260, 18);
INSERT INTO movie_genres (movie_id, genre_id) VALUES (933260, 27);
INSERT INTO movie_genres (movie_id, genre_id) VALUES (933260, 878);
INSERT INTO movies (id, title, release_date, description, poster_path) VALUES (354912, 'Coco', '2017-10-27', 'Despite his family’s baffling generations-old ban on music, Miguel dreams of becoming an accomplished musician like his idol, Ernesto de la Cruz. Desperate to prove his talent, Miguel finds himself in the stunning and colorful Land of the Dead following a mysterious chain of events. Along the way, he meets charming trickster Hector, and together, they set off on an extraordinary journey to unlock the real story behind Miguel''s family history.', '/6Ryitt95xrO8KXuqRGm1fUuNwqF.jpg');
INSERT INTO movie_genres (movie_id, genre_id) VALUES (354912, 10751);
INSERT INTO movie_genres (movie_id, genre_id) VALUES (354912, 16);
INSERT INTO movie_genres (movie_id, genre_id) VALUES (354912, 10402);
INSERT INTO movie_genres (movie_id, genre_id) VALUES (354912, 12);
INSERT INTO movies (id, title, release_date, description, poster_path) VALUES (671, 'Harry Potter and the Philosopher''s Stone', '2001-11-16', 'Harry Potter has lived under the stairs at his aunt and uncle''s house his whole life. But on his 11th birthday, he learns he''s a powerful wizard—with a place waiting for him at the Hogwarts School of Witchcraft and Wizardry. As he learns to harness his newfound powers with the help of the school''s kindly headmaster, Harry uncovers the truth about his parents'' deaths—and about the villain who''s to blame.', '/wuMc08IPKEatf9rnMNXvIDxqP4W.jpg');
INSERT INTO movie_genres (movie_id, genre_id) VALUES (671, 12);
INSERT INTO movie_genres (movie_id, genre_id) VALUES (671, 14);
INSERT INTO movies (id, title, release_date, description, poster_path) VALUES (1197306, 'A Working Man', '2025-03-26', 'Levon Cade left behind a decorated military career in the black ops to live a simple life working construction. But when his boss''s daughter, who is like family to him, is taken by human traffickers, his search to bring her home uncovers a world of corruption far greater than he ever could have imagined.', '/6FRFIogh3zFnVWn7Z6zcYnIbRcX.jpg');
INSERT INTO movie_genres (movie_id, genre_id) VALUES (1197306, 28);
INSERT INTO movie_genres (movie_id, genre_id) VALUES (1197306, 80);
INSERT INTO movie_genres (movie_id, genre_id) VALUES (1197306, 53);
INSERT INTO movies (id, title, release_date, description, poster_path) VALUES (1369679, 'Get Fast', '2024-12-12', 'When The Thief’s partner is kidnapped after stealing millions in cash from a merciless drug lord named Nushi, he reluctantly teams up with an angst-ridden orphan to rescue him. Nushi enlists her most trusted hitman, The Cowboy, a lovable charmer who’s quick with his guns, to track down the Thief. Guns, cars, and explosions will give the newfound partners a head start, but how long will they be able to keep it up?', '/tDpTR7xhHu9cz1X4JAIRFwXyf6U.jpg');
INSERT INTO movie_genres (movie_id, genre_id) VALUES (1369679, 28);
INSERT INTO movie_genres (movie_id, genre_id) VALUES (1369679, 80);
INSERT INTO movie_genres (movie_id, genre_id) VALUES (1369679, 53);
INSERT INTO movies (id, title, release_date, description, poster_path) VALUES (1339658, 'Oh, Hi!', '2025-07-25', 'Iris and Isaac''s first romantic weekend getaway as a couple goes awry. Convinced she''s met her perfect guy and that he''s just confused, Iris goes to increasingly ridiculous and irrational lengths to prove to Isaac that they are meant to be together.', '/8nBOFo78pKgzLipgGZhC8VA33wp.jpg');
INSERT INTO movie_genres (movie_id, genre_id) VALUES (1339658, 10749);
INSERT INTO movie_genres (movie_id, genre_id) VALUES (1339658, 35);
INSERT INTO movies (id, title, release_date, description, poster_path) VALUES (1151334, 'Eenie Meanie', '2025-08-21', 'A former teenage getaway driver gets dragged back into her unsavory past when a former employer offers her a chance to save the life of her chronically unreliable ex-boyfriend.', '/12Va3oO3oYUdOd75zM57Nx1976a.jpg');
INSERT INTO movie_genres (movie_id, genre_id) VALUES (1151334, 53);
INSERT INTO movie_genres (movie_id, genre_id) VALUES (1151334, 28);
INSERT INTO movie_genres (movie_id, genre_id) VALUES (1151334, 35);
INSERT INTO movies (id, title, release_date, description, poster_path) VALUES (20526, 'TRON: Legacy', '2010-12-14', 'Sam Flynn, the tech-savvy and daring son of Kevin Flynn, investigates his father''s disappearance and is pulled into The Grid. With the help of a mysterious program named Quorra, Sam quests to stop evil dictator Clu from crossing into the real world.', '/vuifSABRpSnxCAOxEnWpNbZSXpp.jpg');
INSERT INTO movie_genres (movie_id, genre_id) VALUES (20526, 12);
INSERT INTO movie_genres (movie_id, genre_id) VALUES (20526, 28);
INSERT INTO movie_genres (movie_id, genre_id) VALUES (20526, 878);
INSERT INTO movies (id, title, release_date, description, poster_path) VALUES (1373445, 'V/H/S/HALLOWEEN', '2025-09-19', 'A collection of Halloween-themed videotapes unleashes a series of twisted, blood-soaked tales, turning trick-or-treat into a struggle for survival.', '/kdZUnzXVhVFAw5uQnRhHCi8iBW.jpg');
INSERT INTO movie_genres (movie_id, genre_id) VALUES (1373445, 27);
INSERT INTO movie_genres (movie_id, genre_id) VALUES (1373445, 53);
INSERT INTO movies (id, title, release_date, description, poster_path) VALUES (299536, 'Avengers: Infinity War', '2018-04-25', 'As the Avengers and their allies have continued to protect the world from threats too large for any one hero to handle, a new danger has emerged from the cosmic shadows: Thanos. A despot of intergalactic infamy, his goal is to collect all six Infinity Stones, artifacts of unimaginable power, and use them to inflict his twisted will on all of reality. Everything the Avengers have fought for has led up to this moment - the fate of Earth and existence itself has never been more uncertain.', '/7WsyChQLEftFiDOVTGkv3hFpyyt.jpg');
INSERT INTO movie_genres (movie_id, genre_id) VALUES (299536, 12);
INSERT INTO movie_genres (movie_id, genre_id) VALUES (299536, 28);
INSERT INTO movie_genres (movie_id, genre_id) VALUES (299536, 878);
INSERT INTO movies (id, title, release_date, description, poster_path) VALUES (155, 'The Dark Knight', '2008-07-16', 'Batman raises the stakes in his war on crime. With the help of Lt. Jim Gordon and District Attorney Harvey Dent, Batman sets out to dismantle the remaining criminal organizations that plague the streets. The partnership proves to be effective, but they soon find themselves prey to a reign of chaos unleashed by a rising criminal mastermind known to the terrified citizens of Gotham as the Joker.', '/qJ2tW6WMUDux911r6m7haRef0WH.jpg');
INSERT INTO movie_genres (movie_id, genre_id) VALUES (155, 18);
INSERT INTO movie_genres (movie_id, genre_id) VALUES (155, 28);
INSERT INTO movie_genres (movie_id, genre_id) VALUES (155, 80);
INSERT INTO movie_genres (movie_id, genre_id) VALUES (155, 53);
INSERT INTO movies (id, title, release_date, description, poster_path) VALUES (14836, 'Coraline', '2009-02-05', 'Wandering her rambling old house in her boring new town, 11-year-old Coraline discovers a hidden door to a strangely idealized version of her life. In order to stay in the fantasy, she must make a frighteningly real sacrifice.', '/4jeFXQYytChdZYE9JYO7Un87IlW.jpg');
INSERT INTO movie_genres (movie_id, genre_id) VALUES (14836, 16);
INSERT INTO movie_genres (movie_id, genre_id) VALUES (14836, 10751);
INSERT INTO movie_genres (movie_id, genre_id) VALUES (14836, 14);
INSERT INTO movies (id, title, release_date, description, poster_path) VALUES (402431, 'Wicked', '2024-11-20', 'In the land of Oz, ostracized and misunderstood green-skinned Elphaba is forced to share a room with the popular aristocrat Glinda at Shiz University, and the two''s unlikely friendship is tested as they begin to fulfill their respective destinies as Glinda the Good and the Wicked Witch of the West.', '/xDGbZ0JJ3mYaGKy4Nzd9Kph6M9L.jpg');
INSERT INTO movie_genres (movie_id, genre_id) VALUES (402431, 18);
INSERT INTO movie_genres (movie_id, genre_id) VALUES (402431, 10749);
INSERT INTO movie_genres (movie_id, genre_id) VALUES (402431, 14);
INSERT INTO movies (id, title, release_date, description, poster_path) VALUES (1022789, 'Inside Out 2', '2024-06-11', 'Teenager Riley''s mind headquarters is undergoing a sudden demolition to make room for something entirely unexpected: new Emotions! Joy, Sadness, Anger, Fear and Disgust, who’ve long been running a successful operation by all accounts, aren’t sure how to feel when Anxiety shows up. And it looks like she’s not alone.', '/vpnVM9B6NMmQpWeZvzLvDESb2QY.jpg');
INSERT INTO movie_genres (movie_id, genre_id) VALUES (1022789, 16);
INSERT INTO movie_genres (movie_id, genre_id) VALUES (1022789, 12);
INSERT INTO movie_genres (movie_id, genre_id) VALUES (1022789, 35);
INSERT INTO movie_genres (movie_id, genre_id) VALUES (1022789, 10751);
INSERT INTO movies (id, title, release_date, description, poster_path) VALUES (950396, 'The Gorge', '2025-02-13', 'Two highly trained operatives grow close from a distance after being sent to guard opposite sides of a mysterious gorge. When an evil below emerges, they must work together to survive what lies within.', '/7iMBZzVZtG0oBug4TfqDb9ZxAOa.jpg');
INSERT INTO movie_genres (movie_id, genre_id) VALUES (950396, 10749);
INSERT INTO movie_genres (movie_id, genre_id) VALUES (950396, 878);
INSERT INTO movie_genres (movie_id, genre_id) VALUES (950396, 53);
INSERT INTO movies (id, title, release_date, description, poster_path) VALUES (278, 'The Shawshank Redemption', '1994-09-23', 'Imprisoned in the 1940s for the double murder of his wife and her lover, upstanding banker Andy Dufresne begins a new life at the Shawshank prison, where he puts his accounting skills to work for an amoral warden. During his long stretch in prison, Dufresne comes to be admired by the other inmates -- including an older prisoner named Red -- for his integrity and unquenchable sense of hope.', '/9cqNxx0GxF0bflZmeSMuL5tnGzr.jpg');
INSERT INTO movie_genres (movie_id, genre_id) VALUES (278, 18);
INSERT INTO movie_genres (movie_id, genre_id) VALUES (278, 80);
INSERT INTO movies (id, title, release_date, description, poster_path) VALUES (83533, 'Avatar: Fire and Ash', '2025-12-17', 'In the wake of the devastating war against the RDA and the loss of their eldest son, Jake Sully and Neytiri face a new threat on Pandora: the Ash People, a violent and power-hungry Na''vi tribe led by the ruthless Varang. Jake''s family must fight for their survival and the future of Pandora in a conflict that pushes them to their emotional and physical limits.', '/5bxrxnRaxZooBAxgUVBZ13dpzC7.jpg');
INSERT INTO movie_genres (movie_id, genre_id) VALUES (83533, 878);
INSERT INTO movie_genres (movie_id, genre_id) VALUES (83533, 12);
INSERT INTO movie_genres (movie_id, genre_id) VALUES (83533, 14);
INSERT INTO movies (id, title, release_date, description, poster_path) VALUES (1422096, 'Good Boy', '2025-10-01', 'A loyal dog moves to a rural family home with his owner Todd, only to discover supernatural forces lurking in the shadows. As dark entities threaten his human companion, the brave pup must fight to protect the one he loves most.', '/pvMHRi09ur2L1drXh2dXFtuMFgl.jpg');
INSERT INTO movie_genres (movie_id, genre_id) VALUES (1422096, 27);
INSERT INTO movie_genres (movie_id, genre_id) VALUES (1422096, 53);
INSERT INTO movies (id, title, release_date, description, poster_path) VALUES (870028, 'The Accountant²', '2025-04-23', 'When an old acquaintance is murdered, Wolff is compelled to solve the case. Realizing more extreme measures are necessary, Wolff recruits his estranged and highly lethal brother, Brax, to help. In partnership with Marybeth Medina, they uncover a deadly conspiracy, becoming targets of a ruthless network of killers who will stop at nothing to keep their secrets buried.', '/lUvfTcOZiK0sdcX0WNLPbMyKjGm.jpg');
INSERT INTO movie_genres (movie_id, genre_id) VALUES (870028, 9648);
INSERT INTO movie_genres (movie_id, genre_id) VALUES (870028, 80);
INSERT INTO movie_genres (movie_id, genre_id) VALUES (870028, 53);
INSERT INTO movies (id, title, release_date, description, poster_path) VALUES (749170, 'Heads of State', '2025-06-24', 'The UK Prime Minister and US President have a public rivalry that risks their countries'' alliance. But when they become targets of a powerful enemy, they''re forced to rely on each other as they go on a wild, multinational run. Allied with Noel, a brilliant MI6 agent, they must find a way to thwart a conspiracy that threatens the free world.', '/lVgE5oLzf7ABmzyASEVcjYyHI41.jpg');
INSERT INTO movie_genres (movie_id, genre_id) VALUES (749170, 28);
INSERT INTO movie_genres (movie_id, genre_id) VALUES (749170, 53);
INSERT INTO movie_genres (movie_id, genre_id) VALUES (749170, 35);
INSERT INTO movies (id, title, release_date, description, poster_path) VALUES (939243, 'Sonic the Hedgehog 3', '2024-12-19', 'Sonic, Knuckles, and Tails reunite against a powerful new adversary, Shadow, a mysterious villain with powers unlike anything they have faced before. With their abilities outmatched in every way, Team Sonic must seek out an unlikely alliance in hopes of stopping Shadow and protecting the planet.', '/d8Ryb8AunYAuycVKDp5HpdWPKgC.jpg');
INSERT INTO movie_genres (movie_id, genre_id) VALUES (939243, 28);
INSERT INTO movie_genres (movie_id, genre_id) VALUES (939243, 878);
INSERT INTO movie_genres (movie_id, genre_id) VALUES (939243, 35);
INSERT INTO movie_genres (movie_id, genre_id) VALUES (939243, 10751);
INSERT INTO movies (id, title, release_date, description, poster_path) VALUES (986206, 'Night Carnage', '2025-07-29', 'A blogger who is also a werewolf meets a dashing playboy with a dark secret of his own. Starring Logan Andrews and Christian Howard.', '/w0wjPQKhlqisSbylf1sWZiNyc2h.jpg');
INSERT INTO movie_genres (movie_id, genre_id) VALUES (986206, 28);
INSERT INTO movie_genres (movie_id, genre_id) VALUES (986206, 27);
INSERT INTO movie_genres (movie_id, genre_id) VALUES (986206, 10749);
INSERT INTO movies (id, title, release_date, description, poster_path) VALUES (238, 'The Godfather', '1972-03-14', 'Spanning the years 1945 to 1955, a chronicle of the fictional Italian-American Corleone crime family. When organized crime family patriarch, Vito Corleone barely survives an attempt on his life, his youngest son, Michael steps in to take care of the would-be killers, launching a campaign of bloody revenge.', '/3bhkrj58Vtu7enYsRolD1fZdja1.jpg');
INSERT INTO movie_genres (movie_id, genre_id) VALUES (238, 18);
INSERT INTO movie_genres (movie_id, genre_id) VALUES (238, 80);
INSERT INTO movies (id, title, release_date, description, poster_path) VALUES (974397, 'My Freaky Family', '2024-04-25', 'On the cusp of her 13th birthday, Betty Flood – budding musician and magical being – just wants to be like the rest of her fabulous, but very different family, so why is her magical Mum so against it? As Betty wrestles with this, she also learns the amazing truth about her family and discovers that the not so normal, the magical and the musical are all a part of her fabulously freaky family. It''s very freaky, so be freaked freaky ahh deaky peaky neaky seaky peaky poo.', '/h34lkT2CFufYuzmP0CEgn4lghyY.jpg');
INSERT INTO movie_genres (movie_id, genre_id) VALUES (974397, 16);
INSERT INTO movie_genres (movie_id, genre_id) VALUES (974397, 10751);
INSERT INTO movie_genres (movie_id, genre_id) VALUES (974397, 14);
INSERT INTO movies (id, title, release_date, description, poster_path) VALUES (9479, 'The Nightmare Before Christmas', '1993-10-09', 'Tired of scaring humans every October 31 with the same old bag of tricks, Jack Skellington, the spindly king of Halloween Town, kidnaps Santa Claus and plans to deliver shrunken heads and other ghoulish gifts to children on Christmas morning. But as Christmas approaches, Jack''s rag-doll girlfriend, Sally, tries to foil his misguided plans.', '/oQffRNjK8e19rF7xVYEN8ew0j7b.jpg');
INSERT INTO movie_genres (movie_id, genre_id) VALUES (9479, 14);
INSERT INTO movie_genres (movie_id, genre_id) VALUES (9479, 16);
INSERT INTO movie_genres (movie_id, genre_id) VALUES (9479, 10751);
INSERT INTO movies (id, title, release_date, description, poster_path) VALUES (519182, 'Despicable Me 4', '2024-06-20', 'Gru and Lucy and their girls—Margo, Edith and Agnes—welcome a new member to the Gru family, Gru Jr., who is intent on tormenting his dad. Gru also faces a new nemesis in Maxime Le Mal and his femme fatale girlfriend Valentina, forcing the family to go on the run.', '/wWba3TaojhK7NdycRhoQpsG0FaH.jpg');
INSERT INTO movie_genres (movie_id, genre_id) VALUES (519182, 10751);
INSERT INTO movie_genres (movie_id, genre_id) VALUES (519182, 35);
INSERT INTO movie_genres (movie_id, genre_id) VALUES (519182, 16);
INSERT INTO movie_genres (movie_id, genre_id) VALUES (519182, 878);
INSERT INTO movies (id, title, release_date, description, poster_path) VALUES (259693, 'The Conjuring 2', '2016-06-08', 'Lorraine and Ed Warren travel to north London to help a single mother raising four children alone in a house plagued by malicious spirits.', '/zEqyD0SBt6HL7W9JQoWwtd5Do1T.jpg');
INSERT INTO movie_genres (movie_id, genre_id) VALUES (259693, 27);
INSERT INTO movies (id, title, release_date, description, poster_path) VALUES (122917, 'The Hobbit: The Battle of the Five Armies', '2014-12-10', 'Following Smaug''s attack on Laketown, Bilbo and the dwarves try to defend Erebor''s mountain of treasure from others who claim it: the men of the ruined Laketown and the elves of Mirkwood. Meanwhile an army of Orcs led by Azog the Defiler is marching on Erebor, fueled by the rise of the dark lord Sauron. Dwarves, elves and men must unite, and the hope for Middle-Earth falls into Bilbo''s hands.', '/xT98tLqatZPQApyRmlPL12LtiWp.jpg');
INSERT INTO movie_genres (movie_id, genre_id) VALUES (122917, 28);
INSERT INTO movie_genres (movie_id, genre_id) VALUES (122917, 12);
INSERT INTO movie_genres (movie_id, genre_id) VALUES (122917, 14);
INSERT INTO movies (id, title, release_date, description, poster_path) VALUES (1321439, 'The Wrong Paris', '2025-09-11', 'Dawn thinks she''s joining a dating show in Paris, France, only to land in Paris, Texas. She has an exit plan — until sparks fly with the cowboy bachelor.', '/A0KRoR842OgNByCfw9iFHbWoeR9.jpg');
INSERT INTO movie_genres (movie_id, genre_id) VALUES (1321439, 10749);
INSERT INTO movie_genres (movie_id, genre_id) VALUES (1321439, 35);
INSERT INTO movies (id, title, release_date, description, poster_path) VALUES (411, 'The Chronicles of Narnia: The Lion, the Witch and the Wardrobe', '2005-12-07', 'Siblings Lucy, Edmund, Susan and Peter step through a magical wardrobe and find the land of Narnia. There, they discover a charming, once peaceful kingdom that has been plunged into eternal winter by the evil White Witch, Jadis. Aided by the wise and magnificent lion, Aslan, the children lead Narnia into a spectacular, climactic battle to be free of the Witch''s glacial powers forever.', '/iREd0rNCjYdf5Ar0vfaW32yrkm.jpg');
INSERT INTO movie_genres (movie_id, genre_id) VALUES (411, 12);
INSERT INTO movie_genres (movie_id, genre_id) VALUES (411, 10751);
INSERT INTO movie_genres (movie_id, genre_id) VALUES (411, 14);
INSERT INTO movies (id, title, release_date, description, poster_path) VALUES (1278950, 'The Ritual', '2025-04-18', 'Two priests, one in crisis with his faith and the other confronting a turbulent past, must overcome their differences to perform a risky exorcism.', '/uubL8yvtEBjz3V7DFQHjCuSQO8w.jpg');
INSERT INTO movie_genres (movie_id, genre_id) VALUES (1278950, 27);
INSERT INTO movie_genres (movie_id, genre_id) VALUES (1278950, 18);
INSERT INTO movie_genres (movie_id, genre_id) VALUES (1278950, 53);
INSERT INTO movies (id, title, release_date, description, poster_path) VALUES (198663, 'The Maze Runner', '2014-09-10', 'A teenager with no memory of his past finds himself among a group of boys living in a walled enclosure surrounded by a massive, ever-changing maze. As he struggles to adapt to their rules and society, he begins to uncover clues that may lead to escape and the truth behind their confinement.', '/ode14q7WtDugFDp78fo9lCsmay9.jpg');
INSERT INTO movie_genres (movie_id, genre_id) VALUES (198663, 28);
INSERT INTO movie_genres (movie_id, genre_id) VALUES (198663, 9648);
INSERT INTO movie_genres (movie_id, genre_id) VALUES (198663, 878);
INSERT INTO movie_genres (movie_id, genre_id) VALUES (198663, 53);
INSERT INTO movies (id, title, release_date, description, poster_path) VALUES (120, 'The Lord of the Rings: The Fellowship of the Ring', '2001-12-18', 'Young hobbit Frodo Baggins, after inheriting a mysterious ring from his uncle Bilbo, must leave his home in order to keep it from falling into the hands of its evil creator. Along the way, a fellowship is formed to protect the ringbearer and make sure that the ring arrives at its final destination: Mt. Doom, the only place where it can be destroyed.', '/6oom5QYQ2yQTMJIbnvbkBL9cHo6.jpg');
INSERT INTO movie_genres (movie_id, genre_id) VALUES (120, 12);
INSERT INTO movie_genres (movie_id, genre_id) VALUES (120, 14);
INSERT INTO movie_genres (movie_id, genre_id) VALUES (120, 28);
INSERT INTO movies (id, title, release_date, description, poster_path) VALUES (1242434, 'Highest 2 Lowest', '2025-08-14', 'When a titan music mogul, widely known as having the "best ears in the business", is targeted with a ransom plot, he is jammed up in a life-or-death moral dilemma.', '/RFQtinuiHhOnbmJaCn3uzegCYF.jpg');
INSERT INTO movie_genres (movie_id, genre_id) VALUES (1242434, 53);
INSERT INTO movie_genres (movie_id, genre_id) VALUES (1242434, 80);
INSERT INTO movie_genres (movie_id, genre_id) VALUES (1242434, 18);
INSERT INTO movies (id, title, release_date, description, poster_path) VALUES (1265344, 'Swiped', '2025-09-09', 'Whitney Wolfe uses extraordinary grit and ingenuity to break into the male-dominated tech industry.', '/mEeFRU5ADkyP7JtOFFV8tYMm3zD.jpg');
INSERT INTO movie_genres (movie_id, genre_id) VALUES (1265344, 36);
INSERT INTO movie_genres (movie_id, genre_id) VALUES (1265344, 18);
INSERT INTO movies (id, title, release_date, description, poster_path) VALUES (1241470, 'Osiris', '2025-07-25', 'Special Forces commandos on a mission are abducted mid-operation by a mysterious spacecraft. Upon waking aboard, they find themselves prey to a relentless alien race in a fight for survival.', '/3YtZHtXPNG5AleisgEatEfZOT2w.jpg');
INSERT INTO movie_genres (movie_id, genre_id) VALUES (1241470, 878);
INSERT INTO movie_genres (movie_id, genre_id) VALUES (1241470, 28);
INSERT INTO movie_genres (movie_id, genre_id) VALUES (1241470, 27);
INSERT INTO movies (id, title, release_date, description, poster_path) VALUES (945961, 'Alien: Romulus', '2024-08-13', 'While scavenging the deep ends of a derelict space station, a group of young space colonizers come face to face with the most terrifying life form in the universe.', '/2uSWRTtCG336nuBiG8jOTEUKSy8.jpg');
INSERT INTO movie_genres (movie_id, genre_id) VALUES (945961, 27);
INSERT INTO movie_genres (movie_id, genre_id) VALUES (945961, 878);
INSERT INTO movies (id, title, release_date, description, poster_path) VALUES (1312946, 'The Map That Leads to You', '2025-08-19', 'Heather is a young woman traveling Europe with friends before starting her perfectly planned life. A chance meeting with Jack sparks an unexpected romance that leads to deep emotional discovery. As secrets and life choices test their bond, her path changes forever.', '/uwvKQIjJpC37IEsEj4ZAn1ITyRy.jpg');
INSERT INTO movie_genres (movie_id, genre_id) VALUES (1312946, 10749);
INSERT INTO movie_genres (movie_id, genre_id) VALUES (1312946, 18);
INSERT INTO movies (id, title, release_date, description, poster_path) VALUES (19995, 'Avatar', '2009-12-15', 'In the 22nd century, a paraplegic Marine is dispatched to the moon Pandora on a unique mission, but becomes torn between following orders and protecting an alien civilization.', '/gKY6q7SjCkAU6FqvqWybDYgUKIF.jpg');
INSERT INTO movie_genres (movie_id, genre_id) VALUES (19995, 28);
INSERT INTO movie_genres (movie_id, genre_id) VALUES (19995, 12);
INSERT INTO movie_genres (movie_id, genre_id) VALUES (19995, 14);
INSERT INTO movie_genres (movie_id, genre_id) VALUES (19995, 878);
INSERT INTO movies (id, title, release_date, description, poster_path) VALUES (385687, 'Fast X', '2023-05-17', 'Over many missions and against impossible odds, Dom Toretto and his family have outsmarted, out-nerved and outdriven every foe in their path. Now, they confront the most lethal opponent they''ve ever faced: A terrifying threat emerging from the shadows of the past who''s fueled by blood revenge, and who is determined to shatter this family and destroy everything—and everyone—that Dom loves, forever.', '/fiVW06jE7z9YnO4trhaMEdclSiC.jpg');
INSERT INTO movie_genres (movie_id, genre_id) VALUES (385687, 28);
INSERT INTO movie_genres (movie_id, genre_id) VALUES (385687, 80);
INSERT INTO movie_genres (movie_id, genre_id) VALUES (385687, 53);
INSERT INTO movie_genres (movie_id, genre_id) VALUES (385687, 12);
INSERT INTO movie_genres (movie_id, genre_id) VALUES (385687, 9648);
INSERT INTO movies (id, title, release_date, description, poster_path) VALUES (27205, 'Inception', '2010-07-15', 'Cobb, a skilled thief who commits corporate espionage by infiltrating the subconscious of his targets is offered a chance to regain his old life as payment for a task considered to be impossible: "inception", the implantation of another person''s idea into a target''s subconscious.', '/ljsZTbVsrQSqZgWeep2B1QiDKuh.jpg');
INSERT INTO movie_genres (movie_id, genre_id) VALUES (27205, 28);
INSERT INTO movie_genres (movie_id, genre_id) VALUES (27205, 878);
INSERT INTO movie_genres (movie_id, genre_id) VALUES (27205, 12);
INSERT INTO movies (id, title, release_date, description, poster_path) VALUES (1029575, 'The Family Plan', '2023-12-14', 'Dan Morgan is many things: a devoted husband, a loving father, a celebrated car salesman. He''s also a former assassin. And when his past catches up to his present, he''s forced to take his unsuspecting family on a road trip unlike any other.', '/jLLtx3nTRSLGPAKl4RoIv1FbEBr.jpg');
INSERT INTO movie_genres (movie_id, genre_id) VALUES (1029575, 28);
INSERT INTO movie_genres (movie_id, genre_id) VALUES (1029575, 35);
INSERT INTO movie_genres (movie_id, genre_id) VALUES (1029575, 10751);
INSERT INTO movies (id, title, release_date, description, poster_path) VALUES (634649, 'Spider-Man: No Way Home', '2021-12-15', 'Peter Parker is unmasked and no longer able to separate his normal life from the high-stakes of being a super-hero. When he asks for help from Doctor Strange the stakes become even more dangerous, forcing him to discover what it truly means to be Spider-Man.', '/1g0dhYtq4irTY1GPXvft6k4YLjm.jpg');
INSERT INTO movie_genres (movie_id, genre_id) VALUES (634649, 28);
INSERT INTO movie_genres (movie_id, genre_id) VALUES (634649, 12);
INSERT INTO movie_genres (movie_id, genre_id) VALUES (634649, 878);
INSERT INTO movies (id, title, release_date, description, poster_path) VALUES (1244953, 'Trust', '2025-08-22', 'A Hollywood starlet seeks refuge in a secluded Airbnb following a high-profile scandal, only to find herself at the mercy of hardened criminals on the hunt for a score.', '/n9GS1mUAVMiC3gBn9rb8jrDoK4D.jpg');
INSERT INTO movie_genres (movie_id, genre_id) VALUES (1244953, 53);
INSERT INTO movies (id, title, release_date, description, poster_path) VALUES (1197137, 'Black Phone 2', '2025-10-15', 'Four years after escaping The Grabber, Finney Blake, now 17, is struggling with his life after captivity. His sister Gwen begins receiving calls in her dreams from the black phone and seeing disturbing visions of three boys being stalked at a winter camp. The siblings are determined to solve the mystery and confront a killer who has grown more powerful in death and far more significant to them than either can imagine.', '/evbguUd1BwExQgXMjG9n9AHMQpN.jpg');
INSERT INTO movie_genres (movie_id, genre_id) VALUES (1197137, 27);
INSERT INTO movie_genres (movie_id, genre_id) VALUES (1197137, 53);
INSERT INTO movies (id, title, release_date, description, poster_path) VALUES (1319895, 'Hostile Takeover', '2025-08-08', 'Follows Pete, a professional hitman, as he faces a group of assassins after the boss of a crime syndicate suspects disloyalty due to his attendance at Workaholics Anonymous meetings.', '/vntwlS3CAKfoLTs90GaoK6lymBC.jpg');
INSERT INTO movie_genres (movie_id, genre_id) VALUES (1319895, 28);
INSERT INTO movie_genres (movie_id, genre_id) VALUES (1319895, 35);
INSERT INTO movie_genres (movie_id, genre_id) VALUES (1319895, 53);
INSERT INTO movies (id, title, release_date, description, poster_path) VALUES (1242898, 'Predator: Badlands', '2025-11-05', 'Cast out from his clan, an alien hunter finds an unlikely ally in a damaged android and embarks on a treacherous journey in search of the ultimate adversary.', '/pHpq9yNUIo6aDoCXEBzjSolywgz.jpg');
INSERT INTO movie_genres (movie_id, genre_id) VALUES (1242898, 28);
INSERT INTO movie_genres (movie_id, genre_id) VALUES (1242898, 878);
INSERT INTO movies (id, title, release_date, description, poster_path) VALUES (10138, 'Iron Man 2', '2010-04-28', 'With the world now aware of his dual life as the armored superhero Iron Man, billionaire inventor Tony Stark faces pressure from the government, the press and the public to share his technology with the military. Unwilling to let go of his invention, Stark, with Pepper Potts and James ''Rhodey'' Rhodes at his side, must forge new alliances – and confront powerful enemies.', '/6WBeq4fCfn7AN0o21W9qNcRF2l9.jpg');
INSERT INTO movie_genres (movie_id, genre_id) VALUES (10138, 12);
INSERT INTO movie_genres (movie_id, genre_id) VALUES (10138, 28);
INSERT INTO movie_genres (movie_id, genre_id) VALUES (10138, 878);
INSERT INTO movies (id, title, release_date, description, poster_path) VALUES (672, 'Harry Potter and the Chamber of Secrets', '2002-11-13', 'Cars fly, trees fight back, and a mysterious house-elf comes to warn Harry Potter at the start of his second year at Hogwarts. Adventure and danger await when bloody writing on a wall announces: The Chamber Of Secrets Has Been Opened. To save Hogwarts will require all of Harry, Ron and Hermione’s magical abilities and courage.', '/sdEOH0992YZ0QSxgXNIGLq1ToUi.jpg');
INSERT INTO movie_genres (movie_id, genre_id) VALUES (672, 12);
INSERT INTO movie_genres (movie_id, genre_id) VALUES (672, 14);
INSERT INTO movies (id, title, release_date, description, poster_path) VALUES (756999, 'The Black Phone', '2022-06-16', 'Finney Blake, a shy but clever 13-year-old boy, is abducted by a sadistic killer and trapped in a soundproof basement where screaming is of little use. When a disconnected phone on the wall begins to ring, Finney discovers that he can hear the voices of the killer’s previous victims. And they are dead set on making sure that what happened to them doesn’t happen to Finney.', '/p9ZUzCyy9wRTDuuQexkQ78R2BgF.jpg');
INSERT INTO movie_genres (movie_id, genre_id) VALUES (756999, 27);
INSERT INTO movie_genres (movie_id, genre_id) VALUES (756999, 53);
INSERT INTO movies (id, title, release_date, description, poster_path) VALUES (359410, 'Road House', '2024-03-08', 'Ex-UFC fighter Dalton takes a job as a bouncer at a Florida Keys roadhouse, only to discover that this paradise is not all it seems.', '/fDEdtS4P0gJsxHDIt8dG8TR5dx1.jpg');
INSERT INTO movie_genres (movie_id, genre_id) VALUES (359410, 28);
INSERT INTO movie_genres (movie_id, genre_id) VALUES (359410, 53);
INSERT INTO movies (id, title, release_date, description, poster_path) VALUES (912649, 'Venom: The Last Dance', '2024-10-22', 'Eddie and Venom are on the run. Hunted by both of their worlds and with the net closing in, the duo are forced into a devastating decision that will bring the curtains down on Venom and Eddie''s last dance.', '/vGXptEdgZIhPg3cGlc7e8sNPC2e.jpg');
INSERT INTO movie_genres (movie_id, genre_id) VALUES (912649, 28);
INSERT INTO movie_genres (movie_id, genre_id) VALUES (912649, 878);
INSERT INTO movie_genres (movie_id, genre_id) VALUES (912649, 12);
INSERT INTO movies (id, title, release_date, description, poster_path) VALUES (97, 'Tron', '1982-07-09', 'When brilliant video game maker Flynn hacks the mainframe of his ex-employer, he is beamed inside an astonishing digital world...And becomes part of the very game he is designing. In his mission through cyberspace, Flynn matches wits with a maniacal Master Control Program and teams up with Tron, a security measure created to bring balance to the digital environment.', '/zwSFEczP7AzqugAHHIX3zHniT0t.jpg');
INSERT INTO movie_genres (movie_id, genre_id) VALUES (97, 878);
INSERT INTO movie_genres (movie_id, genre_id) VALUES (97, 28);
INSERT INTO movie_genres (movie_id, genre_id) VALUES (97, 12);
INSERT INTO movies (id, title, release_date, description, poster_path) VALUES (862, 'Toy Story', '1995-11-22', 'Led by Woody, Andy''s toys live happily in his room until Andy''s birthday brings Buzz Lightyear onto the scene. Afraid of losing his place in Andy''s heart, Woody plots against Buzz. But when circumstances separate Buzz and Woody from their owner, the duo eventually learns to put aside their differences.', '/uXDfjJbdP4ijW5hWSBrPrlKpxab.jpg');
INSERT INTO movie_genres (movie_id, genre_id) VALUES (862, 10751);
INSERT INTO movie_genres (movie_id, genre_id) VALUES (862, 35);
INSERT INTO movie_genres (movie_id, genre_id) VALUES (862, 16);
INSERT INTO movie_genres (movie_id, genre_id) VALUES (862, 12);
INSERT INTO movies (id, title, release_date, description, poster_path) VALUES (216015, 'Fifty Shades of Grey', '2015-02-11', 'When college senior Anastasia Steele steps in for her sick roommate to interview prominent businessman Christian Grey for their campus paper, little does she realize the path her life will take. Christian, as enigmatic as he is rich and powerful, finds himself strangely drawn to Ana, and she to him. Though sexually inexperienced, Ana plunges headlong into an affair -- and learns that Christian''s true sexual proclivities push the boundaries of pain and pleasure.', '/63kGofUkt1Mx0SIL4XI4Z5AoSgt.jpg');
INSERT INTO movie_genres (movie_id, genre_id) VALUES (216015, 18);
INSERT INTO movie_genres (movie_id, genre_id) VALUES (216015, 10749);
INSERT INTO movie_genres (movie_id, genre_id) VALUES (216015, 53);
INSERT INTO movies (id, title, release_date, description, poster_path) VALUES (9806, 'The Incredibles', '2004-11-05', 'Bob Parr has given up his superhero days to log in time as an insurance adjuster and raise his three children with his formerly heroic wife in suburbia. But when he receives a mysterious assignment, it''s time to get back into costume.', '/2LqaLgk4Z226KkgPJuiOQ58wvrm.jpg');
INSERT INTO movie_genres (movie_id, genre_id) VALUES (9806, 28);
INSERT INTO movie_genres (movie_id, genre_id) VALUES (9806, 12);
INSERT INTO movie_genres (movie_id, genre_id) VALUES (9806, 16);
INSERT INTO movie_genres (movie_id, genre_id) VALUES (9806, 10751);
INSERT INTO movies (id, title, release_date, description, poster_path) VALUES (674, 'Harry Potter and the Goblet of Fire', '2005-11-16', 'When Harry Potter''s name emerges from the Goblet of Fire, he becomes a competitor in a grueling battle for glory among three wizarding schools—the Triwizard Tournament. But since Harry never submitted his name for the Tournament, who did? Now Harry must confront a deadly dragon, fierce water demons and an enchanted maze only to find himself in the cruel grasp of He Who Must Not Be Named.', '/fECBtHlr0RB3foNHDiCBXeg9Bv9.jpg');
INSERT INTO movie_genres (movie_id, genre_id) VALUES (674, 12);
INSERT INTO movie_genres (movie_id, genre_id) VALUES (674, 14);
INSERT INTO movies (id, title, release_date, description, poster_path) VALUES (822119, 'Captain America: Brave New World', '2025-02-12', 'After meeting with newly elected U.S. President Thaddeus Ross, Sam finds himself in the middle of an international incident. He must discover the reason behind a nefarious global plot before the true mastermind has the entire world seeing red.', '/pzIddUEMWhWzfvLI3TwxUG2wGoi.jpg');
INSERT INTO movie_genres (movie_id, genre_id) VALUES (822119, 28);
INSERT INTO movie_genres (movie_id, genre_id) VALUES (822119, 53);
INSERT INTO movie_genres (movie_id, genre_id) VALUES (822119, 878);
INSERT INTO movies (id, title, release_date, description, poster_path) VALUES (1011985, 'Kung Fu Panda 4', '2024-03-02', 'Po is gearing up to become the spiritual leader of his Valley of Peace, but also needs someone to take his place as Dragon Warrior. As such, he will train a new kung fu practitioner for the spot and will encounter a villain called the Chameleon who conjures villains from the past.', '/kDp1vUBnMpe8ak4rjgl3cLELqjU.jpg');
INSERT INTO movie_genres (movie_id, genre_id) VALUES (1011985, 16);
INSERT INTO movie_genres (movie_id, genre_id) VALUES (1011985, 10751);
INSERT INTO movie_genres (movie_id, genre_id) VALUES (1011985, 28);
INSERT INTO movie_genres (movie_id, genre_id) VALUES (1011985, 35);
INSERT INTO movie_genres (movie_id, genre_id) VALUES (1011985, 12);
INSERT INTO movie_genres (movie_id, genre_id) VALUES (1011985, 14);
INSERT INTO movies (id, title, release_date, description, poster_path) VALUES (1136867, 'Materialists', '2025-06-12', 'A young, ambitious New York City matchmaker finds herself torn between the perfect match and her imperfect ex.', '/eDo0pNruy0Qgj6BdTyHIR4cxHY8.jpg');
INSERT INTO movie_genres (movie_id, genre_id) VALUES (1136867, 10749);
INSERT INTO movie_genres (movie_id, genre_id) VALUES (1136867, 18);
INSERT INTO movies (id, title, release_date, description, poster_path) VALUES (1184918, 'The Wild Robot', '2024-09-12', 'After a shipwreck, an intelligent robot called Roz is stranded on an uninhabited island. To survive the harsh environment, Roz bonds with the island''s animals and cares for an orphaned baby goose.', '/wTnV3PCVW5O92JMrFvvrRcV39RU.jpg');
INSERT INTO movie_genres (movie_id, genre_id) VALUES (1184918, 16);
INSERT INTO movie_genres (movie_id, genre_id) VALUES (1184918, 878);
INSERT INTO movie_genres (movie_id, genre_id) VALUES (1184918, 10751);
INSERT INTO movie_genres (movie_id, genre_id) VALUES (1184918, 18);
INSERT INTO movies (id, title, release_date, description, poster_path) VALUES (597, 'Titanic', '1997-11-18', '101-year-old Rose DeWitt Bukater tells the story of her life aboard the Titanic, 84 years later. A young Rose boards the ship with her mother and fiancé. Meanwhile, Jack Dawson and Fabrizio De Rossi win third-class tickets aboard the ship. Rose tells the whole story from Titanic''s departure through to its death—on its first and last voyage—on April 15, 1912.', '/9xjZS2rlVxm8SFx8kPC3aIGCOYQ.jpg');
INSERT INTO movie_genres (movie_id, genre_id) VALUES (597, 18);
INSERT INTO movie_genres (movie_id, genre_id) VALUES (597, 10749);
INSERT INTO movies (id, title, release_date, description, poster_path) VALUES (122, 'The Lord of the Rings: The Return of the King', '2003-12-17', 'As armies mass for a final battle that will decide the fate of the world--and powerful, ancient forces of Light and Dark compete to determine the outcome--one member of the Fellowship of the Ring is revealed as the noble heir to the throne of the Kings of Men. Yet, the sole hope for triumph over evil lies with a brave hobbit, Frodo, who, accompanied by his loyal friend Sam and the hideous, wretched Gollum, ventures deep into the very dark heart of Mordor on his seemingly impossible quest to destroy the Ring of Power.​', '/rCzpDGLbOoPwLjy3OAm5NUPOTrC.jpg');
INSERT INTO movie_genres (movie_id, genre_id) VALUES (122, 12);
INSERT INTO movie_genres (movie_id, genre_id) VALUES (122, 14);
INSERT INTO movie_genres (movie_id, genre_id) VALUES (122, 28);
INSERT INTO movies (id, title, release_date, description, poster_path) VALUES (1106289, 'The Pickup', '2025-07-27', 'A routine cash pickup takes a wild turn when mismatched armored truck drivers Russell and Travis are ambushed by ruthless criminals led by savvy mastermind Zoe.', '/vFWvWhfAvij8UIngg2Vf6JV95Cr.jpg');
INSERT INTO movie_genres (movie_id, genre_id) VALUES (1106289, 28);
INSERT INTO movie_genres (movie_id, genre_id) VALUES (1106289, 35);
INSERT INTO movie_genres (movie_id, genre_id) VALUES (1106289, 80);
INSERT INTO movies (id, title, release_date, description, poster_path) VALUES (713364, 'Clown in a Cornfield', '2025-05-08', 'Quinn and her father have just moved to the quiet town of Kettle Springs hoping for a fresh start. Instead, she discovers a fractured community that has fallen on hard times after the treasured Baypen Corn Syrup Factory burned down. As the locals bicker amongst themselves and tensions boil over, a sinister, grinning figure emerges from the cornfields to cleanse the town of its burdens, one bloody victim at a time.', '/bghFYMUMEKK6GyTHRA7XVC8uWn6.jpg');
INSERT INTO movie_genres (movie_id, genre_id) VALUES (713364, 27);
INSERT INTO movie_genres (movie_id, genre_id) VALUES (713364, 9648);
INSERT INTO movie_genres (movie_id, genre_id) VALUES (713364, 53);
INSERT INTO movies (id, title, release_date, description, poster_path) VALUES (1376434, 'Predator: Killer of Killers', '2025-06-05', 'While three of the fiercest warriors in human history—a Viking raider, a ninja in feudal Japan, and a WWII pilot—are killers in their own right, they are merely prey for their new opponent: the ultimate killer of killers.', '/2XDQa6EmFHSA37j1t0w88vpWqj9.jpg');
INSERT INTO movie_genres (movie_id, genre_id) VALUES (1376434, 16);
INSERT INTO movie_genres (movie_id, genre_id) VALUES (1376434, 28);
INSERT INTO movie_genres (movie_id, genre_id) VALUES (1376434, 878);
INSERT INTO movie_genres (movie_id, genre_id) VALUES (1376434, 53);
INSERT INTO movies (id, title, release_date, description, poster_path) VALUES (1171296, 'Baltimore', '2024-03-01', 'Based on actual events that took place on 26 April 1974, former debutante turned IRA member Rose Dugdale and three comrades carried out an armed raid on Russborough House, Wicklow, in which nineteen masterpieces were stolen in an effort to support the IRA’s armed struggle. The film plays out over the course of the days following the raid, when Rose is in hiding in a remote cottage.', '/q8SXr3SCtHESHkmO2mFqzqlJ09L.jpg');
INSERT INTO movie_genres (movie_id, genre_id) VALUES (1171296, 53);
INSERT INTO movie_genres (movie_id, genre_id) VALUES (1171296, 36);
INSERT INTO movie_genres (movie_id, genre_id) VALUES (1171296, 18);
INSERT INTO movies (id, title, release_date, description, poster_path) VALUES (673, 'Harry Potter and the Prisoner of Azkaban', '2004-05-31', 'Year three at Hogwarts means new fun and challenges as Harry learns the delicate art of approaching a Hippogriff, transforming shape-shifting Boggarts into hilarity and even turning back time. But the term also brings danger: soul-sucking Dementors hover over the school, an ally of the accursed He-Who-Cannot-Be-Named lurks within the castle walls, and fearsome wizard Sirius Black escapes Azkaban. And Harry will confront them all.', '/aWxwnYoe8p2d2fcxOqtvAtJ72Rw.jpg');
INSERT INTO movie_genres (movie_id, genre_id) VALUES (673, 12);
INSERT INTO movie_genres (movie_id, genre_id) VALUES (673, 14);
INSERT INTO movies (id, title, release_date, description, poster_path) VALUES (762509, 'Mufasa: The Lion King', '2024-12-18', 'Mufasa, a cub lost and alone, meets a sympathetic lion named Taka, the heir to a royal bloodline. The chance meeting sets in motion an expansive journey of a group of misfits searching for their destiny.', '/lurEK87kukWNaHd0zYnsi3yzJrs.jpg');
INSERT INTO movie_genres (movie_id, genre_id) VALUES (762509, 12);
INSERT INTO movie_genres (movie_id, genre_id) VALUES (762509, 10751);
INSERT INTO movie_genres (movie_id, genre_id) VALUES (762509, 16);
INSERT INTO movies (id, title, release_date, description, poster_path) VALUES (1217602, 'London Calling', '2025-09-18', 'After fleeing the UK from a job gone wrong, a down on his luck hitman is forced to babysit the son of his new crime boss and show him how to become a man.', '/cpQ4VxBJO7vGV3IUdKzSNf4tH9V.jpg');
INSERT INTO movie_genres (movie_id, genre_id) VALUES (1217602, 28);
INSERT INTO movie_genres (movie_id, genre_id) VALUES (1217602, 80);
INSERT INTO movie_genres (movie_id, genre_id) VALUES (1217602, 35);
INSERT INTO movie_genres (movie_id, genre_id) VALUES (1217602, 53);
INSERT INTO movies (id, title, release_date, description, poster_path) VALUES (8966, 'Twilight', '2008-11-20', 'When Bella Swan moves to a small town in the Pacific Northwest, she falls in love with Edward Cullen, a mysterious classmate who reveals himself to be a 108-year-old vampire. Despite Edward''s repeated cautions, Bella can''t stay away from him, a fatal move that endangers her own life.', '/3Gkb6jm6962ADUPaCBqzz9CTbn9.jpg');
INSERT INTO movie_genres (movie_id, genre_id) VALUES (8966, 14);
INSERT INTO movie_genres (movie_id, genre_id) VALUES (8966, 18);
INSERT INTO movie_genres (movie_id, genre_id) VALUES (8966, 10749);
INSERT INTO movies (id, title, release_date, description, poster_path) VALUES (808, 'Shrek', '2001-05-18', 'It ain''t easy bein'' green -- especially if you''re a likable (albeit smelly) ogre named Shrek. On a mission to retrieve a gorgeous princess from the clutches of a fire-breathing dragon, Shrek teams up with an unlikely compatriot -- a wisecracking donkey.', '/o04jZs5SXhbvhqO4981W7KJXOWZ.jpg');
INSERT INTO movie_genres (movie_id, genre_id) VALUES (808, 16);
INSERT INTO movie_genres (movie_id, genre_id) VALUES (808, 35);
INSERT INTO movie_genres (movie_id, genre_id) VALUES (808, 14);
INSERT INTO movie_genres (movie_id, genre_id) VALUES (808, 12);
INSERT INTO movie_genres (movie_id, genre_id) VALUES (808, 10751);
INSERT INTO movies (id, title, release_date, description, poster_path) VALUES (539972, 'Kraven the Hunter', '2024-12-11', 'Kraven Kravinoff''s complex relationship with his ruthless gangster father, Nikolai, starts him down a path of vengeance with brutal consequences, motivating him to become not only the greatest hunter in the world, but also one of its most feared.', '/i47IUSsN126K11JUzqQIOi1Mg1M.jpg');
INSERT INTO movie_genres (movie_id, genre_id) VALUES (539972, 28);
INSERT INTO movie_genres (movie_id, genre_id) VALUES (539972, 12);
INSERT INTO movie_genres (movie_id, genre_id) VALUES (539972, 53);
INSERT INTO movies (id, title, release_date, description, poster_path) VALUES (1285965, 'Dangerous Animals', '2025-06-05', 'A savvy and free-spirited surfer is abducted by a shark-obsessed serial killer. Held captive on his boat, she must figure out how to escape before he carries out a ritualistic feeding to the sharks below.', '/oQJ1PKLIE2gF5cr3xwjLCvv4jcU.jpg');
INSERT INTO movie_genres (movie_id, genre_id) VALUES (1285965, 27);
INSERT INTO movie_genres (movie_id, genre_id) VALUES (1285965, 53);
INSERT INTO movies (id, title, release_date, description, poster_path) VALUES (1084242, 'Zootopia 2', '2025-11-26', 'After cracking the biggest case in Zootopia''s history, rookie cops Judy Hopps and Nick Wilde find their partnership isn''t as solid as they thought when Chief Bogo orders them to join the Partners in Crisis counseling program. But it doesn''t take long for their partnership to be put to the ultimate test when they find themselves on the twisting trail of a mystery tied to the arrival of a venomous snake in the animal metropolis.', '/5YoeDZiEUHvqGCpO1JuN45a1PEc.jpg');
INSERT INTO movie_genres (movie_id, genre_id) VALUES (1084242, 10751);
INSERT INTO movie_genres (movie_id, genre_id) VALUES (1084242, 35);
INSERT INTO movie_genres (movie_id, genre_id) VALUES (1084242, 80);
INSERT INTO movie_genres (movie_id, genre_id) VALUES (1084242, 12);
INSERT INTO movie_genres (movie_id, genre_id) VALUES (1084242, 16);
INSERT INTO movie_genres (movie_id, genre_id) VALUES (1084242, 9648);
INSERT INTO movies (id, title, release_date, description, poster_path) VALUES (1367575, 'A Line of Fire', '2025-04-05', 'After working as a secret agent in the FBI for ten years, Jack ''Cash'' Conry left it all behind after his wife passed in order to dedicate himself to his two daughters. Despite a fulfilling life at home, Cash misses the chance to make an impact and has been considering a return to the force. The decision is made for him when his old partner’s niece Jamie calls him for help, launching Cash right back into a world of danger, corruption and intrigue.', '/jSG2mg1998DUAam6X9EA6SeJmqD.jpg');
INSERT INTO movie_genres (movie_id, genre_id) VALUES (1367575, 28);
INSERT INTO movie_genres (movie_id, genre_id) VALUES (1367575, 53);
INSERT INTO movies (id, title, release_date, description, poster_path) VALUES (537915, 'After', '2019-04-11', 'Tessa Young is a dedicated student, dutiful daughter and loyal girlfriend to her high school sweetheart. Entering her first semester of college, Tessa''s guarded world opens up when she meets Hardin Scott, a mysterious and brooding rebel who makes her question all she thought she knew about herself -- and what she wants out of life.', '/u3B2YKUjWABcxXZ6Nm9h10hLUbh.jpg');
INSERT INTO movie_genres (movie_id, genre_id) VALUES (537915, 10749);
INSERT INTO movie_genres (movie_id, genre_id) VALUES (537915, 18);
INSERT INTO movies (id, title, release_date, description, poster_path) VALUES (512198, 'Dead Bride', '2025-01-09', 'After her father’s death, Alyson, her partner Richard and their baby return to her childhood home. Following a few shocking supernatural events, Alyson discovers that she and her family have been living with a terrible curse, unleashed in the past by a bride killed by Alyson’s grandfather. Soon after Alyson’s child disappears and she has no choice but to embark on a frightening journey into the underworld, to free herself from the bride’s curse and to look for her daughter.', '/6JKx00vSLzKX3jSMJIhpwPU9Qzq.jpg');
INSERT INTO movie_genres (movie_id, genre_id) VALUES (512198, 27);
INSERT INTO movie_genres (movie_id, genre_id) VALUES (512198, 53);
INSERT INTO movies (id, title, release_date, description, poster_path) VALUES (615457, 'Nobody', '2021-03-18', 'Hutch Mansell, a suburban dad, overlooked husband, nothing neighbor — a "nobody." When two thieves break into his home one night, Hutch''s unknown long-simmering rage is ignited and propels him on a brutal path that will uncover dark secrets he fought to leave behind.', '/oBgWY00bEFeZ9N25wWVyuQddbAo.jpg');
INSERT INTO movie_genres (movie_id, genre_id) VALUES (615457, 28);
INSERT INTO movie_genres (movie_id, genre_id) VALUES (615457, 53);
INSERT INTO movies (id, title, release_date, description, poster_path) VALUES (1084199, 'Companion', '2025-01-22', 'During a weekend getaway at a secluded lakeside estate, a group of friends finds themselves entangled in a web of secrets, deception, and advanced technology. As tensions rise and loyalties are tested, they uncover unsettling truths about themselves and the world around them.', '/oCoTgC3UyWGfyQ9thE10ulWR7bn.jpg');
INSERT INTO movie_genres (movie_id, genre_id) VALUES (1084199, 27);
INSERT INTO movie_genres (movie_id, genre_id) VALUES (1084199, 878);
INSERT INTO movie_genres (movie_id, genre_id) VALUES (1084199, 53);
INSERT INTO movies (id, title, release_date, description, poster_path) VALUES (550, 'Fight Club', '1999-10-15', 'A ticking-time-bomb insomniac and a slippery soap salesman channel primal male aggression into a shocking new form of therapy. Their concept catches on, with underground "fight clubs" forming in every town, until an eccentric gets in the way and ignites an out-of-control spiral toward oblivion.', '/pB8BM7pdSp6B6Ih7QZ4DrQ3PmJK.jpg');
INSERT INTO movie_genres (movie_id, genre_id) VALUES (550, 18);
INSERT INTO movie_genres (movie_id, genre_id) VALUES (550, 53);
INSERT INTO movies (id, title, release_date, description, poster_path) VALUES (315635, 'Spider-Man: Homecoming', '2017-07-05', 'Following the events of Captain America: Civil War, Peter Parker, with the help of his mentor Tony Stark, tries to balance his life as an ordinary high school student in Queens, New York City, with fighting crime as his superhero alter ego Spider-Man as a new threat, the Vulture, emerges.', '/c24sv2weTHPsmDa7jEMN0m2P3RT.jpg');
INSERT INTO movie_genres (movie_id, genre_id) VALUES (315635, 28);
INSERT INTO movie_genres (movie_id, genre_id) VALUES (315635, 12);
INSERT INTO movie_genres (movie_id, genre_id) VALUES (315635, 878);
INSERT INTO movies (id, title, release_date, description, poster_path) VALUES (1517772, 'Unknown Number: The High School Catfish', '2025-08-28', 'Vulgar, taunting texts blow up the phones of a teen and her boyfriend. Who''s sending them — and why? This twisty documentary reveals the shocking answer.', '/nu3LtgefE2lsgYw1hxHZFoBXk9U.jpg');
INSERT INTO movie_genres (movie_id, genre_id) VALUES (1517772, 99);
INSERT INTO movies (id, title, release_date, description, poster_path) VALUES (1087891, 'The Amateur', '2025-04-09', 'After his life is turned upside down when his wife is killed in a London terrorist attack, a brilliant but introverted CIA decoder takes matters into his own hands when his supervisors refuse to take action.', '/SNEoUInCa5fAgwuEBMIMBGvkkh.jpg');
INSERT INTO movie_genres (movie_id, genre_id) VALUES (1087891, 53);
INSERT INTO movie_genres (movie_id, genre_id) VALUES (1087891, 28);
INSERT INTO movies (id, title, release_date, description, poster_path) VALUES (22, 'Pirates of the Caribbean: The Curse of the Black Pearl', '2003-07-09', 'After Port Royal is attacked and pillaged by a mysterious pirate crew, capturing the governor''s daughter Elizabeth Swann in the process, William Turner asks free-willing pirate Jack Sparrow to help him locate the crew''s ship—The Black Pearl—so that he can rescue the woman he loves.', '/z8onk7LV9Mmw6zKz4hT6pzzvmvl.jpg');
INSERT INTO movie_genres (movie_id, genre_id) VALUES (22, 12);
INSERT INTO movie_genres (movie_id, genre_id) VALUES (22, 14);
INSERT INTO movie_genres (movie_id, genre_id) VALUES (22, 28);
INSERT INTO movies (id, title, release_date, description, poster_path) VALUES (1337562, 'Splitsville', '2025-08-21', 'After Ashley asks for a divorce, good-natured Carey runs to his friends, Julie and Paul, for support. He’s shocked to discover that the secret to their happiness is an open marriage, that is until Carey crosses the line and throws all of their relationships into chaos.', '/gxCv6kUdywxYzIXX6xYcmX5APUV.jpg');
INSERT INTO movie_genres (movie_id, genre_id) VALUES (1337562, 35);
INSERT INTO movies (id, title, release_date, description, poster_path) VALUES (106646, 'The Wolf of Wall Street', '2013-12-25', 'A New York stockbroker refuses to cooperate in a large securities fraud case involving corruption on Wall Street, corporate banking world and mob infiltration. Based on Jordan Belfort''s autobiography.', '/kW9LmvYHAaS9iA0tHmZVq8hQYoq.jpg');
INSERT INTO movie_genres (movie_id, genre_id) VALUES (106646, 80);
INSERT INTO movie_genres (movie_id, genre_id) VALUES (106646, 18);
INSERT INTO movie_genres (movie_id, genre_id) VALUES (106646, 35);
INSERT INTO movies (id, title, release_date, description, poster_path) VALUES (361743, 'Top Gun: Maverick', '2022-05-21', 'After more than thirty years of service as one of the Navy’s top aviators, and dodging the advancement in rank that would ground him, Pete “Maverick” Mitchell finds himself training a detachment of TOP GUN graduates for a specialized mission the likes of which no living pilot has ever seen.', '/62HCnUTziyWcpDaBO2i1DX17ljH.jpg');
INSERT INTO movie_genres (movie_id, genre_id) VALUES (361743, 28);
INSERT INTO movie_genres (movie_id, genre_id) VALUES (361743, 18);
INSERT INTO movies (id, title, release_date, description, poster_path) VALUES (603692, 'John Wick: Chapter 4', '2023-03-22', 'With the price on his head ever increasing, John Wick uncovers a path to defeating The High Table. But before he can earn his freedom, Wick must face off against a new enemy with powerful alliances across the globe and forces that turn old friends into foes.', '/vZloFAK7NmvMGKE7VkF5UHaz0I.jpg');
INSERT INTO movie_genres (movie_id, genre_id) VALUES (603692, 28);
INSERT INTO movie_genres (movie_id, genre_id) VALUES (603692, 53);
INSERT INTO movie_genres (movie_id, genre_id) VALUES (603692, 80);
INSERT INTO movies (id, title, release_date, description, poster_path) VALUES (1159939, 'The Partisan', '2025-10-03', 'A Polish spy working for the British during World War II is betrayed and compromised in Warsaw, leaving her no other choice but to descend into a dangerous world of treachery and deception in order to survive.', '/a6AMhzCY0vlnO9KSbawvGg7c2y.jpg');
INSERT INTO movie_genres (movie_id, genre_id) VALUES (1159939, 36);
INSERT INTO movie_genres (movie_id, genre_id) VALUES (1159939, 10752);
INSERT INTO movie_genres (movie_id, genre_id) VALUES (1159939, 53);
INSERT INTO movies (id, title, release_date, description, poster_path) VALUES (1865, 'Pirates of the Caribbean: On Stranger Tides', '2011-05-15', 'Captain Jack Sparrow crosses paths with a woman from his past, and he''s not sure if it''s love — or if she''s a ruthless con artist who''s using him to find the fabled Fountain of Youth. When she forces him aboard the Queen Anne''s Revenge, the ship of the formidable pirate Blackbeard, Jack finds himself on an unexpected adventure in which he doesn''t know who to fear more: Blackbeard or the woman from his past.', '/keGfSvCmYj7CvdRx36OdVrAEibE.jpg');
INSERT INTO movie_genres (movie_id, genre_id) VALUES (1865, 12);
INSERT INTO movie_genres (movie_id, genre_id) VALUES (1865, 28);
INSERT INTO movie_genres (movie_id, genre_id) VALUES (1865, 14);
INSERT INTO movies (id, title, release_date, description, poster_path) VALUES (297762, 'Wonder Woman', '2017-05-30', 'An Amazon princess comes to the world of Man in the grips of the First World War to confront the forces of evil and bring an end to human conflict.', '/v4ncgZjG2Zu8ZW5al1vIZTsSjqX.jpg');
INSERT INTO movie_genres (movie_id, genre_id) VALUES (297762, 28);
INSERT INTO movie_genres (movie_id, genre_id) VALUES (297762, 12);
INSERT INTO movie_genres (movie_id, genre_id) VALUES (297762, 14);
INSERT INTO movies (id, title, release_date, description, poster_path) VALUES (1024592, 'God''s Not Dead: In God We Trust', '2024-09-12', 'In a time of profound political, civil, and spiritual turmoil, Reverend David Hill grapples with the crucial question: Does God still have a place in politics? Compelled to enter a congressional race after the sudden death of a favored incumbent, David faces off against state senator Peter Kane, a formidable opponent determined to push religion out of the public square and cause greater divide.', '/hMLnHK0DuMciSHWkXQz6V4xg9Of.jpg');
INSERT INTO movie_genres (movie_id, genre_id) VALUES (1024592, 18);
INSERT INTO movies (id, title, release_date, description, poster_path) VALUES (438631, 'Dune', '2021-09-15', 'Paul Atreides, a brilliant and gifted young man born into a great destiny beyond his understanding, must travel to the most dangerous planet in the universe to ensure the future of his family and his people. As malevolent forces explode into conflict over the planet''s exclusive supply of the most precious resource in existence-a commodity capable of unlocking humanity''s greatest potential-only those who can conquer their fear will survive.', '/d5NXSklXo0qyIYkgV94XAgMIckC.jpg');
INSERT INTO movie_genres (movie_id, genre_id) VALUES (438631, 878);
INSERT INTO movie_genres (movie_id, genre_id) VALUES (438631, 12);
INSERT INTO movies (id, title, release_date, description, poster_path) VALUES (569094, 'Spider-Man: Across the Spider-Verse', '2023-05-31', 'After reuniting with Gwen Stacy, Brooklyn’s full-time, friendly neighborhood Spider-Man is catapulted across the Multiverse, where he encounters the Spider Society, a team of Spider-People charged with protecting the Multiverse’s very existence. But when the heroes clash on how to handle a new threat, Miles finds himself pitted against the other Spiders and must set out on his own to save those he loves most.', '/8Vt6mWEReuy4Of61Lnj5Xj704m8.jpg');
INSERT INTO movie_genres (movie_id, genre_id) VALUES (569094, 16);
INSERT INTO movie_genres (movie_id, genre_id) VALUES (569094, 28);
INSERT INTO movie_genres (movie_id, genre_id) VALUES (569094, 12);
INSERT INTO movie_genres (movie_id, genre_id) VALUES (569094, 878);
INSERT INTO movies (id, title, release_date, description, poster_path) VALUES (675, 'Harry Potter and the Order of the Phoenix', '2007-07-08', 'Returning for his fifth year of study at Hogwarts, Harry is stunned to find that his warnings about the return of Lord Voldemort have been ignored. Left with no choice, Harry takes matters into his own hands, training a small group of students to defend themselves against the dark arts.', '/5aOyriWkPec0zUDxmHFP9qMmBaj.jpg');
INSERT INTO movie_genres (movie_id, genre_id) VALUES (675, 12);
INSERT INTO movie_genres (movie_id, genre_id) VALUES (675, 14);
INSERT INTO movies (id, title, release_date, description, poster_path) VALUES (269149, 'Zootopia', '2016-02-11', 'Determined to prove herself, Officer Judy Hopps, the first bunny on Zootopia''s police force, jumps at the chance to crack her first case - even if it means partnering with scam-artist fox Nick Wilde to solve the mystery.', '/hlK0e0wAQ3VLuJcsfIYPvb4JVud.jpg');
INSERT INTO movie_genres (movie_id, genre_id) VALUES (269149, 16);
INSERT INTO movie_genres (movie_id, genre_id) VALUES (269149, 12);
INSERT INTO movie_genres (movie_id, genre_id) VALUES (269149, 10751);
INSERT INTO movie_genres (movie_id, genre_id) VALUES (269149, 35);
INSERT INTO movies (id, title, release_date, description, poster_path) VALUES (1083420, 'Adulthood', '2025-09-19', 'The lives of two siblings are completely upended when they discover a dead body, long buried in their parent’s basement, sending them down a rabbit hole of crime and murder.', '/a40Gi0Zq4Ecqu3obmOp6TSgEne1.jpg');
INSERT INTO movie_genres (movie_id, genre_id) VALUES (1083420, 35);
INSERT INTO movie_genres (movie_id, genre_id) VALUES (1083420, 80);
INSERT INTO movie_genres (movie_id, genre_id) VALUES (1083420, 18);
INSERT INTO movie_genres (movie_id, genre_id) VALUES (1083420, 9648);
INSERT INTO movies (id, title, release_date, description, poster_path) VALUES (12444, 'Harry Potter and the Deathly Hallows: Part 1', '2010-11-17', 'Harry, Ron and Hermione walk away from their last year at Hogwarts to find and destroy the remaining Horcruxes, putting an end to Voldemort''s bid for immortality. But with Harry''s beloved Dumbledore dead and Voldemort''s unscrupulous Death Eaters on the loose, the world is more dangerous than ever.', '/iGoXIpQb7Pot00EEdwpwPajheZ5.jpg');
INSERT INTO movie_genres (movie_id, genre_id) VALUES (12444, 12);
INSERT INTO movie_genres (movie_id, genre_id) VALUES (12444, 14);
INSERT INTO movies (id, title, release_date, description, poster_path) VALUES (845781, 'Red One', '2024-10-31', 'After Santa Claus (codename: Red One) is kidnapped, the North Pole''s Head of Security must team up with the world''s most infamous tracker in a globe-trotting, action-packed mission to save Christmas.', '/cdqLnri3NEGcmfnqwk2TSIYtddg.jpg');
INSERT INTO movie_genres (movie_id, genre_id) VALUES (845781, 28);
INSERT INTO movie_genres (movie_id, genre_id) VALUES (845781, 35);
INSERT INTO movie_genres (movie_id, genre_id) VALUES (845781, 14);
INSERT INTO movies (id, title, release_date, description, poster_path) VALUES (58, 'Pirates of the Caribbean: Dead Man''s Chest', '2006-07-06', 'Captain Jack Sparrow races to recover the heart of Davy Jones to avoid enslaving his soul to Jones'' service, as other friends and foes seek the heart for their own agenda as well.', '/lAhcKRt0ggTFkeFL95jrGQYaRXs.jpg');
INSERT INTO movie_genres (movie_id, genre_id) VALUES (58, 12);
INSERT INTO movie_genres (movie_id, genre_id) VALUES (58, 14);
INSERT INTO movie_genres (movie_id, genre_id) VALUES (58, 28);
INSERT INTO movies (id, title, release_date, description, poster_path) VALUES (70196, 'The Veteran', '2011-04-29', 'Soldier Robert Miller returns home from Afghanistan unable to fit back into society. Living on a violent council estate and finding work in undercover surveillance, he becomes obsessed with taking down a group of local gangsters who are intrinsically tied to a suspected terrorist cell. Taking the situation into his own hands, Robert embarks on a brutal quest for justice, with devastating consequences.', '/i1gSsXTWtCmNQArmIeUpAysHEmi.jpg');
INSERT INTO movie_genres (movie_id, genre_id) VALUES (70196, 28);
INSERT INTO movie_genres (movie_id, genre_id) VALUES (70196, 80);
INSERT INTO movie_genres (movie_id, genre_id) VALUES (70196, 53);
INSERT INTO movies (id, title, release_date, description, poster_path) VALUES (1359977, 'Conjuring the Cult', '2024-10-01', 'After discovering his blood-soaked daughter dead in the bathtub, David Bryson attends a self-help group to help save him from his ghostly nightmares. But when a group of mysterious cult-like women offer to help him resurrect his daughter. David''s choices will not just decide his fate... but the fate of his dead daughter''s SOUL.', '/t4MiAeYpjL7saYvqvcn9xtOfA4K.jpg');
INSERT INTO movie_genres (movie_id, genre_id) VALUES (1359977, 27);
INSERT INTO movie_genres (movie_id, genre_id) VALUES (1359977, 18);
INSERT INTO movies (id, title, release_date, description, poster_path) VALUES (337167, 'Fifty Shades Freed', '2018-01-17', 'Believing they have left behind shadowy figures from their past, newlyweds Christian and Ana fully embrace an inextricable connection and shared life of luxury. But just as she steps into her role as Mrs. Grey and he relaxes into an unfamiliar stability, new threats could jeopardize their happy ending before it even begins.', '/jjPJ4s3DWZZvI4vw8Xfi4Vqa1Q8.jpg');
INSERT INTO movie_genres (movie_id, genre_id) VALUES (337167, 18);
INSERT INTO movie_genres (movie_id, genre_id) VALUES (337167, 10749);
INSERT INTO movies (id, title, release_date, description, poster_path) VALUES (926606, 'The Home', '2025-07-24', 'A troubled man starts working at a retirement home and realizes its residents and caretakers harbor sinister secrets. As he investigates the building and its forbidden fourth floor, he starts to uncover connections to his own past and upbringing as a foster child.', '/v8oSjAv37tWWzPlk2YfvZz55F9Z.jpg');
INSERT INTO movie_genres (movie_id, genre_id) VALUES (926606, 27);
INSERT INTO movie_genres (movie_id, genre_id) VALUES (926606, 9648);
INSERT INTO movie_genres (movie_id, genre_id) VALUES (926606, 53);
INSERT INTO movies (id, title, release_date, description, poster_path) VALUES (1034541, 'Terrifier 3', '2024-10-09', 'Five years after surviving Art the Clown''s Halloween massacre, Sienna and Jonathan are still struggling to rebuild their shattered lives. As the holiday season approaches, they try to embrace the Christmas spirit and leave the horrors of the past behind. But just when they think they''re safe, Art returns, determined to turn their holiday cheer into a new nightmare. The festive season quickly unravels as Art unleashes his twisted brand of terror, proving that no holiday is safe.', '/ju10W5gl3PPK3b7TjEmVOZap51I.jpg');
INSERT INTO movie_genres (movie_id, genre_id) VALUES (1034541, 27);
INSERT INTO movie_genres (movie_id, genre_id) VALUES (1034541, 53);
INSERT INTO movies (id, title, release_date, description, poster_path) VALUES (603, 'The Matrix', '1999-03-31', 'Set in the 22nd century, The Matrix tells the story of a computer hacker who joins a group of underground insurgents fighting the vast and powerful computers who now rule the earth.', '/p96dm7sCMn4VYAStA6siNz30G1r.jpg');
INSERT INTO movie_genres (movie_id, genre_id) VALUES (603, 28);
INSERT INTO movie_genres (movie_id, genre_id) VALUES (603, 878);
INSERT INTO movies (id, title, release_date, description, poster_path) VALUES (346698, 'Barbie', '2023-07-19', 'Barbie and Ken are having the time of their lives in the colorful and seemingly perfect world of Barbie Land. However, when they get a chance to go to the real world, they soon discover the joys and perils of living among humans.', '/iuFNMS8U5cb6xfzi51Dbkovj7vM.jpg');
INSERT INTO movie_genres (movie_id, genre_id) VALUES (346698, 35);
INSERT INTO movie_genres (movie_id, genre_id) VALUES (346698, 12);
INSERT INTO movies (id, title, release_date, description, poster_path) VALUES (10439, 'Hocus Pocus', '1993-07-16', 'After 300 years of slumber, three sister witches are accidentally resurrected in Salem on Halloween night, and it is up to three kids and their newfound feline friend to put an end to the witches'' reign of terror once and for all.', '/by4D4Q9NlUjFSEUA1yrxq6ksXmk.jpg');
INSERT INTO movie_genres (movie_id, genre_id) VALUES (10439, 14);
INSERT INTO movie_genres (movie_id, genre_id) VALUES (10439, 35);
INSERT INTO movie_genres (movie_id, genre_id) VALUES (10439, 10751);
INSERT INTO movies (id, title, release_date, description, poster_path) VALUES (502356, 'The Super Mario Bros. Movie', '2023-04-05', 'While working underground to fix a water main, Brooklyn plumbers—and brothers—Mario and Luigi are transported down a mysterious pipe and wander into a magical new world. But when the brothers are separated, Mario embarks on an epic quest to find Luigi.', '/qNBAXBIQlnOThrVvA6mA2B5ggV6.jpg');
INSERT INTO movie_genres (movie_id, genre_id) VALUES (502356, 10751);
INSERT INTO movie_genres (movie_id, genre_id) VALUES (502356, 14);
INSERT INTO movie_genres (movie_id, genre_id) VALUES (502356, 35);
INSERT INTO movie_genres (movie_id, genre_id) VALUES (502356, 12);
INSERT INTO movie_genres (movie_id, genre_id) VALUES (502356, 16);
INSERT INTO movies (id, title, release_date, description, poster_path) VALUES (767, 'Harry Potter and the Half-Blood Prince', '2009-07-15', 'As Lord Voldemort tightens his grip on both the Muggle and wizarding worlds, Hogwarts is no longer a safe haven. Harry suspects perils may even lie within the castle, but Dumbledore is more intent upon preparing him for the final battle fast approaching. Together they work to find the key to unlock Voldemorts defenses and to this end, Dumbledore recruits his old friend and colleague Horace Slughorn, whom he believes holds crucial information. Even as the decisive showdown looms, romance blossoms for Harry, Ron, Hermione and their classmates. Love is in the air, but danger lies ahead and Hogwarts may never be the same again.', '/z7uo9zmQdQwU5ZJHFpv2Upl30i1.jpg');
INSERT INTO movie_genres (movie_id, genre_id) VALUES (767, 12);
INSERT INTO movie_genres (movie_id, genre_id) VALUES (767, 14);
INSERT INTO movies (id, title, release_date, description, poster_path) VALUES (558449, 'Gladiator II', '2024-11-13', 'Years after witnessing the death of the revered hero Maximus at the hands of his uncle, Lucius is forced to enter the Colosseum after his home is conquered by the tyrannical Emperors who now lead Rome with an iron fist. With rage in his heart and the future of the Empire at stake, Lucius must look to his past to find strength and honor to return the glory of Rome to its people.', '/2cxhvwyEwRlysAmRH4iodkvo0z5.jpg');
INSERT INTO movie_genres (movie_id, genre_id) VALUES (558449, 28);
INSERT INTO movie_genres (movie_id, genre_id) VALUES (558449, 12);
INSERT INTO movie_genres (movie_id, genre_id) VALUES (558449, 18);
INSERT INTO movies (id, title, release_date, description, poster_path) VALUES (872585, 'Oppenheimer', '2023-07-19', 'The story of J. Robert Oppenheimer''s role in the development of the atomic bomb during World War II.', '/8Gxv8gSFCU0XGDykEGv7zR1n2ua.jpg');
INSERT INTO movie_genres (movie_id, genre_id) VALUES (872585, 18);
INSERT INTO movie_genres (movie_id, genre_id) VALUES (872585, 36);
INSERT INTO movies (id, title, release_date, description, poster_path) VALUES (68721, 'Iron Man 3', '2013-04-18', 'When Tony Stark''s world is torn apart by a formidable terrorist called the Mandarin, he starts an odyssey of rebuilding and retribution.', '/qhPtAc1TKbMPqNvcdXSOn9Bn7hZ.jpg');
INSERT INTO movie_genres (movie_id, genre_id) VALUES (68721, 28);
INSERT INTO movie_genres (movie_id, genre_id) VALUES (68721, 12);
INSERT INTO movie_genres (movie_id, genre_id) VALUES (68721, 878);
INSERT INTO movies (id, title, release_date, description, poster_path) VALUES (436969, 'The Suicide Squad', '2021-06-06', 'Supervillains Harley Quinn, Bloodsport, Peacemaker and a collection of nutty cons at Belle Reve prison join the super-secret, super-shady Task Force X as they are dropped off at the remote, enemy-infused island of Corto Maltese.', '/q61qEyssk2ku3okWICKArlAdhBn.jpg');
INSERT INTO movie_genres (movie_id, genre_id) VALUES (436969, 28);
INSERT INTO movie_genres (movie_id, genre_id) VALUES (436969, 35);
INSERT INTO movie_genres (movie_id, genre_id) VALUES (436969, 12);
INSERT INTO movies (id, title, release_date, description, poster_path) VALUES (855262, 'Pinball: The Man Who Saved the Game', '2023-03-17', 'The dramatic comedy is based on the true story of writer and pinball wizard Roger Sharpe, chronicling his journey to overturn New York City’s 35-year ban on pinball.', '/gjGphbx4ZDwAYYWImpY427KGw7B.jpg');
INSERT INTO movie_genres (movie_id, genre_id) VALUES (855262, 35);
INSERT INTO movie_genres (movie_id, genre_id) VALUES (855262, 18);
INSERT INTO movie_genres (movie_id, genre_id) VALUES (855262, 36);
INSERT INTO movie_genres (movie_id, genre_id) VALUES (855262, 10749);
INSERT INTO movies (id, title, release_date, description, poster_path) VALUES (49051, 'The Hobbit: An Unexpected Journey', '2012-12-12', 'Bilbo Baggins, a hobbit enjoying his quiet life, is swept into an epic quest by Gandalf the Grey and thirteen dwarves who seek to reclaim their mountain home from Smaug, the dragon.', '/yHA9Fc37VmpUA5UncTxxo3rTGVA.jpg');
INSERT INTO movie_genres (movie_id, genre_id) VALUES (49051, 12);
INSERT INTO movie_genres (movie_id, genre_id) VALUES (49051, 14);
INSERT INTO movie_genres (movie_id, genre_id) VALUES (49051, 28);
INSERT INTO movies (id, title, release_date, description, poster_path) VALUES (976573, 'Elemental', '2023-06-14', 'In a city where fire, water, land and air residents live together, a fiery young woman and a go-with-the-flow guy will discover something elemental: how much they have in common.', '/4Y1WNkd88JXmGfhtWR7dmDAo1T2.jpg');
INSERT INTO movie_genres (movie_id, genre_id) VALUES (976573, 10751);
INSERT INTO movie_genres (movie_id, genre_id) VALUES (976573, 14);
INSERT INTO movie_genres (movie_id, genre_id) VALUES (976573, 35);
INSERT INTO movie_genres (movie_id, genre_id) VALUES (976573, 10749);
INSERT INTO movie_genres (movie_id, genre_id) VALUES (976573, 16);
INSERT INTO movies (id, title, release_date, description, poster_path) VALUES (12445, 'Harry Potter and the Deathly Hallows: Part 2', '2011-07-12', 'Harry, Ron and Hermione continue their quest to vanquish the evil Voldemort once and for all. Just as things begin to look hopeless for the young wizards, Harry discovers a trio of magical objects that endow him with powers to rival Voldemort''s formidable skills.', '/c54HpQmuwXjHq2C9wmoACjxoom3.jpg');
INSERT INTO movie_genres (movie_id, genre_id) VALUES (12445, 14);
INSERT INTO movie_genres (movie_id, genre_id) VALUES (12445, 12);
INSERT INTO movies (id, title, release_date, description, poster_path) VALUES (997892, 'The Island of Lost Girls', '2024-12-19', 'Three young sisters live in a house waiting to be adopted, and more importantly, not to be separated. With nothing left to lose, they decide to take a day off and escape to the beach.', '/eteV3jMCCXKuUSl4rgjATzu4GuO.jpg');
INSERT INTO movie_genres (movie_id, genre_id) VALUES (997892, 10751);
INSERT INTO movie_genres (movie_id, genre_id) VALUES (997892, 12);
INSERT INTO movie_genres (movie_id, genre_id) VALUES (997892, 53);
INSERT INTO movies (id, title, release_date, description, poster_path) VALUES (348, 'Alien', '1979-05-25', 'During its return to the earth, commercial spaceship Nostromo intercepts a distress signal from a distant planet. When a three-member team of the crew discovers a chamber containing thousands of eggs on the planet, a creature inside one of the eggs attacks an explorer. The entire crew is unaware of the impending nightmare set to descend upon them when the alien parasite planted inside its unfortunate host is birthed.', '/vfrQk5IPloGg1v9Rzbh2Eg3VGyM.jpg');
INSERT INTO movie_genres (movie_id, genre_id) VALUES (348, 27);
INSERT INTO movie_genres (movie_id, genre_id) VALUES (348, 878);
INSERT INTO movies (id, title, release_date, description, poster_path) VALUES (121, 'The Lord of the Rings: The Two Towers', '2002-12-18', 'Frodo Baggins and the other members of the Fellowship continue on their sacred quest to destroy the One Ring--but on separate paths. Their destinies lie at two towers--Orthanc Tower in Isengard, where the corrupt wizard Saruman awaits, and Sauron''s fortress at Barad-dur, deep within the dark lands of Mordor. Frodo and Sam are trekking to Mordor to destroy the One Ring of Power while Gimli, Legolas and Aragorn search for the orc-captured Merry and Pippin. All along, nefarious wizard Saruman awaits the Fellowship members at the Orthanc Tower in Isengard.', '/5VTN0pR8gcqV3EPUHHfMGnJYN9L.jpg');
INSERT INTO movie_genres (movie_id, genre_id) VALUES (121, 12);
INSERT INTO movie_genres (movie_id, genre_id) VALUES (121, 14);
INSERT INTO movie_genres (movie_id, genre_id) VALUES (121, 28);
INSERT INTO movies (id, title, release_date, description, poster_path) VALUES (1215020, 'American Sweatshop', '2025-09-19', 'A content moderator is tasked with purging offensive media from the internet. When she witnesses a crime in a video, she is lured away from the safety of her keyboard as she obsessively seeks to hold someone accountable.', '/zUXz9LHeU82S3n2pJhiEifOOei5.jpg');
INSERT INTO movie_genres (movie_id, genre_id) VALUES (1215020, 53);
INSERT INTO movie_genres (movie_id, genre_id) VALUES (1215020, 9648);
INSERT INTO movies (id, title, release_date, description, poster_path) VALUES (823464, 'Godzilla x Kong: The New Empire', '2024-03-27', 'Following their explosive showdown, Godzilla and Kong must reunite against a colossal undiscovered threat hidden within our world, challenging their very existence – and our own.', '/z1p34vh7dEOnLDmyCrlUVLuoDzd.jpg');
INSERT INTO movie_genres (movie_id, genre_id) VALUES (823464, 28);
INSERT INTO movie_genres (movie_id, genre_id) VALUES (823464, 12);
INSERT INTO movie_genres (movie_id, genre_id) VALUES (823464, 878);
INSERT INTO movies (id, title, release_date, description, poster_path) VALUES (557, 'Spider-Man', '2002-05-01', 'After being bitten by a genetically altered spider at Oscorp, nerdy but endearing high school student Peter Parker is endowed with amazing powers to become the superhero known as Spider-Man.', '/gh4cZbhZxyTbgxQPxD0dOudNPTn.jpg');
INSERT INTO movie_genres (movie_id, genre_id) VALUES (557, 28);
INSERT INTO movie_genres (movie_id, genre_id) VALUES (557, 878);
INSERT INTO movies (id, title, release_date, description, poster_path) VALUES (1530127, 'Lookout', '2025-09-02', 'Seeking peace away from her turbulent life, a young woman accepts a job as a fire lookout at a remote wilderness tower. As she settles into her new role, eerie disturbances and strange occurrences begin to unfold, and she must uncover the chilling secrets that disrupt her isolation before it’s too late.', '/puQMWEXZ9wpqwniz9ac3MTAe6BB.jpg');
INSERT INTO movie_genres (movie_id, genre_id) VALUES (1530127, 53);
INSERT INTO movie_genres (movie_id, genre_id) VALUES (1530127, 878);
INSERT INTO movie_genres (movie_id, genre_id) VALUES (1530127, 27);
INSERT INTO movies (id, title, release_date, description, poster_path) VALUES (866398, 'The Beekeeper', '2024-01-08', 'One man''s campaign for vengeance takes on national stakes after he is revealed to be a former operative of a powerful and clandestine organization known as Beekeepers.', '/A7EByudX0eOzlkQ2FIbogzyazm2.jpg');
INSERT INTO movie_genres (movie_id, genre_id) VALUES (866398, 28);
INSERT INTO movie_genres (movie_id, genre_id) VALUES (866398, 80);
INSERT INTO movie_genres (movie_id, genre_id) VALUES (866398, 53);
INSERT INTO movies (id, title, release_date, description, poster_path) VALUES (629542, 'The Bad Guys', '2022-03-17', 'When the Bad Guys, a crew of criminal animals, are finally caught after years of heists and being the world’s most-wanted villains, Mr. Wolf brokers a deal to save them all from prison.', '/7qop80YfuO0BwJa1uXk1DXUUEwv.jpg');
INSERT INTO movie_genres (movie_id, genre_id) VALUES (629542, 10751);
INSERT INTO movie_genres (movie_id, genre_id) VALUES (629542, 35);
INSERT INTO movie_genres (movie_id, genre_id) VALUES (629542, 80);
INSERT INTO movie_genres (movie_id, genre_id) VALUES (629542, 12);
INSERT INTO movie_genres (movie_id, genre_id) VALUES (629542, 16);
INSERT INTO movie_genres (movie_id, genre_id) VALUES (629542, 28);
INSERT INTO movies (id, title, release_date, description, poster_path) VALUES (260513, 'Incredibles 2', '2018-06-14', 'Elastigirl springs into action to save the day, while Mr. Incredible faces his greatest challenge yet – taking care of the problems of his three children.', '/9lFKBtaVIhP7E2Pk0IY1CwTKTMZ.jpg');
INSERT INTO movie_genres (movie_id, genre_id) VALUES (260513, 28);
INSERT INTO movie_genres (movie_id, genre_id) VALUES (260513, 12);
INSERT INTO movie_genres (movie_id, genre_id) VALUES (260513, 16);
INSERT INTO movie_genres (movie_id, genre_id) VALUES (260513, 10751);
INSERT INTO movies (id, title, release_date, description, poster_path) VALUES (575264, 'Mission: Impossible - Dead Reckoning Part One', '2023-07-08', 'Ethan Hunt and his IMF team embark on their most dangerous mission yet: To track down a terrifying new weapon that threatens all of humanity before it falls into the wrong hands. With control of the future and the world''s fate at stake and dark forces from Ethan''s past closing in, a deadly race around the globe begins. Confronted by a mysterious, all-powerful enemy, Ethan must consider that nothing can matter more than his mission—not even the lives of those he cares about most.', '/NNxYkU70HPurnNCSiCjYAmacwm.jpg');
INSERT INTO movie_genres (movie_id, genre_id) VALUES (575264, 28);
INSERT INTO movie_genres (movie_id, genre_id) VALUES (575264, 12);
INSERT INTO movie_genres (movie_id, genre_id) VALUES (575264, 53);
INSERT INTO movies (id, title, release_date, description, poster_path) VALUES (177572, 'Big Hero 6', '2014-10-24', 'A special bond develops between plus-sized inflatable robot Baymax, and prodigy Hiro Hamada, who team up with a group of friends to form a band of high-tech heroes.', '/2mxS4wUimwlLmI1xp6QW6NSU361.jpg');
INSERT INTO movie_genres (movie_id, genre_id) VALUES (177572, 12);
INSERT INTO movie_genres (movie_id, genre_id) VALUES (177572, 10751);
INSERT INTO movie_genres (movie_id, genre_id) VALUES (177572, 16);
INSERT INTO movie_genres (movie_id, genre_id) VALUES (177572, 28);
INSERT INTO movie_genres (movie_id, genre_id) VALUES (177572, 35);
INSERT INTO movies (id, title, release_date, description, poster_path) VALUES (1280282, 'Gabby''s Dollhouse: The Movie', '2025-09-13', 'Gabby heads out on a road trip with her Grandma Gigi to the urban wonderland of Cat Francisco. But when Gabby''s dollhouse, her most prized possession, ends up in the hands of an eccentric cat lady named Vera, Gabby sets off on an adventure through the real world to get the Gabby Cats back together and save the dollhouse before it''s too late.', '/t6LLguAmu6iZUN8pWhT7Q0IcaQ5.jpg');
INSERT INTO movie_genres (movie_id, genre_id) VALUES (1280282, 10751);
INSERT INTO movie_genres (movie_id, genre_id) VALUES (1280282, 35);
INSERT INTO movie_genres (movie_id, genre_id) VALUES (1280282, 12);
INSERT INTO movie_genres (movie_id, genre_id) VALUES (1280282, 16);
INSERT INTO movies (id, title, release_date, description, poster_path) VALUES (693134, 'Dune: Part Two', '2024-02-27', 'Follow the mythic journey of Paul Atreides as he unites with Chani and the Fremen while on a path of revenge against the conspirators who destroyed his family. Facing a choice between the love of his life and the fate of the known universe, Paul endeavors to prevent a terrible future only he can foresee.', '/1pdfLvkbY9ohJlCjQH2CZjjYVvJ.jpg');
INSERT INTO movie_genres (movie_id, genre_id) VALUES (693134, 878);
INSERT INTO movie_genres (movie_id, genre_id) VALUES (693134, 12);
INSERT INTO movies (id, title, release_date, description, poster_path) VALUES (1064213, 'Anora', '2024-10-14', 'A young sex worker from Brooklyn gets her chance at a Cinderella story when she meets and impulsively marries the son of an oligarch. Once the news reaches Russia, her fairytale is threatened as his parents set out to get the marriage annulled.', '/davwb31ZFhBUrZuRlxk8meRfATI.jpg');
INSERT INTO movie_genres (movie_id, genre_id) VALUES (1064213, 18);
INSERT INTO movie_genres (movie_id, genre_id) VALUES (1064213, 35);
INSERT INTO movie_genres (movie_id, genre_id) VALUES (1064213, 10749);
INSERT INTO movies (id, title, release_date, description, poster_path) VALUES (1426776, 'STRAW', '2025-06-05', 'What will be her last straw? A devastatingly bad day pushes a hardworking single mother to the breaking point — and into a shocking act of desperation.', '/t3cmnXYtxJb9vVL1ThvT2CWSe1n.jpg');
INSERT INTO movie_genres (movie_id, genre_id) VALUES (1426776, 53);
INSERT INTO movie_genres (movie_id, genre_id) VALUES (1426776, 18);
INSERT INTO movie_genres (movie_id, genre_id) VALUES (1426776, 80);
INSERT INTO movies (id, title, release_date, description, poster_path) VALUES (27, '9 Songs', '2004-07-16', 'Matt, a young glaciologist, soars across the vast, silent, icebound immensities of the South Pole as he recalls his love affair with Lisa. They meet at a mobbed rock concert in a vast music hall - London''s Brixton Academy. They are in bed at night''s end. Together, over a period of several months, they pursue a mutual sexual passion whose inevitable stages unfold in counterpoint to nine live-concert songs.', '/91O7z0vo7MiNWd5xD2BoivwbQsb.jpg');
INSERT INTO movie_genres (movie_id, genre_id) VALUES (27, 18);
INSERT INTO movie_genres (movie_id, genre_id) VALUES (27, 10402);
INSERT INTO movie_genres (movie_id, genre_id) VALUES (27, 10749);
INSERT INTO movies (id, title, release_date, description, poster_path) VALUES (1443260, 'Rob1n', '2025-03-20', 'When a robotics expert channels the grief of losing his 11 year-old son into building ''Robin'', a fully functioning robotic doll, a series of horrific events makes it clear Robin will do whatever it takes to have his creator all to himself.', '/5lJ2ftNE18iYGCdOQsQirzHHtnX.jpg');
INSERT INTO movie_genres (movie_id, genre_id) VALUES (1443260, 27);
INSERT INTO movie_genres (movie_id, genre_id) VALUES (1443260, 53);
INSERT INTO movies (id, title, release_date, description, poster_path) VALUES (1124620, 'The Monkey', '2025-02-14', 'When twin brothers find a mysterious wind-up monkey, a series of outrageous deaths tear their family apart. Twenty-five years later, the monkey begins a new killing spree forcing the estranged brothers to confront the cursed toy.', '/yYa8Onk9ow7ukcnfp2QWVvjWYel.jpg');
INSERT INTO movie_genres (movie_id, genre_id) VALUES (1124620, 27);
INSERT INTO movie_genres (movie_id, genre_id) VALUES (1124620, 35);
INSERT INTO movies (id, title, release_date, description, poster_path) VALUES (843527, 'The Idea of You', '2024-05-02', '40-year-old single mom Solène begins an unexpected romance with 24-year-old Hayes Campbell, the lead singer of August Moon, the hottest boy band on the planet. As they begin a whirlwind romance, it isn''t long before Hayes'' superstar status poses unavoidable challenges to their relationship, and Solène soon discovers that life in the glare of his spotlight might be more than she bargained for.', '/Y5P4Q3q8nrruZ9aD3wXeJS2Plg.jpg');
INSERT INTO movie_genres (movie_id, genre_id) VALUES (843527, 10749);
INSERT INTO movie_genres (movie_id, genre_id) VALUES (843527, 18);
INSERT INTO movie_genres (movie_id, genre_id) VALUES (843527, 35);
INSERT INTO movies (id, title, release_date, description, poster_path) VALUES (807, 'Se7en', '1995-09-22', 'Two homicide detectives are on a desperate hunt for a serial killer whose crimes are based on the "seven deadly sins" in this dark and haunting film that takes viewers from the tortured remains of one victim to the next. The seasoned Det. Somerset researches each sin in an effort to get inside the killer''s mind, while his novice partner, Mills, scoffs at his efforts to unravel the case.', '/191nKfP0ehp3uIvWqgPbFmI4lv9.jpg');
INSERT INTO movie_genres (movie_id, genre_id) VALUES (807, 80);
INSERT INTO movie_genres (movie_id, genre_id) VALUES (807, 9648);
INSERT INTO movie_genres (movie_id, genre_id) VALUES (807, 53);
INSERT INTO movies (id, title, release_date, description, poster_path) VALUES (414906, 'The Batman', '2022-03-01', 'In his second year of fighting crime, Batman uncovers corruption in Gotham City that connects to his own family while facing a serial killer known as the Riddler.', '/74xTEgt7R36Fpooo50r9T25onhq.jpg');
INSERT INTO movie_genres (movie_id, genre_id) VALUES (414906, 80);
INSERT INTO movie_genres (movie_id, genre_id) VALUES (414906, 9648);
INSERT INTO movie_genres (movie_id, genre_id) VALUES (414906, 53);
INSERT INTO movies (id, title, release_date, description, poster_path) VALUES (1241436, 'Warfare', '2025-04-09', 'A platoon of Navy SEALs embarks on a dangerous mission in Ramadi, Iraq, with the chaos and brotherhood of war retold through their memories of the event.', '/srj9rYrjefyWqkLc6l2xjTGeBGO.jpg');
INSERT INTO movie_genres (movie_id, genre_id) VALUES (1241436, 10752);
INSERT INTO movie_genres (movie_id, genre_id) VALUES (1241436, 28);
INSERT INTO movies (id, title, release_date, description, poster_path) VALUES (439079, 'The Nun', '2018-09-05', 'A priest with a dark past and a novice nearing her final vows are sent by the Vatican to Romania to investigate a nun''s death and face a demonic force.', '/sFC1ElvoKGdHJIWRpNB3xWJ9lJA.jpg');
INSERT INTO movie_genres (movie_id, genre_id) VALUES (439079, 27);
INSERT INTO movies (id, title, release_date, description, poster_path) VALUES (447273, 'Snow White', '2025-03-19', 'Following the benevolent King''s disappearance, the Evil Queen dominated the once fair land with a cruel streak. Princess Snow White flees the castle when the Queen, in her jealousy over Snow White''s inner beauty, tries to kill her. Deep into the dark woods, she stumbles upon seven magical dwarves and a young bandit named Jonathan. Together, they strive to survive the Queen''s relentless pursuit and aspire to take back the kingdom.', '/xWWg47tTfparvjK0WJNX4xL8lW2.jpg');
INSERT INTO movie_genres (movie_id, genre_id) VALUES (447273, 10751);
INSERT INTO movie_genres (movie_id, genre_id) VALUES (447273, 14);
INSERT INTO movies (id, title, release_date, description, poster_path) VALUES (299534, 'Avengers: Endgame', '2019-04-24', 'After the devastating events of Avengers: Infinity War, the universe is in ruins due to the efforts of the Mad Titan, Thanos. With the help of remaining allies, the Avengers must assemble once more in order to undo Thanos'' actions and restore order to the universe once and for all, no matter what consequences may be in store.', '/ulzhLuWrPK07P1YkdWQLZnQh1JL.jpg');
INSERT INTO movie_genres (movie_id, genre_id) VALUES (299534, 12);
INSERT INTO movie_genres (movie_id, genre_id) VALUES (299534, 878);
INSERT INTO movie_genres (movie_id, genre_id) VALUES (299534, 28);
INSERT INTO movies (id, title, release_date, description, poster_path) VALUES (228150, 'Fury', '2014-10-15', 'April, 1945. As the Allies make their final push in the European Theatre, a battle-hardened army sergeant named Wardaddy commands a Sherman tank and her five-man crew on a deadly mission behind enemy lines. Outnumbered and outgunned, and with a rookie soldier thrust into their platoon, Wardaddy and his men face overwhelming odds in their heroic attempts to strike at the heart of Nazi Germany.', '/pfte7wdMobMF4CVHuOxyu6oqeeA.jpg');
INSERT INTO movie_genres (movie_id, genre_id) VALUES (228150, 10752);
INSERT INTO movie_genres (movie_id, genre_id) VALUES (228150, 18);
INSERT INTO movie_genres (movie_id, genre_id) VALUES (228150, 28);
INSERT INTO movies (id, title, release_date, description, poster_path) VALUES (539, 'Psycho', '1960-06-22', 'When larcenous real estate clerk Marion Crane goes on the lam with a wad of cash and hopes of starting a new life, she ends up at the notorious Bates Motel, where manager Norman Bates cares for his housebound mother.', '/yz4QVqPx3h1hD1DfqqQkCq3rmxW.jpg');
INSERT INTO movie_genres (movie_id, genre_id) VALUES (539, 27);
INSERT INTO movie_genres (movie_id, genre_id) VALUES (539, 53);
INSERT INTO movie_genres (movie_id, genre_id) VALUES (539, 9648);
INSERT INTO movies (id, title, release_date, description, poster_path) VALUES (680, 'Pulp Fiction', '1994-09-10', 'A burger-loving hit man, his philosophical partner, a drug-addled gangster''s moll and a washed-up boxer converge in this sprawling, comedic crime caper. Their adventures unfurl in three stories that ingeniously trip back and forth in time.', '/vQWk5YBFWF4bZaofAbv0tShwBvQ.jpg');
INSERT INTO movie_genres (movie_id, genre_id) VALUES (680, 53);
INSERT INTO movie_genres (movie_id, genre_id) VALUES (680, 80);
INSERT INTO movie_genres (movie_id, genre_id) VALUES (680, 35);
INSERT INTO movie_genres (movie_id, genre_id) VALUES (680, 18);
INSERT INTO movies (id, title, release_date, description, poster_path) VALUES (585, 'Monsters, Inc.', '2001-11-01', 'Lovable Sulley and his wisecracking sidekick Mike Wazowski are the top scare team at Monsters, Inc., the scream-processing factory in Monstropolis. When a little girl named Boo wanders into their world, it''s the monsters who are scared silly, and it''s up to Sulley and Mike to keep her out of sight and get her back home.', '/wFSpyMsp7H0ttERbxY7Trlv8xry.jpg');
INSERT INTO movie_genres (movie_id, genre_id) VALUES (585, 16);
INSERT INTO movie_genres (movie_id, genre_id) VALUES (585, 35);
INSERT INTO movie_genres (movie_id, genre_id) VALUES (585, 10751);
INSERT INTO movies (id, title, release_date, description, poster_path) VALUES (16869, 'Inglourious Basterds', '2009-08-02', 'In Nazi-occupied France during World War II, a group of Jewish-American soldiers known as "The Basterds" are chosen specifically to spread fear throughout the Third Reich by scalping and brutally killing Nazis. The Basterds, lead by Lt. Aldo Raine soon cross paths with a French-Jewish teenage girl who runs a movie theater in Paris which is targeted by the soldiers.', '/7sfbEnaARXDDhKm0CZ7D7uc2sbo.jpg');
INSERT INTO movie_genres (movie_id, genre_id) VALUES (16869, 18);
INSERT INTO movie_genres (movie_id, genre_id) VALUES (16869, 53);
INSERT INTO movie_genres (movie_id, genre_id) VALUES (16869, 10752);
INSERT INTO movies (id, title, release_date, description, poster_path) VALUES (1010756, 'The Strangers: Chapter 2', '2025-09-25', 'When The Strangers learn that one of their victims, Maya, is still alive, they return to finish what they’ve started.', '/pqADzs5SJvI2jC0DThPVMuNJcWS.jpg');
INSERT INTO movie_genres (movie_id, genre_id) VALUES (1010756, 27);
INSERT INTO movie_genres (movie_id, genre_id) VALUES (1010756, 53);
INSERT INTO movies (id, title, release_date, description, poster_path) VALUES (240, 'The Godfather Part II', '1974-12-20', 'In the continuing saga of the Corleone crime family, a young Vito Corleone grows up in Sicily and in 1910s New York. In the 1950s, Michael Corleone attempts to expand the family business into Las Vegas, Hollywood and Cuba.', '/hek3koDUyRQk7FIhPXsa6mT2Zc3.jpg');
INSERT INTO movie_genres (movie_id, genre_id) VALUES (240, 18);
INSERT INTO movie_genres (movie_id, genre_id) VALUES (240, 80);
INSERT INTO movies (id, title, release_date, description, poster_path) VALUES (846422, 'The Old Guard 2', '2025-07-01', 'Andy and her team of immortal warriors fight with renewed purpose as they face a powerful new foe threatening their mission to protect humanity.', '/wqfu3bPLJaEWJVk3QOm0rKhxf1A.jpg');
INSERT INTO movie_genres (movie_id, genre_id) VALUES (846422, 28);
INSERT INTO movie_genres (movie_id, genre_id) VALUES (846422, 14);
INSERT INTO movies (id, title, release_date, description, poster_path) VALUES (18785, 'The Hangover', '2009-06-02', 'When three friends finally come to after a raucous night of bachelor-party revelry, they find a baby in the closet and a tiger in the bathroom. But they can''t seem to locate their best friend, Doug – who''s supposed to be tying the knot. Launching a frantic search for Doug, the trio perseveres through a nasty hangover to try to make it to the church on time.', '/A0uS9rHR56FeBtpjVki16M5xxSW.jpg');
INSERT INTO movie_genres (movie_id, genre_id) VALUES (18785, 35);
INSERT INTO movies (id, title, release_date, description, poster_path) VALUES (13, 'Forrest Gump', '1994-06-23', 'A man with a low IQ has accomplished great things in his life and been present during significant historic events—in each case, far exceeding what anyone imagined he could do. But despite all he has achieved, his one true love eludes him.', '/saHP97rTPS5eLmrLQEcANmKrsFl.jpg');
INSERT INTO movie_genres (movie_id, genre_id) VALUES (13, 35);
INSERT INTO movie_genres (movie_id, genre_id) VALUES (13, 18);
INSERT INTO movie_genres (movie_id, genre_id) VALUES (13, 10749);
INSERT INTO movies (id, title, release_date, description, poster_path) VALUES (748783, 'The Garfield Movie', '2024-04-30', 'Garfield, the world-famous, Monday-hating, lasagna-loving indoor cat, is about to have a wild outdoor adventure! After an unexpected reunion with his long-lost father – scruffy street cat Vic – Garfield and his canine friend Odie are forced from their perfectly pampered life into joining Vic in a hilarious, high-stakes heist.', '/xYduFGuch9OwbCOEUiamml18ZoB.jpg');
INSERT INTO movie_genres (movie_id, genre_id) VALUES (748783, 10751);
INSERT INTO movie_genres (movie_id, genre_id) VALUES (748783, 35);
INSERT INTO movie_genres (movie_id, genre_id) VALUES (748783, 12);
INSERT INTO movie_genres (movie_id, genre_id) VALUES (748783, 16);
INSERT INTO movies (id, title, release_date, description, poster_path) VALUES (1058537, 'Angels Fallen: Warriors of Peace', '2024-07-09', 'When an Iraq War veteran receives a calling from a higher power, he embarks on a mission to stop a fallen angel from raising an army of the dead to take over the world.', '/dKdKUSGQ9E0G73WPr9xIHrofpkT.jpg');
INSERT INTO movie_genres (movie_id, genre_id) VALUES (1058537, 27);
INSERT INTO movie_genres (movie_id, genre_id) VALUES (1058537, 28);
INSERT INTO movie_genres (movie_id, genre_id) VALUES (1058537, 14);
INSERT INTO movie_genres (movie_id, genre_id) VALUES (1058537, 12);
INSERT INTO movies (id, title, release_date, description, poster_path) VALUES (283995, 'Guardians of the Galaxy Vol. 2', '2017-04-19', 'The Guardians must fight to keep their newfound family together as they unravel the mysteries of Peter Quill''s true parentage.', '/y4MBh0EjBlMuOzv9axM4qJlmhzz.jpg');
INSERT INTO movie_genres (movie_id, genre_id) VALUES (283995, 878);
INSERT INTO movie_genres (movie_id, genre_id) VALUES (283995, 12);
INSERT INTO movie_genres (movie_id, genre_id) VALUES (283995, 28);
INSERT INTO movies (id, title, release_date, description, poster_path) VALUES (605722, 'Long Distance', '2024-07-12', 'After crash-landing on an alien planet, an asteroid miner must contend with the challenges of his new surroundings, while making his way across the harsh terrain to the only other survivor – a woman who is trapped in her escape pod.', '/m5NKltgQqqyoWJNuK18IqEGRG7J.jpg');
INSERT INTO movie_genres (movie_id, genre_id) VALUES (605722, 878);
INSERT INTO movie_genres (movie_id, genre_id) VALUES (605722, 35);
INSERT INTO movie_genres (movie_id, genre_id) VALUES (605722, 28);
INSERT INTO movies (id, title, release_date, description, poster_path) VALUES (501989, 'Ode to Joy', '2019-09-08', 'Charlie suffers from a serious disease that causes acute narcolepsy whenever he is happy. Although he develops a variety of techniques to deny himself pleasure and deal with his sleep issues, they’re put to the test when he falls in love.', '/tpYPids0rVYTrtEjKPeXWZNwBk3.jpg');
INSERT INTO movie_genres (movie_id, genre_id) VALUES (501989, 35);
INSERT INTO movie_genres (movie_id, genre_id) VALUES (501989, 18);
INSERT INTO movie_genres (movie_id, genre_id) VALUES (501989, 10749);
INSERT INTO movies (id, title, release_date, description, poster_path) VALUES (210577, 'Gone Girl', '2014-10-01', 'With his wife''s disappearance having become the focus of an intense media circus, a man sees the spotlight turned on him when it''s suspected that he may not be innocent.', '/ts996lKsxvjkO2yiYG0ht4qAicO.jpg');
INSERT INTO movie_genres (movie_id, genre_id) VALUES (210577, 9648);
INSERT INTO movie_genres (movie_id, genre_id) VALUES (210577, 53);
INSERT INTO movie_genres (movie_id, genre_id) VALUES (210577, 18);
INSERT INTO movies (id, title, release_date, description, poster_path) VALUES (324857, 'Spider-Man: Into the Spider-Verse', '2018-12-06', 'Struggling to find his place in the world while juggling school and family, Brooklyn teenager Miles Morales is unexpectedly bitten by a radioactive spider and develops unfathomable powers just like the one and only Spider-Man. While wrestling with the implications of his new abilities, Miles discovers a super collider created by the madman Wilson "Kingpin" Fisk, causing others from across the Spider-Verse to be inadvertently transported to his dimension.', '/iiZZdoQBEYBv6id8su7ImL0oCbD.jpg');
INSERT INTO movie_genres (movie_id, genre_id) VALUES (324857, 16);
INSERT INTO movie_genres (movie_id, genre_id) VALUES (324857, 28);
INSERT INTO movie_genres (movie_id, genre_id) VALUES (324857, 12);
INSERT INTO movie_genres (movie_id, genre_id) VALUES (324857, 878);
INSERT INTO movies (id, title, release_date, description, poster_path) VALUES (429617, 'Spider-Man: Far From Home', '2019-06-28', 'Peter Parker and his friends go on a summer trip to Europe. However, they will hardly be able to rest - Peter will have to agree to help Nick Fury uncover the mystery of creatures that cause natural disasters and destruction throughout the continent.', '/4q2NNj4S5dG2RLF9CpXsej7yXl.jpg');
INSERT INTO movie_genres (movie_id, genre_id) VALUES (429617, 28);
INSERT INTO movie_genres (movie_id, genre_id) VALUES (429617, 12);
INSERT INTO movie_genres (movie_id, genre_id) VALUES (429617, 878);
INSERT INTO movies (id, title, release_date, description, poster_path) VALUES (842924, 'The Life of Chuck', '2025-06-05', 'In this extraordinary story of an ordinary man, Charles ''Chuck'' Krantz experiences the wonder of love, the heartbreak of loss, and the multitudes contained in all of us.', '/oumprkO9bThExP8NwxBIBnvBu2v.jpg');
INSERT INTO movie_genres (movie_id, genre_id) VALUES (842924, 14);
INSERT INTO movie_genres (movie_id, genre_id) VALUES (842924, 18);
INSERT INTO movies (id, title, release_date, description, poster_path) VALUES (490132, 'Green Book', '2018-11-16', 'Tony Lip, a bouncer in 1962, is hired to drive pianist Don Shirley on a tour through the Deep South in the days when African Americans, forced to find alternate accommodations and services due to segregation laws below the Mason-Dixon Line, relied on a guide called The Negro Motorist Green Book.', '/7BsvSuDQuoqhWmU2fL7W2GOcZHU.jpg');
INSERT INTO movie_genres (movie_id, genre_id) VALUES (490132, 18);
INSERT INTO movie_genres (movie_id, genre_id) VALUES (490132, 35);
INSERT INTO movie_genres (movie_id, genre_id) VALUES (490132, 36);
INSERT INTO movies (id, title, release_date, description, poster_path) VALUES (2062, 'Ratatouille', '2007-06-28', 'Remy, a resident of Paris, appreciates good food and has quite a sophisticated palate. He would love to become a chef so he can create and enjoy culinary masterpieces to his heart''s delight. The only problem is, Remy is a rat. When he winds up in the sewer beneath one of Paris'' finest restaurants, the rodent gourmet finds himself ideally placed to realize his dream.', '/t3vaWRPSf6WjDSamIkKDs1iQWna.jpg');
INSERT INTO movie_genres (movie_id, genre_id) VALUES (2062, 16);
INSERT INTO movie_genres (movie_id, genre_id) VALUES (2062, 35);
INSERT INTO movie_genres (movie_id, genre_id) VALUES (2062, 10751);
INSERT INTO movie_genres (movie_id, genre_id) VALUES (2062, 14);
INSERT INTO movies (id, title, release_date, description, poster_path) VALUES (67515, 'Luther the Geek', '1989-07-01', 'A psychotic killer convicted of multiple murders is released on parole after spending twenty years in prison. His psychosis immediately takes over and he goes on a killing spree.', '/iD0VRF0QQtbV0dQfpvUsbK4FGqK.jpg');
INSERT INTO movie_genres (movie_id, genre_id) VALUES (67515, 27);
INSERT INTO movie_genres (movie_id, genre_id) VALUES (67515, 35);
INSERT INTO movies (id, title, release_date, description, poster_path) VALUES (1097549, 'Babygirl', '2024-12-25', 'A high-powered CEO puts her career and family on the line when she begins a torrid affair with her much younger intern.', '/ilwO6elz3mLV9CToT7C8pjVeKX0.jpg');
INSERT INTO movie_genres (movie_id, genre_id) VALUES (1097549, 18);
INSERT INTO movie_genres (movie_id, genre_id) VALUES (1097549, 10749);
INSERT INTO movies (id, title, release_date, description, poster_path) VALUES (1202479, 'Opus', '2025-03-13', 'A young writer is invited to the remote compound of a legendary pop star who mysteriously disappeared thirty years ago. Surrounded by the star''s cult of sycophants and intoxicated journalists, she finds herself in the middle of his twisted plan.', '/m0du9dsiOVeb0SgfqR8ZAEPRxww.jpg');
INSERT INTO movie_genres (movie_id, genre_id) VALUES (1202479, 27);
INSERT INTO movie_genres (movie_id, genre_id) VALUES (1202479, 9648);
INSERT INTO movie_genres (movie_id, genre_id) VALUES (1202479, 53);
INSERT INTO movies (id, title, release_date, description, poster_path) VALUES (573435, 'Bad Boys: Ride or Die', '2024-06-05', 'After their late former Captain is framed, Lowrey and Burnett try to clear his name, only to end up on the run themselves.', '/oGythE98MYleE6mZlGs5oBGkux1.jpg');
INSERT INTO movie_genres (movie_id, genre_id) VALUES (573435, 28);
INSERT INTO movie_genres (movie_id, genre_id) VALUES (573435, 35);
INSERT INTO movie_genres (movie_id, genre_id) VALUES (573435, 80);
INSERT INTO movie_genres (movie_id, genre_id) VALUES (573435, 53);
INSERT INTO movie_genres (movie_id, genre_id) VALUES (573435, 12);
INSERT INTO movies (id, title, release_date, description, poster_path) VALUES (170, '28 Days Later', '2002-10-31', 'Twenty-eight days after a killer virus was accidentally unleashed from a British research facility, a small group of London survivors are caught in a desperate struggle to protect themselves from the infected. Carried by animals and humans, the virus turns those it infects into homicidal maniacs -- and it''s absolutely impossible to contain.', '/sQckQRt17VaWbo39GIu0TMOiszq.jpg');
INSERT INTO movie_genres (movie_id, genre_id) VALUES (170, 27);
INSERT INTO movie_genres (movie_id, genre_id) VALUES (170, 53);
INSERT INTO movie_genres (movie_id, genre_id) VALUES (170, 878);
INSERT INTO movies (id, title, release_date, description, poster_path) VALUES (146233, 'Prisoners', '2013-09-19', 'Keller Dover is facing every parent’s worst nightmare. His six-year-old daughter, Anna, is missing, together with her young friend, Joy, and as minutes turn to hours, panic sets in. The only lead is a dilapidated RV that had earlier been parked on their street.', '/jsS3a3ep2KyBVmmiwaz3LvK49b1.jpg');
INSERT INTO movie_genres (movie_id, genre_id) VALUES (146233, 18);
INSERT INTO movie_genres (movie_id, genre_id) VALUES (146233, 53);
INSERT INTO movie_genres (movie_id, genre_id) VALUES (146233, 80);
INSERT INTO movies (id, title, release_date, description, poster_path) VALUES (285, 'Pirates of the Caribbean: At World''s End', '2007-05-19', 'Will Turner and Elizabeth Swann join forces with the revived Captain Barbossa to free Jack Sparrow from Davy Jones'' locker. The group must navigate dangerous waters, confront many foes and, ultimately, choose sides in a battle wherein piracy itself hangs in the balance.', '/jGWpG4YhpQwVmjyHEGkxEkeRf0S.jpg');
INSERT INTO movie_genres (movie_id, genre_id) VALUES (285, 12);
INSERT INTO movie_genres (movie_id, genre_id) VALUES (285, 14);
INSERT INTO movie_genres (movie_id, genre_id) VALUES (285, 28);
INSERT INTO movies (id, title, release_date, description, poster_path) VALUES (1227003, 'Shadow of God', '2025-03-26', 'While performing an unauthorized exorcism on his father, an elite exorcist suspects the entity he''s doing battle with might be a holy being – perhaps even God.', '/vi6LF8rTdU4DeYrXTtUBqG9gFnX.jpg');
INSERT INTO movie_genres (movie_id, genre_id) VALUES (1227003, 27);
INSERT INTO movies (id, title, release_date, description, poster_path) VALUES (1153714, 'Death of a Unicorn', '2025-03-27', 'A father and daughter accidentally hit and kill a unicorn while en route to a weekend retreat, where his billionaire boss seeks to exploit the creature’s miraculous curative properties.', '/xWlF2i51zUq7BUq4iJte1g9NyIM.jpg');
INSERT INTO movie_genres (movie_id, genre_id) VALUES (1153714, 27);
INSERT INTO movie_genres (movie_id, genre_id) VALUES (1153714, 14);
INSERT INTO movie_genres (movie_id, genre_id) VALUES (1153714, 35);
INSERT INTO movies (id, title, release_date, description, poster_path) VALUES (559, 'Spider-Man 3', '2007-05-01', 'The seemingly invincible Spider-Man goes up against an all-new crop of villains—including the shape-shifting Sandman. While Spider-Man’s superpowers are altered by an alien organism, his alter ego, Peter Parker, deals with nemesis Eddie Brock and also gets caught up in a love triangle.', '/qFmwhVUoUSXjkKRmca5yGDEXBIj.jpg');
INSERT INTO movie_genres (movie_id, genre_id) VALUES (559, 28);
INSERT INTO movie_genres (movie_id, genre_id) VALUES (559, 12);
INSERT INTO movie_genres (movie_id, genre_id) VALUES (559, 878);
INSERT INTO movies (id, title, release_date, description, poster_path) VALUES (81467, 'Laura''s Toys', '1975-01-01', 'Archaeologist Walter and his wife Laura are working at a dig on a small island off the coast of Sweden. One day Laura catches Walter having a go at it with his sexy assistant, Anna. Laura calls in her old friend--and former lesbian lover--Hanni to help get her revenge on Walter by having she and Hanni seduce Anna.', '/rqzupBGrChmHG5Wl6wy5vI0V3Vz.jpg');
INSERT INTO movie_genres (movie_id, genre_id) VALUES (81467, 18);
INSERT INTO movies (id, title, release_date, description, poster_path) VALUES (426063, 'Nosferatu', '2024-12-25', 'A gothic tale of obsession between a haunted young woman and the terrifying vampire infatuated with her, causing untold horror in its wake.', '/5qGIxdEO841C0tdY8vOdLoRVrr0.jpg');
INSERT INTO movie_genres (movie_id, genre_id) VALUES (426063, 27);
INSERT INTO movie_genres (movie_id, genre_id) VALUES (426063, 14);
INSERT INTO movies (id, title, release_date, description, poster_path) VALUES (105, 'Back to the Future', '1985-07-03', 'Eighties teenager Marty McFly is accidentally sent back in time to 1955, inadvertently disrupting his parents'' first meeting and attracting his mother''s romantic interest. Marty must repair the damage to history by rekindling his parents'' romance and - with the help of his eccentric inventor friend Doc Brown - return to 1985.', '/vN5B5WgYscRGcQpVhHl6p9DDTP0.jpg');
INSERT INTO movie_genres (movie_id, genre_id) VALUES (105, 12);
INSERT INTO movie_genres (movie_id, genre_id) VALUES (105, 35);
INSERT INTO movie_genres (movie_id, genre_id) VALUES (105, 878);
INSERT INTO movies (id, title, release_date, description, poster_path) VALUES (1124619, 'Bride Hard', '2025-06-19', 'Sam is a secret agent whose toughest mission to date is pleasing her bride-to-be best friend at a lavish destination wedding. When a team of mercenaries crashes the party and takes the guests hostage, Sam is thrown into a fight unlike any before — one where she can’t risk blowing her cover or ruining the big day. As she takes on the bad guys in a high-stakes battle disguised as a fairy-tale affair, she realizes the real threat might be closer than she thinks.', '/3mExdWLSxAiUCb4NMcYmxSkO7n4.jpg');
INSERT INTO movie_genres (movie_id, genre_id) VALUES (1124619, 28);
INSERT INTO movie_genres (movie_id, genre_id) VALUES (1124619, 35);
INSERT INTO movies (id, title, release_date, description, poster_path) VALUES (447365, 'Guardians of the Galaxy Vol. 3', '2023-05-03', 'Peter Quill, still reeling from the loss of Gamora, must rally his team around him to defend the universe along with protecting one of their own. A mission that, if not completed successfully, could quite possibly lead to the end of the Guardians as we know them.', '/r2J02Z2OpNTctfOSN1Ydgii51I3.jpg');
INSERT INTO movie_genres (movie_id, genre_id) VALUES (447365, 878);
INSERT INTO movie_genres (movie_id, genre_id) VALUES (447365, 12);
INSERT INTO movie_genres (movie_id, genre_id) VALUES (447365, 28);
INSERT INTO movie_genres (movie_id, genre_id) VALUES (447365, 35);
INSERT INTO movies (id, title, release_date, description, poster_path) VALUES (1072790, 'Anyone But You', '2023-12-21', 'After an amazing first date, Bea and Ben’s fiery attraction turns ice cold — until they find themselves unexpectedly reunited at a destination wedding in Australia. So they do what any two mature adults would do: pretend to be a couple.', '/5qHoazZiaLe7oFBok7XlUhg96f2.jpg');
INSERT INTO movie_genres (movie_id, genre_id) VALUES (1072790, 10749);
INSERT INTO movie_genres (movie_id, genre_id) VALUES (1072790, 35);
INSERT INTO movies (id, title, release_date, description, poster_path) VALUES (967941, 'Wicked: For Good', '2025-11-19', 'Set in the Land of Oz, before and after Dorothy Gale’s arrival from Kansas, Elphaba and Glinda’s friendship is put to the test as they embrace their new respective identities as the Wicked Witch of the West and Glinda the Good Witch of the North, and how the consequences of their actions will change all of Oz forever.', '/si9tolnefLSUKaqQEGz1bWArOaL.jpg');
INSERT INTO movie_genres (movie_id, genre_id) VALUES (967941, 18);
INSERT INTO movie_genres (movie_id, genre_id) VALUES (967941, 10749);
INSERT INTO movie_genres (movie_id, genre_id) VALUES (967941, 14);
INSERT INTO movie_genres (movie_id, genre_id) VALUES (967941, 10402);
INSERT INTO movies (id, title, release_date, description, poster_path) VALUES (744, 'Top Gun', '1986-05-16', 'For Lieutenant Pete ''Maverick'' Mitchell and his friend and co-pilot Nick ''Goose'' Bradshaw, being accepted into an elite training school for fighter pilots is a dream come true. But a tragedy, as well as personal demons, will threaten Pete''s dreams of becoming an ace pilot.', '/xUuHj3CgmZQ9P2cMaqQs4J0d4Zc.jpg');
INSERT INTO movie_genres (movie_id, genre_id) VALUES (744, 28);
INSERT INTO movie_genres (movie_id, genre_id) VALUES (744, 18);
INSERT INTO movies (id, title, release_date, description, poster_path) VALUES (207, 'Dead Poets Society', '1989-06-02', 'At an elite, old-fashioned boarding school in New England, a passionate English teacher inspires his students to rebel against convention and seize the potential of every day, courting the disdain of the stern headmaster.', '/erzbMlcNHOdx24AXOcn2ZKA7R1q.jpg');
INSERT INTO movie_genres (movie_id, genre_id) VALUES (207, 18);
INSERT INTO movies (id, title, release_date, description, poster_path) VALUES (1126166, 'Flight Risk', '2025-01-22', 'A U.S. Marshal escorts a government witness to trial after he''s accused of getting involved with a mob boss, only to discover that the pilot who is transporting them is also a hitman sent to assassinate the informant. After they subdue him, they''re forced to fly together after discovering that there are others attempting to eliminate them.', '/q0bCG4NX32iIEsRFZqRtuvzNCyZ.jpg');
INSERT INTO movie_genres (movie_id, genre_id) VALUES (1126166, 28);
INSERT INTO movie_genres (movie_id, genre_id) VALUES (1126166, 53);
INSERT INTO movies (id, title, release_date, description, poster_path) VALUES (8587, 'The Lion King', '1994-06-15', 'Young lion prince Simba, eager to one day become king of the Pride Lands, grows up under the watchful eye of his father Mufasa; all the while his villainous uncle Scar conspires to take the throne for himself. Amid betrayal and tragedy, Simba must confront his past and find his rightful place in the Circle of Life.', '/sKCr78MXSLixwmZ8DyJLrpMsd15.jpg');
INSERT INTO movie_genres (movie_id, genre_id) VALUES (8587, 10751);
INSERT INTO movie_genres (movie_id, genre_id) VALUES (8587, 16);
INSERT INTO movie_genres (movie_id, genre_id) VALUES (8587, 18);
INSERT INTO movie_genres (movie_id, genre_id) VALUES (8587, 12);
INSERT INTO movies (id, title, release_date, description, poster_path) VALUES (98566, 'Teenage Mutant Ninja Turtles', '2014-08-07', 'When a kingpin threatens New York City, a group of mutated turtle warriors must emerge from the shadows to protect their home.', '/azL2ThbJMIkts3ZMt3j1YgBUeDB.jpg');
INSERT INTO movie_genres (movie_id, genre_id) VALUES (98566, 878);
INSERT INTO movie_genres (movie_id, genre_id) VALUES (98566, 28);
INSERT INTO movie_genres (movie_id, genre_id) VALUES (98566, 12);
INSERT INTO movie_genres (movie_id, genre_id) VALUES (98566, 35);
INSERT INTO movies (id, title, release_date, description, poster_path) VALUES (863, 'Toy Story 2', '1999-10-30', 'Andy heads off to Cowboy Camp, leaving his toys to their own devices. Things shift into high gear when an obsessive toy collector named Al McWhiggen, owner of Al''s Toy Barn kidnaps Woody. Andy''s toys mount a daring rescue mission, Buzz Lightyear meets his match and Woody has to decide where he and his heart truly belong.', '/yFWQkz2ynjwsazT6xQiIXEUsyuh.jpg');
INSERT INTO movie_genres (movie_id, genre_id) VALUES (863, 16);
INSERT INTO movie_genres (movie_id, genre_id) VALUES (863, 35);
INSERT INTO movie_genres (movie_id, genre_id) VALUES (863, 10751);
INSERT INTO movies (id, title, release_date, description, poster_path) VALUES (8681, 'Taken', '2008-02-18', 'Bryan Mills, a former government operative, is trying to reconnect with his teenage daughter Kim. After reluctantly agreeing with his ex-wife to let Kim go to Paris on vacation with a friend, his worst nightmare comes true. While on the phone with his daughter shortly after she arrives in Paris, she and her friend are abducted by a gang of human traffickers. Working against the clock, Bryan relies on his extensive training and skills to track down the ruthless gang that abducted her and launch a one-man war to rescue his daughter.', '/y5Va1WXDX6nZElVirPrGxf6w99B.jpg');
INSERT INTO movie_genres (movie_id, genre_id) VALUES (8681, 28);
INSERT INTO movie_genres (movie_id, genre_id) VALUES (8681, 53);
INSERT INTO movies (id, title, release_date, description, poster_path) VALUES (298618, 'The Flash', '2023-06-13', 'When his attempt to save his family inadvertently alters the future, Barry Allen becomes trapped in a reality in which General Zod has returned and there are no Super Heroes to turn to. In order to save the world that he is in and return to the future that he knows, Barry''s only hope is to race for his life. But will making the ultimate sacrifice be enough to reset the universe?', '/rktDFPbfHfUbArZ6OOOKsXcv0Bm.jpg');
INSERT INTO movie_genres (movie_id, genre_id) VALUES (298618, 12);
INSERT INTO movie_genres (movie_id, genre_id) VALUES (298618, 28);
INSERT INTO movie_genres (movie_id, genre_id) VALUES (298618, 878);
INSERT INTO movies (id, title, release_date, description, poster_path) VALUES (1287536, 'Dora and the Search for Sol Dorado', '2025-07-02', 'Dora, Diego, and their new friends trek through the perilous dangers of the Amazonian jungle in search of the ancient and powerful treasure of Sol Dorado to keep it out of enemy hands.', '/r3d6u2n7iPoWNsSWwlJJWrDblOH.jpg');
INSERT INTO movie_genres (movie_id, genre_id) VALUES (1287536, 10751);
INSERT INTO movie_genres (movie_id, genre_id) VALUES (1287536, 35);
INSERT INTO movie_genres (movie_id, genre_id) VALUES (1287536, 12);
INSERT INTO movies (id, title, release_date, description, poster_path) VALUES (497, 'The Green Mile', '1999-12-10', 'A supernatural tale set on death row in a Southern prison, where gentle giant John Coffey possesses the mysterious power to heal people''s ailments. When the cell block''s head guard, Paul Edgecomb, recognizes Coffey''s miraculous gift, he tries desperately to help stave off the condemned man''s execution.', '/o0lO84GI7qrG6XFvtsPOSV7CTNa.jpg');
INSERT INTO movie_genres (movie_id, genre_id) VALUES (497, 14);
INSERT INTO movie_genres (movie_id, genre_id) VALUES (497, 18);
INSERT INTO movie_genres (movie_id, genre_id) VALUES (497, 80);
INSERT INTO movies (id, title, release_date, description, poster_path) VALUES (489, 'Good Will Hunting', '1997-12-05', 'Headstrong yet aimless, Will Hunting has a genius-level IQ but chooses to work as a janitor at MIT. When he secretly solves highly difficult graduate-level math problems, his talents are discovered by Professor Gerald Lambeau, who decides to help the misguided youth reach his potential. When Will is arrested for attacking a police officer, Professor Lambeau makes a deal to get leniency for him if he gets court-ordered therapy. Eventually, therapist Dr. Sean Maguire helps Will confront the demons that are holding him back.', '/z2FnLKpFi1HPO7BEJxdkv6hpJSU.jpg');
INSERT INTO movie_genres (movie_id, genre_id) VALUES (489, 18);
INSERT INTO movies (id, title, release_date, description, poster_path) VALUES (12153, 'White Chicks', '2004-06-23', 'Two FBI agent brothers, Marcus and Kevin Copeland, accidentally foil a drug bust. To avoid being fired they accept a mission escorting a pair of socialites to the Hamptons--but when the girls are disfigured in a car accident, they refuse to go. Left without options, Marcus and Kevin decide to pose as the sisters, transforming themselves from black men into rich white women.', '/aHTUpo45qy9QYIOnVITGGqLoVcA.jpg');
INSERT INTO movie_genres (movie_id, genre_id) VALUES (12153, 35);
INSERT INTO movie_genres (movie_id, genre_id) VALUES (12153, 80);
INSERT INTO movies (id, title, release_date, description, poster_path) VALUES (1471014, 'Van Gogh by Vincent', '2025-03-26', 'In a career that lasted only ten years, Vincent Van Gogh painted one subject more than any other: himself. This is the story of Vincent told using eight of his most iconic self-portraits.', '/z73X4WKZghBh5fri31o8P6vBEB2.jpg');
INSERT INTO movie_genres (movie_id, genre_id) VALUES (1471014, 99);
INSERT INTO movies (id, title, release_date, description, poster_path) VALUES (209112, 'Batman v Superman: Dawn of Justice', '2016-03-23', 'Fearing the actions of a god-like Super Hero left unchecked, Gotham City’s own formidable, forceful vigilante takes on Metropolis’s most revered, modern-day savior, while the world wrestles with what sort of hero it really needs. And with Batman and Superman at war with one another, a new threat quickly arises, putting mankind in greater danger than it’s ever known before.', '/5UsK3grJvtQrtzEgqNlDljJW96w.jpg');
INSERT INTO movie_genres (movie_id, genre_id) VALUES (209112, 28);
INSERT INTO movie_genres (movie_id, genre_id) VALUES (209112, 12);
INSERT INTO movie_genres (movie_id, genre_id) VALUES (209112, 14);
INSERT INTO movies (id, title, release_date, description, poster_path) VALUES (809, 'Shrek 2', '2004-05-19', 'Shrek, Fiona, and Donkey set off to Far, Far Away to meet Fiona''s mother and father, the Queen and King. But not everyone is happily ever after. Shrek and the King find it difficult to get along, and there''s tension in the marriage. The Fairy Godmother discovers that Fiona has married Shrek instead of her son Prince Charming and plots to destroy their marriage.', '/2yYP0PQjG8zVqturh1BAqu2Tixl.jpg');
INSERT INTO movie_genres (movie_id, genre_id) VALUES (809, 16);
INSERT INTO movie_genres (movie_id, genre_id) VALUES (809, 10751);
INSERT INTO movie_genres (movie_id, genre_id) VALUES (809, 35);
INSERT INTO movie_genres (movie_id, genre_id) VALUES (809, 14);
INSERT INTO movie_genres (movie_id, genre_id) VALUES (809, 12);
INSERT INTO movie_genres (movie_id, genre_id) VALUES (809, 10749);
INSERT INTO movies (id, title, release_date, description, poster_path) VALUES (1515395, 'Lego Disney Princess: Villains Unite', '2025-08-24', 'After Ariel, Moana, Tiana, Rapunzel, and Snow White thwarted Gaston''s plan to take over all of their kingdoms, he calls upon Ursula, Jafar, and the Evil Queen to help take the Princesses down once and for all. The Princesses learn about Gaston''s scheme and recruit a few friends of their own with the help of Magic Mirror: Aurora, Belle, and Cinderella! Together, the Princesses team up for an ultimate showdown of good versus evil.', '/ajcRSuv1rYbrDxnlNN5xx5H44Ft.jpg');
INSERT INTO movie_genres (movie_id, genre_id) VALUES (1515395, 16);
INSERT INTO movie_genres (movie_id, genre_id) VALUES (1515395, 35);
INSERT INTO movie_genres (movie_id, genre_id) VALUES (1515395, 14);
INSERT INTO movie_genres (movie_id, genre_id) VALUES (1515395, 12);
INSERT INTO movie_genres (movie_id, genre_id) VALUES (1515395, 10751);
INSERT INTO movies (id, title, release_date, description, poster_path) VALUES (99861, 'Avengers: Age of Ultron', '2015-04-22', 'When Tony Stark tries to jumpstart a dormant peacekeeping program, things go awry and Earth’s Mightiest Heroes are put to the ultimate test as the fate of the planet hangs in the balance. As the villainous Ultron emerges, it is up to The Avengers to stop him from enacting his terrible plans, and soon uneasy alliances and unexpected action pave the way for an epic and unique global adventure.', '/4ssDuvEDkSArWEdyBl2X5EHvYKU.jpg');
INSERT INTO movie_genres (movie_id, genre_id) VALUES (99861, 28);
INSERT INTO movie_genres (movie_id, genre_id) VALUES (99861, 12);
INSERT INTO movie_genres (movie_id, genre_id) VALUES (99861, 878);
INSERT INTO movies (id, title, release_date, description, poster_path) VALUES (779816, 'White Bird', '2023-10-25', 'After being expelled from Beecher Prep for his treatment of a classmate with a facial deformity, Julian has struggled to fit in at his new school. To transform his life, Julian''s grandmother finally reveals her own story of courage of her youth in Nazi-occupied France, where a classmate shelters her from mortal danger.', '/s2igE99PVBEMsry3qEGEH3rM83K.jpg');
INSERT INTO movie_genres (movie_id, genre_id) VALUES (779816, 18);
INSERT INTO movies (id, title, release_date, description, poster_path) VALUES (335984, 'Blade Runner 2049', '2017-10-04', 'Thirty years after the events of the first film, a new blade runner, LAPD Officer K, unearths a long-buried secret that has the potential to plunge what''s left of society into chaos. K''s discovery leads him on a quest to find Rick Deckard, a former LAPD blade runner who has been missing for 30 years.', '/gajva2L0rPYkEWjzgFlBXCAVBE5.jpg');
INSERT INTO movie_genres (movie_id, genre_id) VALUES (335984, 878);
INSERT INTO movie_genres (movie_id, genre_id) VALUES (335984, 18);
INSERT INTO movies (id, title, release_date, description, poster_path) VALUES (786892, 'Furiosa: A Mad Max Saga', '2024-05-22', 'As the world falls, young Furiosa is snatched from the Green Place of Many Mothers into the hands of a great biker horde led by the warlord Dementus. Sweeping through the wasteland, they encounter the citadel presided over by Immortan Joe. The two tyrants wage war for dominance, and Furiosa must survive many trials as she puts together the means to find her way home.', '/iADOJ8Zymht2JPMoy3R7xceZprc.jpg');
INSERT INTO movie_genres (movie_id, genre_id) VALUES (786892, 28);
INSERT INTO movie_genres (movie_id, genre_id) VALUES (786892, 878);
INSERT INTO movie_genres (movie_id, genre_id) VALUES (786892, 12);
INSERT INTO movies (id, title, release_date, description, poster_path) VALUES (37165, 'The Truman Show', '1998-06-04', 'An insurance salesman begins to suspect that his whole life is actually some sort of reality TV show.', '/vuza0WqY239yBXOadKlGwJsZJFE.jpg');
INSERT INTO movie_genres (movie_id, genre_id) VALUES (37165, 35);
INSERT INTO movie_genres (movie_id, genre_id) VALUES (37165, 18);
INSERT INTO movies (id, title, release_date, description, poster_path) VALUES (324786, 'Hacksaw Ridge', '2016-10-07', 'WWII American Army Medic Desmond T. Doss, who served during the Battle of Okinawa, refuses to kill people and becomes the first Conscientious Objector in American history to receive the Congressional Medal of Honor.', '/wuz8TjCIWR2EVVMuEfBnQ1vuGS3.jpg');
INSERT INTO movie_genres (movie_id, genre_id) VALUES (324786, 18);
INSERT INTO movie_genres (movie_id, genre_id) VALUES (324786, 36);
INSERT INTO movie_genres (movie_id, genre_id) VALUES (324786, 10752);
INSERT INTO movies (id, title, release_date, description, poster_path) VALUES (150689, 'Cinderella', '2015-03-06', 'When her father unexpectedly passes away, young Ella finds herself at the mercy of her cruel stepmother and her daughters. Never one to give up hope, Ella''s fortunes begin to change after meeting a dashing stranger in the woods.', '/j91LJmcWo16CArFOoapsz84bwxb.jpg');
INSERT INTO movie_genres (movie_id, genre_id) VALUES (150689, 10749);
INSERT INTO movie_genres (movie_id, genre_id) VALUES (150689, 14);
INSERT INTO movie_genres (movie_id, genre_id) VALUES (150689, 10751);
INSERT INTO movie_genres (movie_id, genre_id) VALUES (150689, 18);
INSERT INTO movies (id, title, release_date, description, poster_path) VALUES (315162, 'Puss in Boots: The Last Wish', '2022-12-07', 'Puss in Boots discovers that his passion for adventure has taken its toll: He has burned through eight of his nine lives, leaving him with only one life left. Puss sets out on an epic journey to find the mythical Last Wish and restore his nine lives.', '/kuf6dutpsT0vSVehic3EZIqkOBt.jpg');
INSERT INTO movie_genres (movie_id, genre_id) VALUES (315162, 16);
INSERT INTO movie_genres (movie_id, genre_id) VALUES (315162, 12);
INSERT INTO movie_genres (movie_id, genre_id) VALUES (315162, 14);
INSERT INTO movie_genres (movie_id, genre_id) VALUES (315162, 35);
INSERT INTO movie_genres (movie_id, genre_id) VALUES (315162, 10751);
INSERT INTO movies (id, title, release_date, description, poster_path) VALUES (272, 'Batman Begins', '2005-06-10', 'Driven by tragedy, billionaire Bruce Wayne dedicates his life to uncovering and defeating the corruption that plagues his home, Gotham City.  Unable to work within the system, he instead creates a new identity, a symbol of fear for the criminal underworld - The Batman.', '/sPX89Td70IDDjVr85jdSBb4rWGr.jpg');
INSERT INTO movie_genres (movie_id, genre_id) VALUES (272, 18);
INSERT INTO movie_genres (movie_id, genre_id) VALUES (272, 80);
INSERT INTO movie_genres (movie_id, genre_id) VALUES (272, 28);
INSERT INTO movies (id, title, release_date, description, poster_path) VALUES (507244, 'Afterburn', '2025-08-20', 'Set against the backdrop of a postapocalyptic Earth whose Eastern Hemisphere was destroyed by a massive solar flare, leaving what life remains mutated from radiation and fallout. The story revolves around a group of treasure hunters who extract such objects as the Mona Lisa, the Rosetta Stone and the Crown Jewels while facing rival hunters, mutants and pirates.', '/o56GXr0H888NJjN3E6auc04MWTC.jpg');
INSERT INTO movie_genres (movie_id, genre_id) VALUES (507244, 878);
INSERT INTO movie_genres (movie_id, genre_id) VALUES (507244, 28);
INSERT INTO movie_genres (movie_id, genre_id) VALUES (507244, 35);
INSERT INTO movies (id, title, release_date, description, poster_path) VALUES (18239, 'The Twilight Saga: New Moon', '2009-11-18', 'Forks, Washington resident Bella Swan is reeling from the departure of her vampire love, Edward Cullen, and finds comfort in her friendship with Jacob Black, a werewolf. But before she knows it, she''s thrust into a centuries-old conflict, and her desire to be with Edward at any cost leads her to take greater and greater risks.', '/k2qTooPlHffgNABNWxeJdGMglPK.jpg');
INSERT INTO movie_genres (movie_id, genre_id) VALUES (18239, 12);
INSERT INTO movie_genres (movie_id, genre_id) VALUES (18239, 14);
INSERT INTO movie_genres (movie_id, genre_id) VALUES (18239, 18);
INSERT INTO movie_genres (movie_id, genre_id) VALUES (18239, 10749);
INSERT INTO movies (id, title, release_date, description, poster_path) VALUES (324544, 'In the Lost Lands', '2025-02-27', 'A queen sends the powerful and feared sorceress Gray Alys to the ghostly wilderness of the Lost Lands in search of a magical power, where she and her guide, the drifter Boyce, must outwit and outfight both man and demon.', '/dDlfjR7gllmr8HTeN6rfrYhTdwX.jpg');
INSERT INTO movie_genres (movie_id, genre_id) VALUES (324544, 28);
INSERT INTO movie_genres (movie_id, genre_id) VALUES (324544, 14);
INSERT INTO movie_genres (movie_id, genre_id) VALUES (324544, 12);
INSERT INTO movies (id, title, release_date, description, poster_path) VALUES (150540, 'Inside Out', '2015-06-17', 'When 11-year-old Riley moves to a new city, her Emotions team up to help her through the transition. Joy, Fear, Anger, Disgust and Sadness work together, but when Joy and Sadness get lost, they must journey through unfamiliar places to get back home.', '/2H1TmgdfNtsKlU9jKdeNyYL5y8T.jpg');
INSERT INTO movie_genres (movie_id, genre_id) VALUES (150540, 16);
INSERT INTO movie_genres (movie_id, genre_id) VALUES (150540, 10751);
INSERT INTO movie_genres (movie_id, genre_id) VALUES (150540, 12);
INSERT INTO movie_genres (movie_id, genre_id) VALUES (150540, 18);
INSERT INTO movie_genres (movie_id, genre_id) VALUES (150540, 35);
INSERT INTO movies (id, title, release_date, description, poster_path) VALUES (11, 'Star Wars', '1977-05-25', 'Princess Leia is captured and held hostage by the evil Imperial forces in their effort to take over the galactic Empire. Venturesome Luke Skywalker and dashing captain Han Solo team together with the loveable robot duo R2-D2 and C-3PO to rescue the beautiful princess and restore peace and justice in the Empire.', '/6FfCtAuVAW8XJjZ7eWeLibRLWTw.jpg');
INSERT INTO movie_genres (movie_id, genre_id) VALUES (11, 12);
INSERT INTO movie_genres (movie_id, genre_id) VALUES (11, 28);
INSERT INTO movie_genres (movie_id, genre_id) VALUES (11, 878);
INSERT INTO movies (id, title, release_date, description, poster_path) VALUES (77877, 'The Lucky One', '2012-04-19', 'A Marine travels to Louisiana after serving three tours in Iraq and searches for the unknown woman he believes was his good luck charm during the war.', '/vF1ZuIkF9Z71VzVvG265xJUawb0.jpg');
INSERT INTO movie_genres (movie_id, genre_id) VALUES (77877, 18);
INSERT INTO movie_genres (movie_id, genre_id) VALUES (77877, 10749);
INSERT INTO movies (id, title, release_date, description, poster_path) VALUES (1307078, 'My Oxford Year', '2025-07-31', 'An ambitious American fulfilling her dream of studying at Oxford falls for a charming Brit hiding a secret that may upend her perfectly planned life.', '/jrhXbIOFingzdLjkccjg9vZnqIp.jpg');
INSERT INTO movie_genres (movie_id, genre_id) VALUES (1307078, 10749);
INSERT INTO movie_genres (movie_id, genre_id) VALUES (1307078, 35);
INSERT INTO movie_genres (movie_id, genre_id) VALUES (1307078, 18);
INSERT INTO movies (id, title, release_date, description, poster_path) VALUES (324552, 'John Wick: Chapter 2', '2017-02-08', 'John Wick is forced out of retirement by a former associate looking to seize control of a shadowy international assassins’ guild. Bound by a blood oath to aid him, Wick travels to Rome and does battle against some of the world’s most dangerous killers.', '/hXWBc0ioZP3cN4zCu6SN3YHXZVO.jpg');
INSERT INTO movie_genres (movie_id, genre_id) VALUES (324552, 28);
INSERT INTO movie_genres (movie_id, genre_id) VALUES (324552, 53);
INSERT INTO movie_genres (movie_id, genre_id) VALUES (324552, 80);
INSERT INTO movies (id, title, release_date, description, poster_path) VALUES (98, 'Gladiator', '2000-05-04', 'After the death of Emperor Marcus Aurelius, his devious son takes power and demotes Maximus, one of Rome''s most capable generals who Marcus preferred. Eventually, Maximus is forced to become a gladiator and battle to the death against other men for the amusement of paying audiences.', '/ty8TGRuvJLPUmAR1H1nRIsgwvim.jpg');
INSERT INTO movie_genres (movie_id, genre_id) VALUES (98, 28);
INSERT INTO movie_genres (movie_id, genre_id) VALUES (98, 18);
INSERT INTO movie_genres (movie_id, genre_id) VALUES (98, 12);
INSERT INTO movies (id, title, release_date, description, poster_path) VALUES (1241921, 'A Big Bold Beautiful Journey', '2025-09-17', 'Sarah and David are single strangers who meet at a mutual friend’s wedding and soon, through a surprising twist of fate, find themselves on a funny, fantastical, sweeping adventure together where they get to re-live important moments from their respective pasts, illuminating how they got to where they are in the present... and possibly getting a chance to alter their futures.', '/dYm4Ah0UAgBHkYEPZIhuhkzl6ue.jpg');
INSERT INTO movie_genres (movie_id, genre_id) VALUES (1241921, 10749);
INSERT INTO movie_genres (movie_id, genre_id) VALUES (1241921, 14);
INSERT INTO movie_genres (movie_id, genre_id) VALUES (1241921, 18);
INSERT INTO movies (id, title, release_date, description, poster_path) VALUES (453395, 'Doctor Strange in the Multiverse of Madness', '2022-05-04', 'Doctor Strange, with the help of mystical allies both old and new, traverses the mind-bending and dangerous alternate realities of the Multiverse to confront a mysterious new adversary.', '/ddJcSKbcp4rKZTmuyWaMhuwcfMz.jpg');
INSERT INTO movie_genres (movie_id, genre_id) VALUES (453395, 14);
INSERT INTO movie_genres (movie_id, genre_id) VALUES (453395, 28);
INSERT INTO movie_genres (movie_id, genre_id) VALUES (453395, 12);
INSERT INTO movies (id, title, release_date, description, poster_path) VALUES (280, 'Terminator 2: Judgment Day', '1991-07-03', 'Ten years after the events of the original, a reprogrammed T-800 is sent back in time to protect young John Connor from the shape-shifting T-1000. Together with his mother Sarah, he fights to stop Skynet from triggering a nuclear apocalypse.', '/jFTVD4XoWQTcg7wdyJKa8PEds5q.jpg');
INSERT INTO movie_genres (movie_id, genre_id) VALUES (280, 28);
INSERT INTO movie_genres (movie_id, genre_id) VALUES (280, 53);
INSERT INTO movie_genres (movie_id, genre_id) VALUES (280, 878);
INSERT INTO movies (id, title, release_date, description, poster_path) VALUES (49026, 'The Dark Knight Rises', '2012-07-17', 'Following the death of District Attorney Harvey Dent, Batman assumes responsibility for Dent''s crimes to protect the late attorney''s reputation and is subsequently hunted by the Gotham City Police Department. Eight years later, Batman encounters the mysterious Selina Kyle and the villainous Bane, a new terrorist leader who overwhelms Gotham''s finest. The Dark Knight resurfaces to protect a city that has branded him an enemy.', '/hr0L2aueqlP2BYUblTTjmtn0hw4.jpg');
INSERT INTO movie_genres (movie_id, genre_id) VALUES (49026, 28);
INSERT INTO movie_genres (movie_id, genre_id) VALUES (49026, 80);
INSERT INTO movie_genres (movie_id, genre_id) VALUES (49026, 18);
INSERT INTO movie_genres (movie_id, genre_id) VALUES (49026, 53);
INSERT INTO movies (id, title, release_date, description, poster_path) VALUES (1263256, 'Happy Gilmore 2', '2025-07-25', 'Happy Gilmore isn''t done with golf — not by a long shot. Since his retirement after his first Tour Championship win, Gilmore returns to finance his daughter''s ballet classes.', '/ynT06XivgBDkg7AtbDbX1dJeBGY.jpg');
INSERT INTO movie_genres (movie_id, genre_id) VALUES (1263256, 35);
INSERT INTO movies (id, title, release_date, description, poster_path) VALUES (1726, 'Iron Man', '2008-04-30', 'After being held captive in an Afghan cave, billionaire engineer Tony Stark creates a unique weaponized suit of armor to fight evil.', '/78lPtwv72eTNqFW9COBYI0dWDJa.jpg');
INSERT INTO movie_genres (movie_id, genre_id) VALUES (1726, 28);
INSERT INTO movie_genres (movie_id, genre_id) VALUES (1726, 878);
INSERT INTO movie_genres (movie_id, genre_id) VALUES (1726, 12);
INSERT INTO movies (id, title, release_date, description, poster_path) VALUES (131631, 'The Hunger Games: Mockingjay - Part 1', '2014-11-19', 'After surviving the Quarter Quell, Katniss finds herself in the hidden stronghold of District 13, where the rebellion against the Capitol is gaining momentum. Struggling with the weight of becoming the symbol of resistance, she must navigate fragile alliances while trying to protect those she loves. As propaganda battles rage and Panem moves closer to full-scale war, Katniss is forced to confront the true cost of revolution.', '/4FAA18ZIja70d1Tu5hr5cj2q1sB.jpg');
INSERT INTO movie_genres (movie_id, genre_id) VALUES (131631, 878);
INSERT INTO movie_genres (movie_id, genre_id) VALUES (131631, 12);
INSERT INTO movie_genres (movie_id, genre_id) VALUES (131631, 53);
INSERT INTO movies (id, title, release_date, description, poster_path) VALUES (270946, 'Penguins of Madagascar', '2014-11-22', 'Skipper, Kowalski, Rico and Private join forces with undercover organization The North Wind to stop the villainous Dr. Octavius Brine from destroying the world as we know it.', '/dXbpNrPDZDMEbujFoOxmMNQVMHa.jpg');
INSERT INTO movie_genres (movie_id, genre_id) VALUES (270946, 10751);
INSERT INTO movie_genres (movie_id, genre_id) VALUES (270946, 16);
INSERT INTO movie_genres (movie_id, genre_id) VALUES (270946, 12);
INSERT INTO movie_genres (movie_id, genre_id) VALUES (270946, 35);
INSERT INTO movies (id, title, release_date, description, poster_path) VALUES (474350, 'It Chapter Two', '2019-09-04', '27 years after overcoming the malevolent supernatural entity Pennywise, the former members of the Losers'' Club, who have grown up and moved away from Derry, are brought back together by a devastating phone call.', '/zfE0R94v1E8cuKAerbskfD3VfUt.jpg');
INSERT INTO movie_genres (movie_id, genre_id) VALUES (474350, 27);
INSERT INTO movie_genres (movie_id, genre_id) VALUES (474350, 53);
INSERT INTO movies (id, title, release_date, description, poster_path) VALUES (572802, 'Aquaman and the Lost Kingdom', '2023-12-20', 'Black Manta seeks revenge on Aquaman for his father''s death. Wielding the Black Trident''s power, he becomes a formidable foe. To defend Atlantis, Arthur (Aquaman) forges an alliance with his imprisoned brother. They must protect the kingdom.', '/jcA2QFJ4wuFcG79P97wA7OBLQoL.jpg');
INSERT INTO movie_genres (movie_id, genre_id) VALUES (572802, 28);
INSERT INTO movie_genres (movie_id, genre_id) VALUES (572802, 12);
INSERT INTO movie_genres (movie_id, genre_id) VALUES (572802, 14);
INSERT INTO movies (id, title, release_date, description, poster_path) VALUES (578, 'Jaws', '1975-06-20', 'When the seaside community of Amity finds itself under attack by a dangerous great white shark, the town''s chief of police, a young marine biologist, and a grizzled hunter embark on a desperate quest to destroy the beast before it strikes again.', '/lxM6kqilAdpdhqUl2biYp5frUxE.jpg');
INSERT INTO movie_genres (movie_id, genre_id) VALUES (578, 27);
INSERT INTO movie_genres (movie_id, genre_id) VALUES (578, 53);
INSERT INTO movie_genres (movie_id, genre_id) VALUES (578, 12);
INSERT INTO movies (id, title, release_date, description, poster_path) VALUES (346364, 'It', '2017-09-06', 'In a small town in Maine, seven children known as The Losers Club come face to face with life problems, bullies and a monster that takes the shape of a clown called Pennywise.', '/9E2y5Q7WlCVNEhP5GiVTjhEhx1o.jpg');
INSERT INTO movie_genres (movie_id, genre_id) VALUES (346364, 27);
INSERT INTO movie_genres (movie_id, genre_id) VALUES (346364, 53);
INSERT INTO movies (id, title, release_date, description, poster_path) VALUES (204082, 'Homefront', '2013-11-12', 'Phil Broker is a former DEA agent who has gone through a crisis after his action against a biker gang went horribly wrong and it cost the life of his boss'' son. He is recently widowed and is left with a 9-years-old daughter, Maddy. He decides to quit the turbulent and demanding life of thrill for Maddy''s sake and retires to a small town. His daughter fights off a boy who was bullying her at school and this sets in motion a round of events that end in his direct confrontation with the local Meth drug lord. His past history with the biker gang also enters the arena, making matters more complex. But he has a mission in his mind to protect his daughter and he is ready to pay any cost that it demands.', '/6pF8D9bDIAmuHgCqGKEfuNWRQam.jpg');
INSERT INTO movie_genres (movie_id, genre_id) VALUES (204082, 28);
INSERT INTO movie_genres (movie_id, genre_id) VALUES (204082, 53);
INSERT INTO movies (id, title, release_date, description, poster_path) VALUES (799766, 'Better Man', '2024-12-06', 'Follow Robbie Williams'' journey from childhood, to being the youngest member of chart-topping boyband Take That, through to his unparalleled achievements as a record-breaking solo artist – all the while confronting the challenges that stratospheric fame and success can bring.', '/fbGCmMp0HlYnAPv28GOENPShezM.jpg');
INSERT INTO movie_genres (movie_id, genre_id) VALUES (799766, 10402);
INSERT INTO movie_genres (movie_id, genre_id) VALUES (799766, 18);
INSERT INTO movies (id, title, release_date, description, poster_path) VALUES (566525, 'Shang-Chi and the Legend of the Ten Rings', '2021-09-01', 'Shang-Chi must confront the past he thought he left behind when he is drawn into the web of the mysterious Ten Rings organization.', '/d08HqqeBQSwN8i8MEvpsZ8Cb438.jpg');
INSERT INTO movie_genres (movie_id, genre_id) VALUES (566525, 28);
INSERT INTO movie_genres (movie_id, genre_id) VALUES (566525, 12);
INSERT INTO movie_genres (movie_id, genre_id) VALUES (566525, 14);
INSERT INTO movies (id, title, release_date, description, poster_path) VALUES (801335, 'Girl in the Basement', '2021-02-27', 'Sara is a teen girl who is looking forward to her 18th birthday to move away from her controlling father Don. But before she could even blow out the candles, Don imprisons her in the basement of their home.', '/tPP9n6r5QrIKPnshnJqE7klptj2.jpg');
INSERT INTO movie_genres (movie_id, genre_id) VALUES (801335, 53);
INSERT INTO movie_genres (movie_id, genre_id) VALUES (801335, 80);
INSERT INTO movie_genres (movie_id, genre_id) VALUES (801335, 10770);
INSERT INTO movies (id, title, release_date, description, poster_path) VALUES (1393382, 'Popeye''s Revenge', '2025-02-12', 'The legend of Popeye haunts a group of counsellors as they intend to open a summer camp.', '/aHHCXbPjI6xHJoo5fkBNmPm2lo1.jpg');
INSERT INTO movie_genres (movie_id, genre_id) VALUES (1393382, 27);
INSERT INTO movies (id, title, release_date, description, poster_path) VALUES (296096, 'Me Before You', '2016-06-01', 'A small town girl is caught between dead-end jobs. A high-profile, successful man becomes wheelchair bound following an accident. The man decides his life is not worth living until the girl is hired for six months to be his new caretaker. Worlds apart and trapped together by circumstance, the two get off to a rocky start. But the girl becomes determined to prove to the man that life is worth living and as they embark on a series of adventures together, each finds their world changing in ways neither of them could begin to imagine.', '/Ia3dzj5LnCj1ZBdlVeJrbKJQxG.jpg');
INSERT INTO movie_genres (movie_id, genre_id) VALUES (296096, 18);
INSERT INTO movie_genres (movie_id, genre_id) VALUES (296096, 10749);
INSERT INTO movies (id, title, release_date, description, poster_path) VALUES (4232, 'Scream', '1996-12-20', 'A year after the murder of her mother, a teenage girl is terrorized by a masked killer who targets her and her friends by using scary movies as part of a deadly game.', '/lr9ZIrmuwVmZhpZuTCW8D9g0ZJe.jpg');
INSERT INTO movie_genres (movie_id, genre_id) VALUES (4232, 80);
INSERT INTO movie_genres (movie_id, genre_id) VALUES (4232, 27);
INSERT INTO movie_genres (movie_id, genre_id) VALUES (4232, 9648);
INSERT INTO movies (id, title, release_date, description, poster_path) VALUES (505642, 'Black Panther: Wakanda Forever', '2022-11-09', 'Queen Ramonda, Shuri, M’Baku, Okoye and the Dora Milaje fight to protect their nation from intervening world powers in the wake of King T’Challa’s death.  As the Wakandans strive to embrace their next chapter, the heroes must band together with the help of War Dog Nakia and Everett Ross and forge a new path for the kingdom of Wakanda.', '/sv1xJUazXeYqALzczSZ3O6nkH75.jpg');
INSERT INTO movie_genres (movie_id, genre_id) VALUES (505642, 28);
INSERT INTO movie_genres (movie_id, genre_id) VALUES (505642, 12);
INSERT INTO movie_genres (movie_id, genre_id) VALUES (505642, 878);
INSERT INTO movies (id, title, release_date, description, poster_path) VALUES (1315986, 'Man with No Past', '2025-01-13', 'Waking up in an unfamiliar city, a man with no memory must confront the mysteries of his own identity. However, his desperate search to uncover the past pits him against a powerful enemy, leading to a showdown that ultimately reveals the truth.', '/eWHvROuznSzcxBAAkzX1X0Rmzoe.jpg');
INSERT INTO movie_genres (movie_id, genre_id) VALUES (1315986, 28);
INSERT INTO movie_genres (movie_id, genre_id) VALUES (1315986, 18);
INSERT INTO movies (id, title, release_date, description, poster_path) VALUES (475557, 'Joker', '2019-10-01', 'During the 1980s, a failed stand-up comedian is driven insane and turns to a life of crime and chaos in Gotham City while becoming an infamous psychopathic crime figure.', '/udDclJoHjfjb8Ekgsd4FDteOkCU.jpg');
INSERT INTO movie_genres (movie_id, genre_id) VALUES (475557, 80);
INSERT INTO movie_genres (movie_id, genre_id) VALUES (475557, 53);
INSERT INTO movie_genres (movie_id, genre_id) VALUES (475557, 18);
INSERT INTO movies (id, title, release_date, description, poster_path) VALUES (4247, 'Scary Movie', '2000-07-07', 'A familiar-looking group of teenagers find themselves being stalked by a more-than-vaguely recognizable masked killer! As the victims begin to pile up and the laughs pile on, none of your favorite scary movies escape the razor-sharp satire of this outrageously funny parody!', '/fVQFPRuw3yWXojYDJvA5EoFjUOY.jpg');
INSERT INTO movie_genres (movie_id, genre_id) VALUES (4247, 35);
INSERT INTO movies (id, title, release_date, description, poster_path) VALUES (38757, 'Tangled', '2010-11-24', 'Feisty teenager Rapunzel, who has long and magical hair, wants to go and see sky lanterns on her eighteenth birthday, but she''s bound to a tower by her overprotective mother. She strikes a deal with Flynn Rider, a charming wanted thief, and the duo set off on an action-packed escapade.', '/ym7Kst6a4uodryxqbGOxmewF235.jpg');
INSERT INTO movie_genres (movie_id, genre_id) VALUES (38757, 16);
INSERT INTO movie_genres (movie_id, genre_id) VALUES (38757, 10751);
INSERT INTO movie_genres (movie_id, genre_id) VALUES (38757, 12);
INSERT INTO movies (id, title, release_date, description, poster_path) VALUES (637649, 'Wrath of Man', '2021-04-22', 'A cold and mysterious new security guard for a Los Angeles cash truck company surprises his co-workers when he unleashes precision skills during a heist. The crew is left wondering who he is and where he came from. Soon, the marksman''s ultimate motive becomes clear as he takes dramatic and irrevocable steps to settle a score.', '/28mcCmmVbCUMeI7MEQrCFbzUifh.jpg');
INSERT INTO movie_genres (movie_id, genre_id) VALUES (637649, 53);
INSERT INTO movie_genres (movie_id, genre_id) VALUES (637649, 80);
INSERT INTO movie_genres (movie_id, genre_id) VALUES (637649, 18);
INSERT INTO movies (id, title, release_date, description, poster_path) VALUES (12, 'Finding Nemo', '2003-05-30', 'Nemo, an adventurous young clownfish, is unexpectedly taken from his Great Barrier Reef home to a dentist''s office aquarium. It''s up to his worrisome father Marlin and a friendly but forgetful fish Dory to bring Nemo home -- meeting vegetarian sharks, surfer dude turtles, hypnotic jellyfish, hungry seagulls, and more along the way.', '/eHuGQ10FUzK1mdOY69wF5pGgEf5.jpg');
INSERT INTO movie_genres (movie_id, genre_id) VALUES (12, 16);
INSERT INTO movie_genres (movie_id, genre_id) VALUES (12, 10751);
INSERT INTO movies (id, title, release_date, description, poster_path) VALUES (293660, 'Deadpool', '2016-02-09', 'The origin story of former Special Forces operative turned mercenary Wade Wilson, who, after being subjected to a rogue experiment that leaves him with accelerated healing powers, adopts the alter ego Deadpool. Armed with his new abilities and a dark, twisted sense of humor, Deadpool hunts down the man who nearly destroyed his life.', '/3E53WEZJqP6aM84D8CckXx4pIHw.jpg');
INSERT INTO movie_genres (movie_id, genre_id) VALUES (293660, 28);
INSERT INTO movie_genres (movie_id, genre_id) VALUES (293660, 12);
INSERT INTO movie_genres (movie_id, genre_id) VALUES (293660, 35);
INSERT INTO movies (id, title, release_date, description, poster_path) VALUES (953, 'Madagascar', '2005-05-25', 'Four animal friends get a taste of the wild life when they break out of captivity at the Central Park Zoo and wash ashore on the island of Madagascar.', '/zMpJY5CJKUufG9OTw0In4eAFqPX.jpg');
INSERT INTO movie_genres (movie_id, genre_id) VALUES (953, 10751);
INSERT INTO movie_genres (movie_id, genre_id) VALUES (953, 16);
INSERT INTO movie_genres (movie_id, genre_id) VALUES (953, 12);
INSERT INTO movie_genres (movie_id, genre_id) VALUES (953, 35);
INSERT INTO movies (id, title, release_date, description, poster_path) VALUES (1003596, 'Avengers: Doomsday', '2026-12-17', 'The Avengers, Wakandans, Fantastic Four, Thunderbolts, and X-Men all fight against Doctor Doom. Plot TBA.', '/6eB2oh1SplddsZYCdayrIdrIGLd.jpg');
INSERT INTO movie_genres (movie_id, genre_id) VALUES (1003596, 28);
INSERT INTO movie_genres (movie_id, genre_id) VALUES (1003596, 12);
INSERT INTO movie_genres (movie_id, genre_id) VALUES (1003596, 878);
INSERT INTO movies (id, title, release_date, description, poster_path) VALUES (616037, 'Thor: Love and Thunder', '2022-07-06', 'After his retirement is interrupted by Gorr the God Butcher, a galactic killer who seeks the extinction of the gods, Thor Odinson enlists the help of King Valkyrie, Korg, and ex-girlfriend Jane Foster, who now wields Mjolnir as the Mighty Thor. Together they embark upon a harrowing cosmic adventure to uncover the mystery of the God Butcher’s vengeance and stop him before it’s too late.', '/pIkRyD18kl4FhoCNQuWxWu5cBLM.jpg');
INSERT INTO movie_genres (movie_id, genre_id) VALUES (616037, 14);
INSERT INTO movie_genres (movie_id, genre_id) VALUES (616037, 28);
INSERT INTO movie_genres (movie_id, genre_id) VALUES (616037, 35);
INSERT INTO movies (id, title, release_date, description, poster_path) VALUES (653346, 'Kingdom of the Planet of the Apes', '2024-05-08', 'Several generations following Caesar''s reign, apes – now the dominant species – live harmoniously while humans have been reduced to living in the shadows. As a new tyrannical ape leader builds his empire, one young ape undertakes a harrowing journey that will cause him to question all he''s known about the past and to make choices that will define a future for apes and humans alike.', '/gKkl37BQuKTanygYQG1pyYgLVgf.jpg');
INSERT INTO movie_genres (movie_id, genre_id) VALUES (653346, 878);
INSERT INTO movie_genres (movie_id, genre_id) VALUES (653346, 12);
INSERT INTO movie_genres (movie_id, genre_id) VALUES (653346, 28);
INSERT INTO movie_genres (movie_id, genre_id) VALUES (653346, 18);
INSERT INTO movie_genres (movie_id, genre_id) VALUES (653346, 53);
INSERT INTO movies (id, title, release_date, description, poster_path) VALUES (868759, 'Ghosted', '2023-04-18', 'Salt-of-the-earth Cole falls head over heels for enigmatic Sadie—but then makes the shocking discovery that she''s a secret agent. Before they can decide on a second date, Cole and Sadie are swept away on an international adventure to save the world.', '/liLN69YgoovHVgmlHJ876PKi5Yi.jpg');
INSERT INTO movie_genres (movie_id, genre_id) VALUES (868759, 28);
INSERT INTO movie_genres (movie_id, genre_id) VALUES (868759, 35);
INSERT INTO movie_genres (movie_id, genre_id) VALUES (868759, 10749);
INSERT INTO movies (id, title, release_date, description, poster_path) VALUES (102382, 'The Amazing Spider-Man 2', '2014-04-16', 'For Peter Parker, life is busy. Between taking out the bad guys as Spider-Man and spending time with the person he loves, Gwen Stacy, high school graduation cannot come quickly enough. Peter has not forgotten about the promise he made to Gwen’s father to protect her by staying away, but that is a promise he cannot keep. Things will change for Peter when a new villain, Electro, emerges, an old friend, Harry Osborn, returns, and Peter uncovers new clues about his past.', '/dGjoPttcbKR5VWg1jQuNFB247KL.jpg');
INSERT INTO movie_genres (movie_id, genre_id) VALUES (102382, 28);
INSERT INTO movie_genres (movie_id, genre_id) VALUES (102382, 12);
INSERT INTO movie_genres (movie_id, genre_id) VALUES (102382, 878);
INSERT INTO movies (id, title, release_date, description, poster_path) VALUES (32657, 'Percy Jackson & the Olympians: The Lightning Thief', '2010-02-01', 'Accident prone teenager, Percy discovers he''s actually a demi-God, the son of Poseidon, and he is needed when Zeus'' lightning is stolen. Percy must master his new found skills in order to prevent a war between the Gods that could devastate the entire world.', '/brzpTyZ5bnM7s53C1KSk1TmrMO6.jpg');
INSERT INTO movie_genres (movie_id, genre_id) VALUES (32657, 12);
INSERT INTO movie_genres (movie_id, genre_id) VALUES (32657, 14);
INSERT INTO movie_genres (movie_id, genre_id) VALUES (32657, 10751);
INSERT INTO movies (id, title, release_date, description, poster_path) VALUES (588228, 'The Tomorrow War', '2021-09-03', 'The world is stunned when a group of time travelers arrive from the year 2051 to deliver an urgent message: Thirty years in the future, mankind is losing a global war against a deadly alien species. The only hope for survival is for soldiers and civilians from the present to be transported to the future and join the fight. Among those recruited is high school teacher and family man Dan Forester. Determined to save the world for his young daughter, Dan teams up with a brilliant scientist and his estranged father in a desperate quest to rewrite the fate of the planet.', '/34nDCQZwaEvsy4CFO5hkGRFDCVU.jpg');
INSERT INTO movie_genres (movie_id, genre_id) VALUES (588228, 28);
INSERT INTO movie_genres (movie_id, genre_id) VALUES (588228, 878);
INSERT INTO movie_genres (movie_id, genre_id) VALUES (588228, 12);
INSERT INTO movies (id, title, release_date, description, poster_path) VALUES (74, 'War of the Worlds', '2005-06-28', 'Ray Ferrier is a divorced dockworker and less-than-perfect father. Soon after his ex-wife and her new husband drop off his teenage son and young daughter for a rare weekend visit, a strange and powerful lightning storm touches down.', '/6Biy7R9LfumYshur3YKhpj56MpB.jpg');
INSERT INTO movie_genres (movie_id, genre_id) VALUES (74, 12);
INSERT INTO movie_genres (movie_id, genre_id) VALUES (74, 53);
INSERT INTO movie_genres (movie_id, genre_id) VALUES (74, 878);
INSERT INTO movies (id, title, release_date, description, poster_path) VALUES (91314, 'Transformers: Age of Extinction', '2014-06-25', 'As humanity picks up the pieces after the battle of Chicago, a shadowy group reveals itself in an attempt to control the direction of history…while an ancient, powerful new menace sets Earth in its crosshairs. With help from Cade Yeager, Optimus Prime and the Autobots rise to meet their most fearsome challenge yet.', '/jyzrfx2WaeY60kYZpPYepSjGz4S.jpg');
INSERT INTO movie_genres (movie_id, genre_id) VALUES (91314, 878);
INSERT INTO movie_genres (movie_id, genre_id) VALUES (91314, 28);
INSERT INTO movie_genres (movie_id, genre_id) VALUES (91314, 12);
INSERT INTO movies (id, title, release_date, description, poster_path) VALUES (791042, 'Levels', '2024-11-01', 'After witnessing his girlfriend''s murder, a man risks everything - including reality itself - to discover the truth.', '/y1xm0jMIlx9Oo2a3jWNyLGm43sJ.jpg');
INSERT INTO movie_genres (movie_id, genre_id) VALUES (791042, 878);
INSERT INTO movie_genres (movie_id, genre_id) VALUES (791042, 28);
INSERT INTO movie_genres (movie_id, genre_id) VALUES (791042, 53);
INSERT INTO movies (id, title, release_date, description, poster_path) VALUES (348893, 'Boyka: Undisputed IV', '2016-08-01', 'In the fourth installment of the fighting franchise, Boyka is shooting for the big leagues when an accidental death in the ring makes him question everything he stands for. When he finds out the wife of the man he accidentally killed is in trouble, Boyka offers to fight in a series of impossible battles to free her from a life of servitude.', '/7QGdIJWWTkPhVjpQ0zA6z69khod.jpg');
INSERT INTO movie_genres (movie_id, genre_id) VALUES (348893, 28);
INSERT INTO movie_genres (movie_id, genre_id) VALUES (348893, 18);
INSERT INTO movie_genres (movie_id, genre_id) VALUES (348893, 53);
INSERT INTO movies (id, title, release_date, description, poster_path) VALUES (12155, 'Alice in Wonderland', '2010-03-03', 'Alice, now 19 years old, returns to the whimsical world she first entered as a child and embarks on a journey to discover her true destiny.', '/o0kre9wRCZz3jjSjaru7QU0UtFz.jpg');
INSERT INTO movie_genres (movie_id, genre_id) VALUES (12155, 10751);
INSERT INTO movie_genres (movie_id, genre_id) VALUES (12155, 14);
INSERT INTO movie_genres (movie_id, genre_id) VALUES (12155, 12);
INSERT INTO movies (id, title, release_date, description, poster_path) VALUES (162, 'Edward Scissorhands', '1990-12-07', 'A small suburban town receives a visit from a castaway unfinished science experiment named Edward.', '/e0FqKFvGPdQNWG8tF9cZBtev9Em.jpg');
INSERT INTO movie_genres (movie_id, genre_id) VALUES (162, 14);
INSERT INTO movie_genres (movie_id, genre_id) VALUES (162, 18);
INSERT INTO movie_genres (movie_id, genre_id) VALUES (162, 10749);
INSERT INTO movies (id, title, release_date, description, poster_path) VALUES (195757, 'The Ultimate Life', '2013-09-06', 'Despite his best intentions, billionaire Jason Stevens can’t find enough time to keep his beloved Alexia a priority. But when he discovers his late grandfather’s journal, he is transported back to Red Stevens’ incredible world. With everything he loves hanging in the balance, Jason Stevens hopes the past will prepare him well for the future.', '/lRjea5SWCiKzDIpgNDzyvyOSTp.jpg');
INSERT INTO movie_genres (movie_id, genre_id) VALUES (195757, 18);
INSERT INTO movie_genres (movie_id, genre_id) VALUES (195757, 10749);
INSERT INTO movies (id, title, release_date, description, poster_path) VALUES (948549, 'Love Lies Bleeding', '2024-03-07', 'Reclusive gym manager Lou falls hard for Jackie, an ambitious bodybuilder headed through town to Las Vegas in pursuit of her dream. But their love ignites violence, pulling them deep into the web of Lou’s criminal family.', '/xImj8RLe39YK0lyVu9kXv7ApN8p.jpg');
INSERT INTO movie_genres (movie_id, genre_id) VALUES (948549, 80);
INSERT INTO movie_genres (movie_id, genre_id) VALUES (948549, 10749);
INSERT INTO movie_genres (movie_id, genre_id) VALUES (948549, 53);
INSERT INTO movie_genres (movie_id, genre_id) VALUES (948549, 18);
INSERT INTO movies (id, title, release_date, description, poster_path) VALUES (156022, 'The Equalizer', '2014-09-24', 'McCall believes he has put his mysterious past behind him and dedicated himself to beginning a new, quiet life. But when he meets Teri, a young girl under the control of ultra-violent Russian gangsters, he can’t stand idly by – he has to help her. Armed with hidden skills that allow him to serve vengeance against anyone who would brutalize the helpless, McCall comes out of his self-imposed retirement and finds his desire for justice reawakened. If someone has a problem, if the odds are stacked against them, if they have nowhere else to turn, McCall will help. He is The Equalizer.', '/9u4yW7yPA0BQ2pv9XwiNzItwvp8.jpg');
INSERT INTO movie_genres (movie_id, genre_id) VALUES (156022, 53);
INSERT INTO movie_genres (movie_id, genre_id) VALUES (156022, 28);
INSERT INTO movie_genres (movie_id, genre_id) VALUES (156022, 80);
INSERT INTO movies (id, title, release_date, description, poster_path) VALUES (10193, 'Toy Story 3', '2010-06-16', 'Woody, Buzz, and the rest of Andy''s toys haven''t been played with in years. With Andy about to go to college, the gang find themselves accidentally left at a nefarious day care center. The toys must band together to escape and return home to Andy.', '/AbbXspMOwdvwWZgVN0nabZq03Ec.jpg');
INSERT INTO movie_genres (movie_id, genre_id) VALUES (10193, 16);
INSERT INTO movie_genres (movie_id, genre_id) VALUES (10193, 10751);
INSERT INTO movie_genres (movie_id, genre_id) VALUES (10193, 35);
INSERT INTO movies (id, title, release_date, description, poster_path) VALUES (9502, 'Kung Fu Panda', '2008-06-04', 'When the Valley of Peace is threatened, lazy Po the panda discovers his destiny as the "chosen one" and trains to become a kung fu hero, but transforming the unsleek slacker into a brave warrior won''t be easy. It''s up to Master Shifu and the Furious Five -- Tigress, Crane, Mantis, Viper and Monkey -- to give it a try.', '/wWt4JYXTg5Wr3xBW2phBrMKgp3x.jpg');
INSERT INTO movie_genres (movie_id, genre_id) VALUES (9502, 16);
INSERT INTO movie_genres (movie_id, genre_id) VALUES (9502, 10751);
INSERT INTO movie_genres (movie_id, genre_id) VALUES (9502, 35);
INSERT INTO movie_genres (movie_id, genre_id) VALUES (9502, 28);
INSERT INTO movie_genres (movie_id, genre_id) VALUES (9502, 12);
INSERT INTO movies (id, title, release_date, description, poster_path) VALUES (1232546, 'Until Dawn', '2025-04-23', 'One year after her sister Melanie mysteriously disappeared, Clover and her friends head into the remote valley where she vanished in search of answers. Exploring an abandoned visitor center, they find themselves stalked by a masked killer and horrifically murdered one by one...only to wake up and find themselves back at the beginning of the same evening.', '/bLY5yN4MKVynZ2HMZWElTOGBgBe.jpg');
INSERT INTO movie_genres (movie_id, genre_id) VALUES (1232546, 27);
INSERT INTO movie_genres (movie_id, genre_id) VALUES (1232546, 9648);
INSERT INTO movies (id, title, release_date, description, poster_path) VALUES (10191, 'How to Train Your Dragon', '2010-03-18', 'As the son of a Viking leader on the cusp of manhood, shy Hiccup Horrendous Haddock III faces a rite of passage: he must kill a dragon to prove his warrior mettle. But after downing a feared dragon, he realizes that he no longer wants to destroy it, and instead befriends the beast – which he names Toothless – much to the chagrin of his warrior father.', '/ygGmAO60t8GyqUo9xYeYxSZAR3b.jpg');
INSERT INTO movie_genres (movie_id, genre_id) VALUES (10191, 14);
INSERT INTO movie_genres (movie_id, genre_id) VALUES (10191, 12);
INSERT INTO movie_genres (movie_id, genre_id) VALUES (10191, 16);
INSERT INTO movie_genres (movie_id, genre_id) VALUES (10191, 10751);
INSERT INTO movies (id, title, release_date, description, poster_path) VALUES (718930, 'Bullet Train', '2022-08-03', 'Unlucky assassin Ladybug is determined to do his job peacefully after one too many gigs gone off the rails. Fate, however, may have other plans, as Ladybug''s latest mission puts him on a collision course with lethal adversaries from around the globe—all with connected, yet conflicting, objectives—on the world''s fastest train.', '/j8szC8OgrejDQjjMKSVXyaAjw3V.jpg');
INSERT INTO movie_genres (movie_id, genre_id) VALUES (718930, 28);
INSERT INTO movie_genres (movie_id, genre_id) VALUES (718930, 35);
INSERT INTO movie_genres (movie_id, genre_id) VALUES (718930, 53);
INSERT INTO movies (id, title, release_date, description, poster_path) VALUES (249397, 'Nymphomaniac: Vol. II', '2013-12-25', 'The continuation of Joe''s sexually dictated life delves into the darker aspects of her adult life and what led to her being in Seligman''s care.', '/iLUNqgNKuWn667kXCKztSxYbT3k.jpg');
INSERT INTO movie_genres (movie_id, genre_id) VALUES (249397, 18);
INSERT INTO movie_genres (movie_id, genre_id) VALUES (249397, 9648);
INSERT INTO movies (id, title, release_date, description, poster_path) VALUES (1930, 'The Amazing Spider-Man', '2012-06-23', 'Peter Parker is an outcast high schooler abandoned by his parents as a boy, leaving him to be raised by his Uncle Ben and Aunt May. Like most teenagers, Peter is trying to figure out who he is and how he got to be the person he is today. As Peter discovers a mysterious briefcase that belonged to his father, he begins a quest to understand his parents'' disappearance – leading him directly to Oscorp and the lab of Dr. Curt Connors, his father''s former partner. As Spider-Man is set on a collision course with Connors'' alter ego, The Lizard, Peter will make life-altering choices to use his powers and shape his destiny to become a hero.', '/jexoNYnPd6vVrmygwF6QZmWPFdu.jpg');
INSERT INTO movie_genres (movie_id, genre_id) VALUES (1930, 28);
INSERT INTO movie_genres (movie_id, genre_id) VALUES (1930, 12);
INSERT INTO movie_genres (movie_id, genre_id) VALUES (1930, 878);
INSERT INTO movies (id, title, release_date, description, poster_path) VALUES (260514, 'Cars 3', '2017-06-15', 'Blindsided by a new generation of blazing-fast racers, the legendary Lightning McQueen is suddenly pushed out of the sport he loves. To get back in the game, he will need the help of an eager young race technician with her own plan to win, inspiration from the late Fabulous Hudson Hornet, and a few unexpected turns. Proving that #95 isn''t through yet will test the heart of a champion on Piston Cup Racing’s biggest stage!', '/fyy1nDC8wm553FCiBDojkJmKLCs.jpg');
INSERT INTO movie_genres (movie_id, genre_id) VALUES (260514, 16);
INSERT INTO movie_genres (movie_id, genre_id) VALUES (260514, 12);
INSERT INTO movie_genres (movie_id, genre_id) VALUES (260514, 35);
INSERT INTO movie_genres (movie_id, genre_id) VALUES (260514, 10751);
INSERT INTO movies (id, title, release_date, description, poster_path) VALUES (68718, 'Django Unchained', '2012-12-25', 'With the help of a German bounty hunter, a freed slave sets out to rescue his wife from a brutal Mississippi plantation owner.', '/7oWY8VDWW7thTzWh3OKYRkWUlD5.jpg');
INSERT INTO movie_genres (movie_id, genre_id) VALUES (68718, 18);
INSERT INTO movie_genres (movie_id, genre_id) VALUES (68718, 37);
INSERT INTO movies (id, title, release_date, description, poster_path) VALUES (389, '12 Angry Men', '1957-04-10', 'The defense and the prosecution have rested and the jury is filing into the jury room to decide if a young Spanish-American is guilty or innocent of murdering his father. What begins as an open and shut case soon becomes a mini-drama of each of the jurors'' prejudices and preconceptions about the trial, the accused, and each other.', '/ow3wq89wM8qd5X7hWKxiRfsFf9C.jpg');
INSERT INTO movie_genres (movie_id, genre_id) VALUES (389, 18);
INSERT INTO movies (id, title, release_date, description, poster_path) VALUES (948, 'Halloween', '1978-10-24', 'Fifteen years after murdering his sister on Halloween Night 1963, Michael Myers escapes from a mental hospital and returns to the small town of Haddonfield, Illinois to kill again.', '/wijlZ3HaYMvlDTPqJoTCWKFkCPU.jpg');
INSERT INTO movie_genres (movie_id, genre_id) VALUES (948, 27);
INSERT INTO movie_genres (movie_id, genre_id) VALUES (948, 53);
INSERT INTO movies (id, title, release_date, description, poster_path) VALUES (11036, 'The Notebook', '2004-05-25', 'An epic love story centered around an older man who reads aloud to a woman with Alzheimer''s. From a faded notebook, the old man''s words bring to life the story about a couple who is separated by World War II, and is then passionately reunited, seven years later, after they have taken different paths.', '/rNzQyW4f8B8cQeg7Dgj3n6eT5k9.jpg');
INSERT INTO movie_genres (movie_id, genre_id) VALUES (11036, 10749);
INSERT INTO movie_genres (movie_id, genre_id) VALUES (11036, 18);
INSERT INTO movies (id, title, release_date, description, poster_path) VALUES (585083, 'Hotel Transylvania: Transformania', '2022-01-31', 'When Van Helsing''s mysterious invention, the "Monsterfication Ray," goes haywire, Drac and his monster pals are all transformed into humans, and Johnny becomes a monster. In their new mismatched bodies, Drac and Johnny must team up and race across the globe to find a cure before it''s too late, and before they drive each other crazy.', '/teCy1egGQa0y8ULJvlrDHQKnxBL.jpg');
INSERT INTO movie_genres (movie_id, genre_id) VALUES (585083, 16);
INSERT INTO movie_genres (movie_id, genre_id) VALUES (585083, 35);
INSERT INTO movie_genres (movie_id, genre_id) VALUES (585083, 10751);
INSERT INTO movie_genres (movie_id, genre_id) VALUES (585083, 12);
INSERT INTO movie_genres (movie_id, genre_id) VALUES (585083, 14);
INSERT INTO movies (id, title, release_date, description, poster_path) VALUES (968051, 'The Nun II', '2023-09-06', 'In 1956 France, a priest is violently murdered, and Sister Irene begins to investigate. She once again comes face-to-face with a powerful evil.', '/5gzzkR7y3hnY8AD1wXjCnVlHba5.jpg');
INSERT INTO movie_genres (movie_id, genre_id) VALUES (968051, 27);
INSERT INTO movies (id, title, release_date, description, poster_path) VALUES (273477, 'Scouts Guide to the Zombie Apocalypse', '2015-10-23', 'Three scouts and lifelong friends join forces with one badass cocktail waitress to become the world’s most unlikely team of heroes.  When their peaceful town is ravaged by a zombie invasion, they’ll fight for the badge of a lifetime and put their scouting skills to the test to save mankind from the undead.', '/lUKvvSnjFlazrdh6wyHxHrdMknD.jpg');
INSERT INTO movie_genres (movie_id, genre_id) VALUES (273477, 35);
INSERT INTO movie_genres (movie_id, genre_id) VALUES (273477, 27);
INSERT INTO movies (id, title, release_date, description, poster_path) VALUES (75656, 'Now You See Me', '2013-05-29', 'An FBI agent and an Interpol detective track a team of illusionists who pull off bank heists during their performances and reward their audiences with the money.', '/tWsNYbrqy1p1w6K9zRk0mSchztT.jpg');
INSERT INTO movie_genres (movie_id, genre_id) VALUES (75656, 53);
INSERT INTO movie_genres (movie_id, genre_id) VALUES (75656, 80);
INSERT INTO movies (id, title, release_date, description, poster_path) VALUES (1100782, 'Smile 2', '2024-10-16', 'About to embark on a new world tour, global pop sensation Skye Riley begins experiencing increasingly terrifying and inexplicable events. Overwhelmed by the escalating horrors and the pressures of fame, Skye is forced to face her dark past to regain control of her life before it spirals out of control.', '/ht8Uv9QPv9y7K0RvUyJIaXOZTfd.jpg');
INSERT INTO movie_genres (movie_id, genre_id) VALUES (1100782, 27);
INSERT INTO movie_genres (movie_id, genre_id) VALUES (1100782, 9648);
INSERT INTO movies (id, title, release_date, description, poster_path) VALUES (111, 'Scarface', '1983-12-09', 'After getting a green card in exchange for assassinating a Cuban government official, Tony Montana stakes a claim on the drug trade in Miami. Viciously murdering anyone who stands in his way, Tony eventually becomes the biggest drug lord in the state, controlling nearly all the cocaine that comes through Miami. But increased pressure from the police, wars with Colombian drug cartels and his own drug-fueled paranoia serve to fuel the flames of his eventual downfall.', '/iQ5ztdjvteGeboxtmRdXEChJOHh.jpg');
INSERT INTO movie_genres (movie_id, genre_id) VALUES (111, 28);
INSERT INTO movie_genres (movie_id, genre_id) VALUES (111, 80);
INSERT INTO movie_genres (movie_id, genre_id) VALUES (111, 18);
INSERT INTO movies (id, title, release_date, description, poster_path) VALUES (926393, 'The Equalizer 3', '2023-08-30', 'Robert McCall finds himself at home in Southern Italy but he discovers his friends are under the control of local crime bosses. As events turn deadly, McCall knows what he has to do: become his friends'' protector by taking on the mafia.', '/b0Ej6fnXAP8fK75hlyi2jKqdhHz.jpg');
INSERT INTO movie_genres (movie_id, genre_id) VALUES (926393, 28);
INSERT INTO movie_genres (movie_id, genre_id) VALUES (926393, 53);
INSERT INTO movie_genres (movie_id, genre_id) VALUES (926393, 80);
INSERT INTO movies (id, title, release_date, description, poster_path) VALUES (1304681, 'Exorcismo: The Transgressive Legacy of Clasificada ''S''', '2024-10-03', 'Franco''s death in 1975 opened the doors to the possibility of uncensored cinema. After two years in which censorship was relaxed, in 1977 it was completely abolished, and the “S” classification was created to protect viewers from those films that could “hurt their sensitivity.” The “S” classification was granted when the content was especially violent, sexual or political, creating a mixed bag in which all types of unclassifiable films could fit. In force from 1978 to 1983, this classification turned out to be a great commercial attraction for a society that had suffered four decades of national-Catholic dictatorship and repression.', '/uZentdoTuGZ1sqwn4EMPfWaRsgO.jpg');
INSERT INTO movie_genres (movie_id, genre_id) VALUES (1304681, 99);
INSERT INTO movies (id, title, release_date, description, poster_path) VALUES (118, 'Charlie and the Chocolate Factory', '2005-07-13', 'A young boy wins a tour through the most magnificent chocolate factory in the world, led by the world''s most unusual candy maker.', '/iKP6wg3c6COUe8gYutoGG7qcPnO.jpg');
INSERT INTO movie_genres (movie_id, genre_id) VALUES (118, 12);
INSERT INTO movie_genres (movie_id, genre_id) VALUES (118, 35);
INSERT INTO movie_genres (movie_id, genre_id) VALUES (118, 10751);
INSERT INTO movie_genres (movie_id, genre_id) VALUES (118, 14);
INSERT INTO movies (id, title, release_date, description, poster_path) VALUES (646097, 'Rebel Ridge', '2024-08-27', 'A former Marine confronts corruption in a small town when local law enforcement unjustly seizes the bag of cash he needs to post his cousin''s bail.', '/xEt2GSz9z5rSVpIHMiGdtf0czyf.jpg');
INSERT INTO movie_genres (movie_id, genre_id) VALUES (646097, 80);
INSERT INTO movie_genres (movie_id, genre_id) VALUES (646097, 28);
INSERT INTO movie_genres (movie_id, genre_id) VALUES (646097, 53);
INSERT INTO movies (id, title, release_date, description, poster_path) VALUES (1484453, 'Snoopy Presents: A Summer Musical', '2025-08-14', 'Music and glee fill the air as Charlie Brown and the gang head off to summer camp. First-timer Sally doesn''t get what all the hype is about. But when the camp may be forced to close, they team up to save it so more kids can make their own special memories.', '/kK1ugxST3tCJZjZEO37sLb4Yot5.jpg');
INSERT INTO movie_genres (movie_id, genre_id) VALUES (1484453, 16);
INSERT INTO movie_genres (movie_id, genre_id) VALUES (1484453, 10751);
INSERT INTO movies (id, title, release_date, description, poster_path) VALUES (1285247, 'Murder Company', '2024-07-05', 'In the midst of the D-Day invasion, a group of US soldiers are given orders to smuggle a member of the French Resistance behind enemy lines to assassinate a high-value Nazi target.', '/eUjzUUFm1dEUR6U4r0C6s9L2FEd.jpg');
INSERT INTO movie_genres (movie_id, genre_id) VALUES (1285247, 10752);
INSERT INTO movie_genres (movie_id, genre_id) VALUES (1285247, 28);
INSERT INTO movies (id, title, release_date, description, poster_path) VALUES (82702, 'How to Train Your Dragon 2', '2014-06-05', 'Five years have passed since Hiccup and Toothless united the dragons and Vikings of Berk. Now, they spend their time charting unmapped territories. During one of their adventures, the pair discover a secret cave that houses hundreds of wild dragons -- and a mysterious dragon rider. Hiccup and Toothless find themselves at the center of a battle to protect Berk from a power-hungry warrior.', '/d13Uj86LdbDLrfDoHR5aDOFYyJC.jpg');
INSERT INTO movie_genres (movie_id, genre_id) VALUES (82702, 14);
INSERT INTO movie_genres (movie_id, genre_id) VALUES (82702, 28);
INSERT INTO movie_genres (movie_id, genre_id) VALUES (82702, 12);
INSERT INTO movie_genres (movie_id, genre_id) VALUES (82702, 16);
INSERT INTO movie_genres (movie_id, genre_id) VALUES (82702, 35);
INSERT INTO movie_genres (movie_id, genre_id) VALUES (82702, 10751);
INSERT INTO movies (id, title, release_date, description, poster_path) VALUES (1008042, 'Talk to Me', '2023-07-26', 'When a group of friends discover how to conjure spirits using an embalmed hand, they become hooked on the new thrill, until one of them goes too far and unleashes terrifying supernatural forces.', '/kdPMUMJzyYAc4roD52qavX0nLIC.jpg');
INSERT INTO movie_genres (movie_id, genre_id) VALUES (1008042, 27);
INSERT INTO movies (id, title, release_date, description, poster_path) VALUES (704630, 'Asylum: Twisted Horror and Fantasy Tales', '2020-07-02', 'Brandon prepares to give his last stand-up comedy show. As his stories and jokes pass, the public begins to cheer up. But at that precise moment Brandon will realize that these stories have a strong relationship with his past. More than he imagines.', '/3rxKic2PDrheSXMCG82vm9LAm8e.jpg');
INSERT INTO movie_genres (movie_id, genre_id) VALUES (704630, 35);
INSERT INTO movie_genres (movie_id, genre_id) VALUES (704630, 27);
INSERT INTO movie_genres (movie_id, genre_id) VALUES (704630, 878);
INSERT INTO movies (id, title, release_date, description, poster_path) VALUES (507089, 'Five Nights at Freddy''s', '2023-10-25', 'Recently fired and desperate for work, a troubled young man named Mike agrees to take a position as a night security guard at an abandoned theme restaurant: Freddy Fazbear''s Pizzeria. But he soon discovers that nothing at Freddy''s is what it seems.', '/7BpNtNfxuocYEVREzVMO75hso1l.jpg');
INSERT INTO movie_genres (movie_id, genre_id) VALUES (507089, 27);
INSERT INTO movie_genres (movie_id, genre_id) VALUES (507089, 53);
INSERT INTO movies (id, title, release_date, description, poster_path) VALUES (50620, 'The Twilight Saga: Breaking Dawn - Part 2', '2012-11-13', 'After the birth of Renesmee, the Cullens gather other vampire clans in order to protect the child from a false allegation that puts the family in front of the Volturi.', '/7IGdPaKujv0BjI0Zd0m0a4CzEjJ.jpg');
INSERT INTO movie_genres (movie_id, genre_id) VALUES (50620, 12);
INSERT INTO movie_genres (movie_id, genre_id) VALUES (50620, 14);
INSERT INTO movie_genres (movie_id, genre_id) VALUES (50620, 18);
INSERT INTO movie_genres (movie_id, genre_id) VALUES (50620, 10749);
INSERT INTO movies (id, title, release_date, description, poster_path) VALUES (24021, 'The Twilight Saga: Eclipse', '2010-06-23', 'Bella once again finds herself surrounded by danger as Seattle is ravaged by a string of mysterious killings and a malicious vampire continues her quest for revenge. In the midst of it all, she is forced to choose between her love for Edward and her friendship with Jacob, knowing that her decision has the potential to ignite the ageless struggle between vampire and werewolf. With her graduation quickly approaching, Bella is confronted with the most important decision of her life.', '/dK4Gi1UdMiHzHc7r7CZQG4IQ9Sr.jpg');
INSERT INTO movie_genres (movie_id, genre_id) VALUES (24021, 12);
INSERT INTO movie_genres (movie_id, genre_id) VALUES (24021, 14);
INSERT INTO movie_genres (movie_id, genre_id) VALUES (24021, 18);
INSERT INTO movie_genres (movie_id, genre_id) VALUES (24021, 10749);
INSERT INTO movies (id, title, release_date, description, poster_path) VALUES (889737, 'Joker: Folie à Deux', '2024-10-01', 'While struggling with his dual identity, Arthur Fleck not only stumbles upon true love, but also finds the music that''s always been inside him.', '/if8QiqCI7WAGImKcJCfzp6VTyKA.jpg');
INSERT INTO movie_genres (movie_id, genre_id) VALUES (889737, 18);
INSERT INTO movie_genres (movie_id, genre_id) VALUES (889737, 80);
INSERT INTO movie_genres (movie_id, genre_id) VALUES (889737, 53);
INSERT INTO movies (id, title, release_date, description, poster_path) VALUES (76341, 'Mad Max: Fury Road', '2015-05-13', 'An apocalyptic story set in the furthest reaches of our planet, in a stark desert landscape where humanity is broken, and most everyone is crazed fighting for the necessities of life. Within this world exist two rebels on the run who just might be able to restore order.', '/hA2ple9q4qnwxp3hKVNhroipsir.jpg');
INSERT INTO movie_genres (movie_id, genre_id) VALUES (76341, 28);
INSERT INTO movie_genres (movie_id, genre_id) VALUES (76341, 12);
INSERT INTO movie_genres (movie_id, genre_id) VALUES (76341, 878);
INSERT INTO movies (id, title, release_date, description, poster_path) VALUES (1332316, 'Scurry', '2025-10-03', 'Two strangers find themselves trapped underground when the city is attacked by a monstrous threat. Badly injured with limited resources they must navigate a treacherous, narrowing tunnel in hopes of finding an exit.', '/tu7M6zojJPtgPUXnTcN9eBoWxOh.jpg');
INSERT INTO movie_genres (movie_id, genre_id) VALUES (1332316, 878);
INSERT INTO movie_genres (movie_id, genre_id) VALUES (1332316, 53);
INSERT INTO movie_genres (movie_id, genre_id) VALUES (1332316, 27);
INSERT INTO movies (id, title, release_date, description, poster_path) VALUES (1086260, 'The Astronaut', '2025-09-26', 'After returning from her first space mission, astronaut Sam Walker is placed under NASA’s care at a high security house for rehabilitation and medical testing. However, when disturbing occurrences begin happening around the property, she fears that something extraterrestrial has followed her back to Earth', '/souvvkJHYhztC1UqZ8lEVUiJa3J.jpg');
INSERT INTO movie_genres (movie_id, genre_id) VALUES (1086260, 27);
INSERT INTO movie_genres (movie_id, genre_id) VALUES (1086260, 878);
INSERT INTO movie_genres (movie_id, genre_id) VALUES (1086260, 53);
INSERT INTO movies (id, title, release_date, description, poster_path) VALUES (14160, 'Up', '2009-05-28', 'Carl Fredricksen spent his entire life dreaming of exploring the globe and experiencing life to its fullest. But at age 78, life seems to have passed him by, until a twist of fate (and a persistent 8-year old Wilderness Explorer named Russell) gives him a new lease on life.', '/mFvoEwSfLqbcWwFsDjQebn9bzFe.jpg');
INSERT INTO movie_genres (movie_id, genre_id) VALUES (14160, 16);
INSERT INTO movie_genres (movie_id, genre_id) VALUES (14160, 35);
INSERT INTO movie_genres (movie_id, genre_id) VALUES (14160, 10751);
INSERT INTO movie_genres (movie_id, genre_id) VALUES (14160, 12);
INSERT INTO movies (id, title, release_date, description, poster_path) VALUES (119826, 'The Unspeakable Act', '2012-06-24', '17-year-old Jackie is in distress as her older brother Matthew gets his first girlfriend and prepares for college. Though Matthew does not share her incestuous desire, Jackie fights the intrusion of reality on her idyllic childhood world.', '/gywbnw6tapM8NYupRUYi6RpkCQF.jpg');
INSERT INTO movie_genres (movie_id, genre_id) VALUES (119826, 18);
INSERT INTO movies (id, title, release_date, description, poster_path) VALUES (10192, 'Shrek Forever After', '2010-05-20', 'A bored and domesticated Shrek pacts with deal-maker Rumpelstiltskin to get back to feeling like a real ogre again, but when he''s duped and sent to a twisted version of Far Far Away—where Rumpelstiltskin is king, ogres are hunted, and he and Fiona have never met—he sets out to restore his world and reclaim his true love.', '/6HrfPZtKcGmX2tUWW3cnciZTaSD.jpg');
INSERT INTO movie_genres (movie_id, genre_id) VALUES (10192, 35);
INSERT INTO movie_genres (movie_id, genre_id) VALUES (10192, 12);
INSERT INTO movie_genres (movie_id, genre_id) VALUES (10192, 14);
INSERT INTO movie_genres (movie_id, genre_id) VALUES (10192, 16);
INSERT INTO movie_genres (movie_id, genre_id) VALUES (10192, 10751);
INSERT INTO movies (id, title, release_date, description, poster_path) VALUES (640, 'Catch Me If You Can', '2002-12-16', 'A true story about Frank Abagnale Jr. who, before his 19th birthday, successfully conned millions of dollars worth of checks as a Pan Am pilot, doctor, and legal prosecutor. An FBI agent makes it his mission to put him behind bars. But Frank not only eludes capture, he revels in the pursuit.', '/ctjEj2xM32OvBXCq8zAdK3ZrsAj.jpg');
INSERT INTO movie_genres (movie_id, genre_id) VALUES (640, 18);
INSERT INTO movie_genres (movie_id, genre_id) VALUES (640, 80);
INSERT INTO movies (id, title, release_date, description, poster_path) VALUES (4951, '10 Things I Hate About You', '1999-03-30', 'On the first day at his new school, Cameron instantly falls for Bianca, the gorgeous girl of his dreams. The only problem is that Bianca is forbidden to date until her ill-tempered, completely un-dateable older sister Kat goes out, too. In an attempt to solve his problem, Cameron singles out the only guy who could possibly be a match for Kat: a mysterious bad boy with a nasty reputation of his own.', '/ujERk3aKABXU3NDXOAxEQYTHe9A.jpg');
INSERT INTO movie_genres (movie_id, genre_id) VALUES (4951, 35);
INSERT INTO movie_genres (movie_id, genre_id) VALUES (4951, 10749);
INSERT INTO movie_genres (movie_id, genre_id) VALUES (4951, 18);
INSERT INTO movies (id, title, release_date, description, poster_path) VALUES (72190, 'World War Z', '2013-06-19', 'Life for former United Nations investigator Gerry Lane and his family seems content. Suddenly, the world is plagued by a mysterious infection turning whole human populations into rampaging mindless zombies. After barely escaping the chaos, Lane is persuaded to go on a mission to investigate this disease. What follows is a perilous trek around the world where Lane must brave horrific dangers and long odds to find answers before human civilization falls.', '/aCnVdvExw6UWSeQfr0tUH3jr4qG.jpg');
INSERT INTO movie_genres (movie_id, genre_id) VALUES (72190, 28);
INSERT INTO movie_genres (movie_id, genre_id) VALUES (72190, 27);
INSERT INTO movie_genres (movie_id, genre_id) VALUES (72190, 878);
INSERT INTO movie_genres (movie_id, genre_id) VALUES (72190, 53);
INSERT INTO movies (id, title, release_date, description, poster_path) VALUES (6977, 'No Country for Old Men', '2007-11-09', 'Llewelyn Moss stumbles upon dead bodies, $2 million and a hoard of heroin in a Texas desert, but methodical killer Anton Chigurh comes looking for it, with local sheriff Ed Tom Bell hot on his trail. The roles of prey and predator blur as the violent pursuit of money and justice collide.', '/6d5XOczc226jECq0LIX0siKtgHR.jpg');
INSERT INTO movie_genres (movie_id, genre_id) VALUES (6977, 80);
INSERT INTO movie_genres (movie_id, genre_id) VALUES (6977, 53);
INSERT INTO movie_genres (movie_id, genre_id) VALUES (6977, 37);
INSERT INTO movies (id, title, release_date, description, poster_path) VALUES (615656, 'Meg 2: The Trench', '2023-08-02', 'An exploratory dive into the deepest depths of the ocean of a daring research team spirals into chaos when a malevolent mining operation threatens their mission and forces them into a high-stakes battle for survival.', '/4m1Au3YkjqsxF8iwQy0fPYSxE0h.jpg');
INSERT INTO movie_genres (movie_id, genre_id) VALUES (615656, 28);
INSERT INTO movie_genres (movie_id, genre_id) VALUES (615656, 878);
INSERT INTO movie_genres (movie_id, genre_id) VALUES (615656, 27);
INSERT INTO movies (id, title, release_date, description, poster_path) VALUES (340601, 'Delirium', '2018-05-10', 'A man recently released from a mental institute inherits a mansion after his parents die. After a series of disturbing events, he comes to believe it is haunted.', '/j2jIkjrASnjtwCmCNDwh9LDWvq9.jpg');
INSERT INTO movie_genres (movie_id, genre_id) VALUES (340601, 27);
INSERT INTO movie_genres (movie_id, genre_id) VALUES (340601, 53);
INSERT INTO movies (id, title, release_date, description, poster_path) VALUES (969492, 'Land of Bad', '2024-02-09', 'When a Delta Force special ops mission goes terribly wrong, Air Force drone pilot Reaper has 48 hours to remedy what has devolved into a wild rescue operation. With no weapons and no communication other than the drone above, the ground mission suddenly becomes a full-scale battle when the team is discovered by the enemy.', '/h3jYanWMEJq6JJsCopy1h7cT2Hs.jpg');
INSERT INTO movie_genres (movie_id, genre_id) VALUES (969492, 28);
INSERT INTO movie_genres (movie_id, genre_id) VALUES (969492, 10752);
INSERT INTO movie_genres (movie_id, genre_id) VALUES (969492, 53);
INSERT INTO movies (id, title, release_date, description, poster_path) VALUES (10625, 'Mean Girls', '2004-04-30', 'Cady Heron is a hit with The Plastics, the A-list girl clique at her new school, until she makes the mistake of falling for Aaron Samuels, the ex-boyfriend of alpha Plastic Regina George.', '/2ZkuQXvVhh45uSvkBej4S7Ix1NJ.jpg');
INSERT INTO movie_genres (movie_id, genre_id) VALUES (10625, 18);
INSERT INTO movie_genres (movie_id, genre_id) VALUES (10625, 35);
INSERT INTO movies (id, title, release_date, description, poster_path) VALUES (10198, 'The Princess and the Frog', '2009-12-08', 'A waitress, desperate to fulfill her dreams as a restaurant owner, is set on a journey to turn a frog prince back into a human being, but she has to face the same problem after she kisses him.', '/v6nAUs62OJ4DXmnnmPFeVmMz8H9.jpg');
INSERT INTO movie_genres (movie_id, genre_id) VALUES (10198, 16);
INSERT INTO movie_genres (movie_id, genre_id) VALUES (10198, 10749);
INSERT INTO movie_genres (movie_id, genre_id) VALUES (10198, 14);
INSERT INTO movie_genres (movie_id, genre_id) VALUES (10198, 10751);
INSERT INTO movies (id, title, release_date, description, poster_path) VALUES (218, 'The Terminator', '1984-10-26', 'In the post-apocalyptic future, reigning tyrannical supercomputers teleport a cyborg assassin known as the "Terminator" back to 1984 to kill Sarah Connor, whose unborn son is destined to lead insurgents against 21st century mechanical hegemony. Meanwhile, the human-resistance movement dispatches a lone warrior to safeguard Sarah. Can he stop the virtually indestructible killing machine?', '/hzXSE66v6KthZ8nPoLZmsi2G05j.jpg');
INSERT INTO movie_genres (movie_id, genre_id) VALUES (218, 28);
INSERT INTO movie_genres (movie_id, genre_id) VALUES (218, 53);
INSERT INTO movie_genres (movie_id, genre_id) VALUES (218, 878);
INSERT INTO movies (id, title, release_date, description, poster_path) VALUES (47971, 'xXx: Return of Xander Cage', '2017-01-13', 'Xander Cage is left for dead after an incident, though he secretly returns to action for a new, tough assignment with his handler Augustus Gibbons.', '/hba8zREJpP1AYhaXgb2oJLQeO0K.jpg');
INSERT INTO movie_genres (movie_id, genre_id) VALUES (47971, 28);
INSERT INTO movie_genres (movie_id, genre_id) VALUES (47971, 12);
INSERT INTO movie_genres (movie_id, genre_id) VALUES (47971, 80);
INSERT INTO movies (id, title, release_date, description, poster_path) VALUES (957452, 'The Crow', '2024-08-21', 'Soulmates Eric and Shelly are brutally murdered when the demons of her dark past catch up with them. Given the chance to save his true love by sacrificing himself, Eric sets out to seek merciless revenge on their killers, traversing the worlds of the living and the dead to put the wrong things right.', '/g8TbOXrNMuqq7AaKqdvqS2oG4ob.jpg');
INSERT INTO movie_genres (movie_id, genre_id) VALUES (957452, 28);
INSERT INTO movie_genres (movie_id, genre_id) VALUES (957452, 14);
INSERT INTO movie_genres (movie_id, genre_id) VALUES (957452, 27);
INSERT INTO movies (id, title, release_date, description, poster_path) VALUES (666154, 'Kayara', '2025-01-02', 'A courageous and athletic teenager, Kayara dreams that she is destined to be the first female to break into the league of Chasquis - the official messengers of the Incan empire. As she learns what it takes to be a Chasqui along with its challenges, she tackles every mission she gets and discovers the ancient stories of her land and her people.', '/tpZdjnoJ6Z3NsSxI6HjAIggrcEv.jpg');
INSERT INTO movie_genres (movie_id, genre_id) VALUES (666154, 16);
INSERT INTO movie_genres (movie_id, genre_id) VALUES (666154, 12);
INSERT INTO movie_genres (movie_id, genre_id) VALUES (666154, 10751);
INSERT INTO movies (id, title, release_date, description, poster_path) VALUES (38055, 'Megamind', '2010-10-28', 'After Megamind, a highly intelligent alien supervillain, defeats his long-time nemesis Metro Man, Megamind creates a new hero to fight, but must act to save the city when his "creation" becomes an even worse villain than he was.', '/uZ9ytt3sPTx62XTfN56ILSuYWRe.jpg');
INSERT INTO movie_genres (movie_id, genre_id) VALUES (38055, 16);
INSERT INTO movie_genres (movie_id, genre_id) VALUES (38055, 28);
INSERT INTO movie_genres (movie_id, genre_id) VALUES (38055, 35);
INSERT INTO movie_genres (movie_id, genre_id) VALUES (38055, 10751);
INSERT INTO movie_genres (movie_id, genre_id) VALUES (38055, 878);
INSERT INTO movies (id, title, release_date, description, poster_path) VALUES (244786, 'Whiplash', '2014-10-10', 'Under the direction of a ruthless instructor, a talented young drummer begins to pursue perfection at any cost, even his humanity.', '/7fn624j5lj3xTme2SgiLCeuedmO.jpg');
INSERT INTO movie_genres (movie_id, genre_id) VALUES (244786, 18);
INSERT INTO movie_genres (movie_id, genre_id) VALUES (244786, 10402);
INSERT INTO movies (id, title, release_date, description, poster_path) VALUES (1242419, 'Roofman', '2025-10-08', 'A former Army Ranger and struggling father turns to robbing McDonald’s restaurants by cutting holes in their roofs, earning him the nickname ''Roofman''. After escaping prison, he secretly lives inside a Toys “R” Us for six months, surviving undetected while planning his next move. But when he falls for a divorced mom drawn to his undeniable charm, his double life begins to unravel, setting off a compelling and suspenseful game of cat and mouse as his past closes in.', '/uhXxW7EmzZIWFVpbF42r6L2g7Oh.jpg');
INSERT INTO movie_genres (movie_id, genre_id) VALUES (1242419, 80);
INSERT INTO movie_genres (movie_id, genre_id) VALUES (1242419, 18);
INSERT INTO movie_genres (movie_id, genre_id) VALUES (1242419, 35);
INSERT INTO movies (id, title, release_date, description, poster_path) VALUES (1181540, 'Guns Up', '2025-05-15', 'When a job goes horribly wrong, an ex-cop and family man who moonlights as a mob henchman has one night to get his family out of the city.', '/3RokBWEkQqJRZEVP3DPwGm5MYh6.jpg');
INSERT INTO movie_genres (movie_id, genre_id) VALUES (1181540, 28);
INSERT INTO movie_genres (movie_id, genre_id) VALUES (1181540, 35);
INSERT INTO movie_genres (movie_id, genre_id) VALUES (1181540, 80);
INSERT INTO movies (id, title, release_date, description, poster_path) VALUES (377, 'A Nightmare on Elm Street', '1984-11-09', 'Teenagers in a small town are dropping like flies, apparently in the grip of mass hysteria causing their suicides. A cop''s daughter, Nancy Thompson, traces the cause to child molester Fred Krueger, who was burned alive by angry parents many years before. Krueger has now come back in the dreams of his killers'' children, claiming their lives as his revenge. Nancy and her boyfriend, Glen, must devise a plan to lure the monster out of the realm of nightmares and into the real world...', '/avHGIO93jgCZLf33ec2aahgZJX6.jpg');
INSERT INTO movie_genres (movie_id, genre_id) VALUES (377, 27);
INSERT INTO movies (id, title, release_date, description, poster_path) VALUES (1149504, 'Honey Don''t!', '2025-08-21', 'Honey O''Donahue, a small-town private investigator, delves into a series of strange deaths tied to a mysterious church.', '/fJm3kmd9NLZWypMas7g34oNFgbk.jpg');
INSERT INTO movie_genres (movie_id, genre_id) VALUES (1149504, 35);
INSERT INTO movie_genres (movie_id, genre_id) VALUES (1149504, 80);
INSERT INTO movies (id, title, release_date, description, poster_path) VALUES (1138194, 'Heretic', '2024-10-31', 'Two young missionaries are forced to prove their faith when they knock on the wrong door and are greeted by a diabolical Mr. Reed, becoming ensnared in his deadly game of cat-and-mouse.', '/fr96XzlzsONrQrGfdLMiwtQjott.jpg');
INSERT INTO movie_genres (movie_id, genre_id) VALUES (1138194, 27);
INSERT INTO movie_genres (movie_id, genre_id) VALUES (1138194, 53);
INSERT INTO movies (id, title, release_date, description, poster_path) VALUES (1319969, 'Sketch', '2025-08-06', 'When a young girl’s sketchbook falls into a strange pond, her drawings come to life—chaotic, real, and on the loose. As the town descends into chaos, her family must reunite and stop the monsters they never meant to unleash.', '/sxiDj3dTgZuCPkx30Jvyq8K9QUV.jpg');
INSERT INTO movie_genres (movie_id, genre_id) VALUES (1319969, 12);
INSERT INTO movie_genres (movie_id, genre_id) VALUES (1319969, 14);
INSERT INTO movie_genres (movie_id, genre_id) VALUES (1319969, 35);
INSERT INTO movie_genres (movie_id, genre_id) VALUES (1319969, 10751);
INSERT INTO movies (id, title, release_date, description, poster_path) VALUES (214756, 'Ted 2', '2015-06-25', 'Newlywed couple Ted and Tami-Lynn want to have a baby, but in order to qualify to be a parent, Ted will have to prove he''s a person in a court of law.', '/38C91I7Xft0gyY7BITm8i4yvuRb.jpg');
INSERT INTO movie_genres (movie_id, genre_id) VALUES (214756, 35);
INSERT INTO movie_genres (movie_id, genre_id) VALUES (214756, 14);
INSERT INTO movies (id, title, release_date, description, poster_path) VALUES (568124, 'Encanto', '2021-10-13', 'The tale of an extraordinary family, the Madrigals, who live hidden in the mountains of Colombia, in a magical house, in a vibrant town, in a wondrous, charmed place called an Encanto. The magic of the Encanto has blessed every child in the family—every child except one, Mirabel. But when she discovers that the magic surrounding the Encanto is in danger, Mirabel decides that she, the only ordinary Madrigal, might just be her exceptional family''s last hope.', '/4j0PNHkMr5ax3IA8tjtxcmPU3QT.jpg');
INSERT INTO movie_genres (movie_id, genre_id) VALUES (568124, 16);
INSERT INTO movie_genres (movie_id, genre_id) VALUES (568124, 35);
INSERT INTO movie_genres (movie_id, genre_id) VALUES (568124, 10751);
INSERT INTO movie_genres (movie_id, genre_id) VALUES (568124, 14);
INSERT INTO movies (id, title, release_date, description, poster_path) VALUES (521029, 'Annabelle Comes Home', '2019-06-26', 'Determined to keep Annabelle from wreaking more havoc, demonologists Ed and Lorraine Warren bring the possessed doll to the locked artifacts room in their home, placing her “safely” behind sacred glass and enlisting a priest’s holy blessing. But an unholy night of horror awaits as Annabelle awakens the evil spirits in the room, who all set their sights on a new target—the Warrens'' ten-year-old daughter, Judy, and her friends.', '/qWsHMrbg9DsBY3bCMk9jyYCRVRs.jpg');
INSERT INTO movie_genres (movie_id, genre_id) VALUES (521029, 27);
INSERT INTO movies (id, title, release_date, description, poster_path) VALUES (10020, 'Beauty and the Beast', '1991-10-22', 'Follow the adventures of Belle, a bright young woman who finds herself in the castle of a prince who''s been turned into a mysterious beast. With the help of the castle''s enchanted staff, Belle soon learns the most important lesson of all -- that true beauty comes from within.', '/hUJ0UvQ5tgE2Z9WpfuduVSdiCiU.jpg');
INSERT INTO movie_genres (movie_id, genre_id) VALUES (10020, 10749);
INSERT INTO movie_genres (movie_id, genre_id) VALUES (10020, 10751);
INSERT INTO movie_genres (movie_id, genre_id) VALUES (10020, 16);
INSERT INTO movie_genres (movie_id, genre_id) VALUES (10020, 14);
INSERT INTO movies (id, title, release_date, description, poster_path) VALUES (493529, 'Dungeons & Dragons: Honor Among Thieves', '2023-03-23', 'A charming thief and a band of unlikely adventurers undertake an epic heist to retrieve a lost relic, but things go dangerously awry when they run afoul of the wrong people.', '/v7UF7ypAqjsFZFdjksjQ7IUpXdn.jpg');
INSERT INTO movie_genres (movie_id, genre_id) VALUES (493529, 12);
INSERT INTO movie_genres (movie_id, genre_id) VALUES (493529, 14);
INSERT INTO movie_genres (movie_id, genre_id) VALUES (493529, 35);
INSERT INTO movies (id, title, release_date, description, poster_path) VALUES (438695, 'Sing 2', '2021-12-01', 'Buster and his new cast now have their sights set on debuting a new show at the Crystal Tower Theater in glamorous Redshore City. But with no connections, he and his singers must sneak into the Crystal Entertainment offices, run by the ruthless wolf mogul Jimmy Crystal, where the gang pitches the ridiculous idea of casting the lion rock legend Clay Calloway in their show. Buster must embark on a quest to find the now-isolated Clay and persuade him to return to the stage.', '/aWeKITRFbbwY8txG5uCj4rMCfSP.jpg');
INSERT INTO movie_genres (movie_id, genre_id) VALUES (438695, 10751);
INSERT INTO movie_genres (movie_id, genre_id) VALUES (438695, 35);
INSERT INTO movie_genres (movie_id, genre_id) VALUES (438695, 10402);
INSERT INTO movie_genres (movie_id, genre_id) VALUES (438695, 16);
INSERT INTO movies (id, title, release_date, description, poster_path) VALUES (4995, 'Boogie Nights', '1997-10-10', 'Set in 1977, back when sex was safe, pleasure was a business and business was booming, idealistic porn producer Jack Horner aspires to elevate his craft to an art form. Horner discovers Eddie Adams, a hot young talent working as a busboy in a nightclub, and welcomes him into the extended family of movie-makers, misfits and hangers-on that are always around. Adams'' rise from nobody to a celebrity adult entertainer is meteoric, and soon the whole world seems to know his porn alter ego, "Dirk Diggler". Now, when disco and drugs are in vogue, fashion is in flux and the party never seems to stop, Adams'' dreams of turning sex into stardom are about to collide with cold, hard reality.', '/wnE24UPCPQsQnbBOu4zVE2qaDNm.jpg');
INSERT INTO movie_genres (movie_id, genre_id) VALUES (4995, 18);
INSERT INTO movies (id, title, release_date, description, poster_path) VALUES (189, 'Sin City: A Dame to Kill For', '2014-08-20', 'Some of Sin City''s most hard-boiled citizens cross paths with a few of its more reviled inhabitants.', '/50kALxDX4mmzIRljbNbPY0u4cie.jpg');
INSERT INTO movie_genres (movie_id, genre_id) VALUES (189, 28);
INSERT INTO movie_genres (movie_id, genre_id) VALUES (189, 80);
INSERT INTO movie_genres (movie_id, genre_id) VALUES (189, 53);
INSERT INTO movies (id, title, release_date, description, poster_path) VALUES (168259, 'Furious 7', '2015-04-01', 'Deckard Shaw seeks revenge against Dominic Toretto and his family for his comatose brother.', '/wurKlC3VKUgcfsn0K51MJYEleS2.jpg');
INSERT INTO movie_genres (movie_id, genre_id) VALUES (168259, 28);
INSERT INTO movie_genres (movie_id, genre_id) VALUES (168259, 80);
INSERT INTO movie_genres (movie_id, genre_id) VALUES (168259, 53);
INSERT INTO movies (id, title, release_date, description, poster_path) VALUES (917496, 'Beetlejuice Beetlejuice', '2024-09-04', 'After a family tragedy, three generations of the Deetz family return home to Winter River. Still haunted by Betelgeuse, Lydia''s life is turned upside down when her teenage daughter, Astrid, accidentally opens the portal to the Afterlife.', '/kKgQzkUCnQmeTPkyIwHly2t6ZFI.jpg');
INSERT INTO movie_genres (movie_id, genre_id) VALUES (917496, 35);
INSERT INTO movie_genres (movie_id, genre_id) VALUES (917496, 14);
INSERT INTO movie_genres (movie_id, genre_id) VALUES (917496, 27);
INSERT INTO movies (id, title, release_date, description, poster_path) VALUES (49013, 'Cars 2', '2011-06-11', 'Star race car Lightning McQueen and his pal Mater head overseas to compete in the World Grand Prix race. But the road to the championship becomes rocky as Mater gets caught up in an intriguing adventure of his own: international espionage.', '/okIz1HyxeVOMzYwwHUjH2pHi74I.jpg');
INSERT INTO movie_genres (movie_id, genre_id) VALUES (49013, 16);
INSERT INTO movie_genres (movie_id, genre_id) VALUES (49013, 10751);
INSERT INTO movie_genres (movie_id, genre_id) VALUES (49013, 12);
INSERT INTO movie_genres (movie_id, genre_id) VALUES (49013, 35);
INSERT INTO movies (id, title, release_date, description, poster_path) VALUES (1724, 'The Incredible Hulk', '2008-06-12', 'Scientist Bruce Banner scours the planet for an antidote to the unbridled force of rage within him: the Hulk. But when the military masterminds who dream of exploiting his powers force him back to civilization, he finds himself coming face to face with a new, deadly foe.', '/gKzYx79y0AQTL4UAk1cBQJ3nvrm.jpg');
INSERT INTO movie_genres (movie_id, genre_id) VALUES (1724, 878);
INSERT INTO movie_genres (movie_id, genre_id) VALUES (1724, 28);
INSERT INTO movie_genres (movie_id, genre_id) VALUES (1724, 12);
INSERT INTO movies (id, title, release_date, description, poster_path) VALUES (10681, 'WALL·E', '2008-06-22', 'What if mankind had to leave Earth and somebody forgot to turn the last robot off? After hundreds of years doing what he was built for, WALL•E discovers a new purpose in life when he meets a sleek search robot named EVE. EVE comes to realize that WALL•E has inadvertently stumbled upon the key to the planet''s future, and races back to space to report to the humans. Meanwhile, WALL•E chases EVE across the galaxy and sets into motion one of the most imaginative adventures ever brought to the big screen.', '/hbhFnRzzg6ZDmm8YAmxBnQpQIPh.jpg');
INSERT INTO movie_genres (movie_id, genre_id) VALUES (10681, 16);
INSERT INTO movie_genres (movie_id, genre_id) VALUES (10681, 10751);
INSERT INTO movie_genres (movie_id, genre_id) VALUES (10681, 878);
INSERT INTO movies (id, title, release_date, description, poster_path) VALUES (974576, 'Conclave', '2024-10-25', 'After the unexpected death of the Pope, Cardinal Lawrence is tasked with managing the covert and ancient ritual of electing a new one. Sequestered in the Vatican with the Catholic Church’s most powerful leaders until the process is complete, Lawrence finds himself at the center of a conspiracy that could lead to its downfall.', '/m5x8D0bZ3eKqIVWZ5y7TnZ2oTVg.jpg');
INSERT INTO movie_genres (movie_id, genre_id) VALUES (974576, 18);
INSERT INTO movie_genres (movie_id, genre_id) VALUES (974576, 53);
INSERT INTO movies (id, title, release_date, description, poster_path) VALUES (930094, 'Red, White & Royal Blue', '2023-07-27', 'After an altercation between Alex, the president''s son, and Britain''s Prince Henry at a royal event becomes tabloid fodder, their long-running feud now threatens to drive a wedge in U.S./British relations. When the rivals are forced into a staged truce, their icy relationship begins to thaw and the friction between them sparks something deeper than they ever expected.', '/ta3ReqbdEcLJM3mcHMzbYFZI8v7.jpg');
INSERT INTO movie_genres (movie_id, genre_id) VALUES (930094, 35);
INSERT INTO movie_genres (movie_id, genre_id) VALUES (930094, 10749);
INSERT INTO movies (id, title, release_date, description, poster_path) VALUES (1979, 'Fantastic Four: Rise of the Silver Surfer', '2007-06-13', 'The Fantastic Four return to the big screen as a new and all powerful enemy threatens the Earth. The seemingly unstoppable ''Silver Surfer'', but all is not what it seems and there are old and new enemies that pose a greater threat than the intrepid superheroes realize.', '/1rxTraSO45jbvTrCeSvJ6RmOu1b.jpg');
INSERT INTO movie_genres (movie_id, genre_id) VALUES (1979, 878);
INSERT INTO movie_genres (movie_id, genre_id) VALUES (1979, 12);
INSERT INTO movie_genres (movie_id, genre_id) VALUES (1979, 28);
INSERT INTO movies (id, title, release_date, description, poster_path) VALUES (464052, 'Wonder Woman 1984', '2020-12-16', 'A botched store robbery places Wonder Woman in a global battle against a powerful and mysterious ancient force that puts her powers in jeopardy.', '/8UlWHLMpgZm9bx6QYh0NFoq67TZ.jpg');
INSERT INTO movie_genres (movie_id, genre_id) VALUES (464052, 28);
INSERT INTO movie_genres (movie_id, genre_id) VALUES (464052, 12);
INSERT INTO movie_genres (movie_id, genre_id) VALUES (464052, 14);
INSERT INTO movies (id, title, release_date, description, poster_path) VALUES (792307, 'Poor Things', '2023-12-07', 'Brought back to life by an unorthodox scientist, a young woman runs off with a lawyer on a whirlwind adventure across the continents. Free from the prejudices of her times, she grows steadfast in her purpose to stand for equality and liberation.', '/kCGlIMHnOm8JPXq3rXM6c5wMxcT.jpg');
INSERT INTO movie_genres (movie_id, genre_id) VALUES (792307, 878);
INSERT INTO movie_genres (movie_id, genre_id) VALUES (792307, 10749);
INSERT INTO movie_genres (movie_id, genre_id) VALUES (792307, 35);
INSERT INTO movies (id, title, release_date, description, poster_path) VALUES (11544, 'Lilo & Stitch', '2002-06-21', 'As Stitch, a runaway genetic experiment from a faraway planet, wreaks havoc on the Hawaiian Islands, he becomes the mischievous adopted alien "puppy" of an independent little girl named Lilo and learns about loyalty, friendship, and ʻohana, the Hawaiian tradition of family.', '/m13Vbzv7R2GMAl3GXFrkmMEgCFQ.jpg');
INSERT INTO movie_genres (movie_id, genre_id) VALUES (11544, 16);
INSERT INTO movie_genres (movie_id, genre_id) VALUES (11544, 10751);
INSERT INTO movie_genres (movie_id, genre_id) VALUES (11544, 35);
INSERT INTO movies (id, title, release_date, description, poster_path) VALUES (38365, 'Grown Ups', '2010-06-24', 'After their high school basketball coach passes away, five good friends and former teammates reunite for a Fourth of July holiday weekend.', '/ys0LscDFAuZxfUcpH5moiPeFfXs.jpg');
INSERT INTO movie_genres (movie_id, genre_id) VALUES (38365, 35);
INSERT INTO movies (id, title, release_date, description, poster_path) VALUES (980489, 'Gran Turismo', '2023-08-09', 'The ultimate wish-fulfillment tale of a teenage Gran Turismo player whose gaming skills won him a series of Nissan competitions to become an actual professional racecar driver.', '/51tqzRtKMMZEYUpSYkrUE7v9ehm.jpg');
INSERT INTO movie_genres (movie_id, genre_id) VALUES (980489, 12);
INSERT INTO movie_genres (movie_id, genre_id) VALUES (980489, 28);
INSERT INTO movie_genres (movie_id, genre_id) VALUES (980489, 18);
INSERT INTO movies (id, title, release_date, description, poster_path) VALUES (854, 'The Mask', '1994-07-29', 'When timid bank clerk Stanley Ipkiss discovers a magical mask containing the spirit of the Norse god Loki, his entire life changes. While wearing the mask, Ipkiss becomes a supernatural playboy exuding charm and confidence which allows him to catch the eye of local nightclub singer Tina Carlyle. Unfortunately, under the mask''s influence, Ipkiss also robs a bank, which angers junior crime lord Dorian Tyrell, whose goons get blamed for the heist.', '/yd3wjLLeQHJ3oRDy4wwiNNFVyLW.jpg');
INSERT INTO movie_genres (movie_id, genre_id) VALUES (854, 10749);
INSERT INTO movie_genres (movie_id, genre_id) VALUES (854, 35);
INSERT INTO movie_genres (movie_id, genre_id) VALUES (854, 80);
INSERT INTO movie_genres (movie_id, genre_id) VALUES (854, 14);
INSERT INTO movies (id, title, release_date, description, poster_path) VALUES (550988, 'Free Guy', '2021-08-11', 'A bank teller discovers he is actually a background player in an open-world video game, and decides to become the hero of his own story. Now, in a world where there are no limits, he is determined to be the guy who saves his world his way before it''s too late.', '/6PFJrMvoQwBxQITLYHj09VeJ37q.jpg');
INSERT INTO movie_genres (movie_id, genre_id) VALUES (550988, 35);
INSERT INTO movie_genres (movie_id, genre_id) VALUES (550988, 12);
INSERT INTO movie_genres (movie_id, genre_id) VALUES (550988, 878);
INSERT INTO movies (id, title, release_date, description, poster_path) VALUES (1245347, 'Twinless', '2025-09-04', 'Two young men meet in a twin bereavement support group and form an unlikely bromance.', '/A3WrY9AaBWxk1xn9bwqB9CAJT12.jpg');
INSERT INTO movie_genres (movie_id, genre_id) VALUES (1245347, 35);
INSERT INTO movie_genres (movie_id, genre_id) VALUES (1245347, 18);
INSERT INTO movies (id, title, release_date, description, poster_path) VALUES (1127110, 'Diablo', '2025-06-13', 'Ex-con Kris Chaney seizes the daughter of a Colombian gangster to fulfill a noble promise to the young girl''s mother. When her father enlists both the criminal underworld and a psychotic killer to exact his revenge, Kris relies on everything he''s ever learned to stay alive and keep his word.', '/uFQduVyYIinJy3eLjozgfl6Xtcn.jpg');
INSERT INTO movie_genres (movie_id, genre_id) VALUES (1127110, 28);
INSERT INTO movie_genres (movie_id, genre_id) VALUES (1127110, 53);
INSERT INTO movies (id, title, release_date, description, poster_path) VALUES (1562, '28 Weeks Later', '2007-04-26', 'Twenty-eight weeks after the spread of a deadly rage virus, the inhabitants of the British Isles have lost their battle against the onslaught, as the virus has killed everyone there. Six months later, a group of Americans dare to set foot on the Isles, convinced the danger has passed. But it soon becomes all too clear that the scourge continues to live, waiting to pounce on its next victims.', '/oix0aNv1lvW3nUGspUyvSIBlpbs.jpg');
INSERT INTO movie_genres (movie_id, genre_id) VALUES (1562, 27);
INSERT INTO movie_genres (movie_id, genre_id) VALUES (1562, 53);
INSERT INTO movie_genres (movie_id, genre_id) VALUES (1562, 878);
INSERT INTO movies (id, title, release_date, description, poster_path) VALUES (663712, 'Terrifier 2', '2022-10-06', 'A year after the Miles County massacre, Art the Clown is resurrected by a sinister entity. Art returns home, where he must hunt down and destroy teenage Sienna and her younger brother Jonathan on Halloween. As the body count rises, the siblings fight to stay alive while uncovering the true nature of Art''s evil intent.', '/qEAlwXbYk6IHA4ztoS2XFFaa7Xo.jpg');
INSERT INTO movie_genres (movie_id, genre_id) VALUES (663712, 27);
INSERT INTO movie_genres (movie_id, genre_id) VALUES (663712, 53);
INSERT INTO movies (id, title, release_date, description, poster_path) VALUES (753342, 'Napoleon', '2023-11-22', 'An epic that details the checkered rise and fall of French Emperor Napoleon Bonaparte and his relentless journey to power through the prism of his addictive, volatile relationship with his wife, Josephine.', '/ytFOXyghxLzAM4KZyazDdEkM66q.jpg');
INSERT INTO movie_genres (movie_id, genre_id) VALUES (753342, 36);
INSERT INTO movie_genres (movie_id, genre_id) VALUES (753342, 10752);
INSERT INTO movie_genres (movie_id, genre_id) VALUES (753342, 10749);
INSERT INTO movies (id, title, release_date, description, poster_path) VALUES (947478, 'The Green Dinosaur', '2024-10-04', 'When the world around him is mysteriously erased, a little green dinosaur named Diplodocus must travel through the pages of a comic book and adventure through time to bring color back to his land. Alongside a wizard and two scientists, Diplo’s plans go awry as he learns that there may be a dimension to his world that he never considered.', '/9mnMMiwv20EL5weJrLZCaF8cM2u.jpg');
INSERT INTO movie_genres (movie_id, genre_id) VALUES (947478, 16);
INSERT INTO movie_genres (movie_id, genre_id) VALUES (947478, 10751);
INSERT INTO movie_genres (movie_id, genre_id) VALUES (947478, 12);
INSERT INTO movie_genres (movie_id, genre_id) VALUES (947478, 14);
INSERT INTO movie_genres (movie_id, genre_id) VALUES (947478, 35);
INSERT INTO movies (id, title, release_date, description, poster_path) VALUES (39254, 'Real Steel', '2011-09-28', 'Charlie Kenton is a washed-up fighter who retired from the ring when robots took over the sport. After his robot is trashed, he reluctantly teams up with his estranged son to rebuild and train an unlikely contender.', '/4GIeI5K5YdDUkR3mNQBoScpSFEf.jpg');
INSERT INTO movie_genres (movie_id, genre_id) VALUES (39254, 28);
INSERT INTO movie_genres (movie_id, genre_id) VALUES (39254, 878);
INSERT INTO movie_genres (movie_id, genre_id) VALUES (39254, 18);
INSERT INTO movies (id, title, release_date, description, poster_path) VALUES (967847, 'Ghostbusters: Frozen Empire', '2024-03-20', 'When the discovery of an ancient artifact unleashes an evil force, Ghostbusters new and old must join forces to protect their home and save the world from a second Ice Age.', '/e1J2oNzSBdou01sUvriVuoYp0pJ.jpg');
INSERT INTO movie_genres (movie_id, genre_id) VALUES (967847, 14);
INSERT INTO movie_genres (movie_id, genre_id) VALUES (967847, 12);
INSERT INTO movie_genres (movie_id, genre_id) VALUES (967847, 35);
INSERT INTO movies (id, title, release_date, description, poster_path) VALUES (507086, 'Jurassic World Dominion', '2022-06-01', 'Four years after Isla Nublar was destroyed, dinosaurs now live—and hunt—alongside humans all over the world. This fragile balance will reshape the future and determine, once and for all, whether human beings are to remain the apex predators on a planet they now share with history''s most fearsome creatures.', '/jbAvCACjLf1ZG0unB2tdmx5HAf1.jpg');
INSERT INTO movie_genres (movie_id, genre_id) VALUES (507086, 12);
INSERT INTO movie_genres (movie_id, genre_id) VALUES (507086, 28);
INSERT INTO movie_genres (movie_id, genre_id) VALUES (507086, 878);
INSERT INTO movies (id, title, release_date, description, poster_path) VALUES (21542, 'Love Don''t Co$t a Thing', '2003-12-12', 'A high school outcast pays a cheerleader to pose as his girlfriend so he can be considered cool.', '/88zspc72LIkfiuMnGpHnsWCuqEH.jpg');
INSERT INTO movie_genres (movie_id, genre_id) VALUES (21542, 35);
INSERT INTO movie_genres (movie_id, genre_id) VALUES (21542, 18);
INSERT INTO movie_genres (movie_id, genre_id) VALUES (21542, 10751);
INSERT INTO movie_genres (movie_id, genre_id) VALUES (21542, 10749);
INSERT INTO movies (id, title, release_date, description, poster_path) VALUES (106, 'Predator', '1987-06-12', 'A team of elite commandos on a secret mission in a Central American jungle come to find themselves hunted by an extraterrestrial warrior.', '/k3mW4qfJo6SKqe6laRyNGnbB9n5.jpg');
INSERT INTO movie_genres (movie_id, genre_id) VALUES (106, 878);
INSERT INTO movie_genres (movie_id, genre_id) VALUES (106, 28);
INSERT INTO movie_genres (movie_id, genre_id) VALUES (106, 12);
INSERT INTO movie_genres (movie_id, genre_id) VALUES (106, 53);
INSERT INTO movies (id, title, release_date, description, poster_path) VALUES (564, 'The Mummy', '1999-04-16', 'Dashing legionnaire Rick O''Connell stumbles upon the hidden ruins of Hamunaptra while in the midst of a battle to claim the area in 1920s Egypt. It has been over three thousand years since former High Priest Imhotep suffered a fate worse than death as a punishment for a forbidden love—along with a curse that guarantees eternal doom upon the world if he is ever awoken.', '/yhIsVvcUm7QxzLfT6HW2wLf5ajY.jpg');
INSERT INTO movie_genres (movie_id, genre_id) VALUES (564, 12);
INSERT INTO movie_genres (movie_id, genre_id) VALUES (564, 28);
INSERT INTO movie_genres (movie_id, genre_id) VALUES (564, 14);
INSERT INTO movies (id, title, release_date, description, poster_path) VALUES (810, 'Shrek the Third', '2007-05-17', 'The King of Far Far Away has died and Shrek and Fiona are to become King & Queen. However, Shrek wants to return to his cozy swamp and live in peace and quiet, so when he finds out there is another heir to the throne, they set off to bring him back to rule the kingdom.', '/n4SexGGQzI26E269tfpa80MZaGV.jpg');
INSERT INTO movie_genres (movie_id, genre_id) VALUES (810, 14);
INSERT INTO movie_genres (movie_id, genre_id) VALUES (810, 12);
INSERT INTO movie_genres (movie_id, genre_id) VALUES (810, 16);
INSERT INTO movie_genres (movie_id, genre_id) VALUES (810, 35);
INSERT INTO movie_genres (movie_id, genre_id) VALUES (810, 10751);
INSERT INTO movies (id, title, release_date, description, poster_path) VALUES (135397, 'Jurassic World', '2015-06-06', 'Twenty-two years after the events of Jurassic Park, Isla Nublar now features a fully functioning dinosaur theme park, Jurassic World, as originally envisioned by John Hammond.', '/rhr4y79GpxQF9IsfJItRXVaoGs4.jpg');
INSERT INTO movie_genres (movie_id, genre_id) VALUES (135397, 28);
INSERT INTO movie_genres (movie_id, genre_id) VALUES (135397, 12);
INSERT INTO movie_genres (movie_id, genre_id) VALUES (135397, 878);
INSERT INTO movie_genres (movie_id, genre_id) VALUES (135397, 53);
INSERT INTO movies (id, title, release_date, description, poster_path) VALUES (11324, 'Shutter Island', '2010-02-14', 'World War II soldier-turned-U.S. Marshal Teddy Daniels investigates the disappearance of a patient from a hospital for the criminally insane, but his efforts are compromised by troubling visions and a mysterious doctor.', '/nrmXQ0zcZUL8jFLrakWc90IR8z9.jpg');
INSERT INTO movie_genres (movie_id, genre_id) VALUES (11324, 18);
INSERT INTO movie_genres (movie_id, genre_id) VALUES (11324, 53);
INSERT INTO movie_genres (movie_id, genre_id) VALUES (11324, 9648);
INSERT INTO movies (id, title, release_date, description, poster_path) VALUES (1402, 'The Pursuit of Happyness', '2006-12-14', 'A struggling salesman takes custody of his son as he''s poised to begin a life-changing professional career.', '/lBYOKAMcxIvuk9s9hMuecB9dPBV.jpg');
INSERT INTO movie_genres (movie_id, genre_id) VALUES (1402, 18);
INSERT INTO movies (id, title, release_date, description, poster_path) VALUES (10195, 'Thor', '2011-04-21', 'Against his father Odin''s will, The Mighty Thor - a powerful but arrogant warrior god - recklessly reignites an ancient war. Thor is cast down to Earth and forced to live among humans as punishment. Once here, Thor learns what it takes to be a true hero when the most dangerous villain of his world sends the darkest forces of Asgard to invade Earth.', '/prSfAi1xGrhLQNxVSUFh61xQ4Qy.jpg');
INSERT INTO movie_genres (movie_id, genre_id) VALUES (10195, 12);
INSERT INTO movie_genres (movie_id, genre_id) VALUES (10195, 14);
INSERT INTO movie_genres (movie_id, genre_id) VALUES (10195, 28);
INSERT INTO movies (id, title, release_date, description, poster_path) VALUES (698508, 'Redeeming Love', '2022-01-21', 'A retelling of the biblical book of Hosea set against the backdrop of the California Gold Rush of 1850.', '/pDc2HxQtC0MlKD4QfRvmKREEyhc.jpg');
INSERT INTO movie_genres (movie_id, genre_id) VALUES (698508, 10749);
INSERT INTO movie_genres (movie_id, genre_id) VALUES (698508, 18);
INSERT INTO movie_genres (movie_id, genre_id) VALUES (698508, 37);
INSERT INTO movies (id, title, release_date, description, poster_path) VALUES (605, 'The Matrix Revolutions', '2003-11-05', 'The human city of Zion defends itself against the massive invasion of the machines as Neo fights to end the war at another front while also opposing the rogue Agent Smith.', '/t1wm4PgOQ8e4z1C6tk1yDNrps4T.jpg');
INSERT INTO movie_genres (movie_id, genre_id) VALUES (605, 12);
INSERT INTO movie_genres (movie_id, genre_id) VALUES (605, 28);
INSERT INTO movie_genres (movie_id, genre_id) VALUES (605, 53);
INSERT INTO movie_genres (movie_id, genre_id) VALUES (605, 878);
INSERT INTO movies (id, title, release_date, description, poster_path) VALUES (667538, 'Transformers: Rise of the Beasts', '2023-06-06', 'When a new threat capable of destroying the entire planet emerges, Optimus Prime and the Autobots must team up with a powerful faction known as the Maximals. With the fate of humanity hanging in the balance, humans Noah and Elena will do whatever it takes to help the Transformers as they engage in the ultimate battle to save Earth.', '/gPbM0MK8CP8A174rmUwGsADNYKD.jpg');
INSERT INTO movie_genres (movie_id, genre_id) VALUES (667538, 878);
INSERT INTO movie_genres (movie_id, genre_id) VALUES (667538, 12);
INSERT INTO movie_genres (movie_id, genre_id) VALUES (667538, 28);
INSERT INTO movies (id, title, release_date, description, poster_path) VALUES (739405, 'Operation Fortune: Ruse de Guerre', '2023-01-04', 'Special agent Orson Fortune and his team of operatives recruit one of Hollywood''s biggest movie stars to help them on an undercover mission when the sale of a deadly new weapons technology threatens to disrupt the world order.', '/uo7vWfQUlVwueYTDRicXOJa8Oow.jpg');
INSERT INTO movie_genres (movie_id, genre_id) VALUES (739405, 28);
INSERT INTO movie_genres (movie_id, genre_id) VALUES (739405, 35);
INSERT INTO movie_genres (movie_id, genre_id) VALUES (739405, 53);
INSERT INTO movies (id, title, release_date, description, poster_path) VALUES (1032823, 'Trap', '2024-07-31', 'A father and teen daughter attend a pop concert, where they realize they''re at the center of a dark and sinister event.', '/jwoaKYVqPgYemFpaANL941EF94R.jpg');
INSERT INTO movie_genres (movie_id, genre_id) VALUES (1032823, 53);
INSERT INTO movie_genres (movie_id, genre_id) VALUES (1032823, 9648);
INSERT INTO movie_genres (movie_id, genre_id) VALUES (1032823, 80);
INSERT INTO movie_genres (movie_id, genre_id) VALUES (1032823, 27);
INSERT INTO movies (id, title, release_date, description, poster_path) VALUES (2105, 'American Pie', '1999-07-09', 'At a high-school party, four friends find that losing their collective virginity isn''t as easy as they had thought. But they still believe that they need to do so before college. To motivate themselves, they enter a pact to all "score" by their senior prom.', '/5P68by2Thn8wHAziyWGEw2O7hco.jpg');
INSERT INTO movie_genres (movie_id, genre_id) VALUES (2105, 35);
INSERT INTO movie_genres (movie_id, genre_id) VALUES (2105, 10749);
INSERT INTO movies (id, title, release_date, description, poster_path) VALUES (166428, 'How to Train Your Dragon: The Hidden World', '2019-01-03', 'As Hiccup fulfills his dream of creating a peaceful dragon utopia, Toothless’ discovery of an untamed, elusive mate draws the Night Fury away. When danger mounts at home and Hiccup’s reign as village chief is tested, both dragon and rider must make impossible decisions to save their kind.', '/xvx4Yhf0DVH8G4LzNISpMfFBDy2.jpg');
INSERT INTO movie_genres (movie_id, genre_id) VALUES (166428, 16);
INSERT INTO movie_genres (movie_id, genre_id) VALUES (166428, 10751);
INSERT INTO movie_genres (movie_id, genre_id) VALUES (166428, 12);
INSERT INTO movies (id, title, release_date, description, poster_path) VALUES (698687, 'Transformers One', '2024-09-11', 'The untold origin story of Optimus Prime and Megatron, better known as sworn enemies, but once were friends bonded like brothers who changed the fate of Cybertron forever.', '/iRCgqpdVE4wyLQvGYU3ZP7pAtUc.jpg');
INSERT INTO movie_genres (movie_id, genre_id) VALUES (698687, 16);
INSERT INTO movie_genres (movie_id, genre_id) VALUES (698687, 878);
INSERT INTO movie_genres (movie_id, genre_id) VALUES (698687, 12);
INSERT INTO movie_genres (movie_id, genre_id) VALUES (698687, 10751);
INSERT INTO movies (id, title, release_date, description, poster_path) VALUES (668489, 'Havoc', '2025-04-25', 'When a drug heist swerves lethally out of control, a jaded cop fights his way through a corrupt city''s criminal underworld to save a politician''s son.', '/ubP2OsF3GlfqYPvXyLw9d78djGX.jpg');
INSERT INTO movie_genres (movie_id, genre_id) VALUES (668489, 28);
INSERT INTO movie_genres (movie_id, genre_id) VALUES (668489, 80);
INSERT INTO movie_genres (movie_id, genre_id) VALUES (668489, 53);
INSERT INTO movies (id, title, release_date, description, poster_path) VALUES (857, 'Saving Private Ryan', '1998-07-24', 'As U.S. troops storm the beaches of Normandy, three brothers lie dead on the battlefield, with a fourth trapped behind enemy lines. Ranger captain John Miller and seven men are tasked with penetrating German-held territory and bringing the boy home.', '/uqx37cS8cpHg8U35f9U5IBlrCV3.jpg');
INSERT INTO movie_genres (movie_id, genre_id) VALUES (857, 18);
INSERT INTO movie_genres (movie_id, genre_id) VALUES (857, 36);
INSERT INTO movie_genres (movie_id, genre_id) VALUES (857, 10752);
INSERT INTO movies (id, title, release_date, description, poster_path) VALUES (512200, 'Jumanji: The Next Level', '2019-12-04', 'As the gang return to Jumanji to rescue one of their own, they discover that nothing is as they expect. The players will have to brave parts unknown and unexplored in order to escape the world’s most dangerous game.', '/4kh9dxAiClS2GMUpkRyzGwpNWWX.jpg');
INSERT INTO movie_genres (movie_id, genre_id) VALUES (512200, 12);
INSERT INTO movie_genres (movie_id, genre_id) VALUES (512200, 35);
INSERT INTO movie_genres (movie_id, genre_id) VALUES (512200, 14);
INSERT INTO movies (id, title, release_date, description, poster_path) VALUES (243352, 'Where Hope Grows', '2014-04-06', 'Calvin Campbell is a former professional baseball player sent to an early retirement due to his panic attacks at the plate. Even though he had all the talent for the big leagues, he struggles with the curveballs life has thrown him. Today, he mindlessly sleepwalks through his days and the challenge of raising his teenager daughter. His life is in a slow downward spiral when it is suddenly awakened and invigorated by the most unlikely person – Produce, a young-man with Down syndrome who works at the local grocery store.', '/gQmOsU2hA0PrGvxGjzty1S2OO3H.jpg');
INSERT INTO movie_genres (movie_id, genre_id) VALUES (243352, 18);
INSERT INTO movies (id, title, release_date, description, poster_path) VALUES (929590, 'Civil War', '2024-04-10', 'In the near future, a group of war journalists attempt to survive while reporting the truth as the United States stands on the brink of civil war.', '/sh7Rg8Er3tFcN9BpKIPOMvALgZd.jpg');
INSERT INTO movie_genres (movie_id, genre_id) VALUES (929590, 10752);
INSERT INTO movie_genres (movie_id, genre_id) VALUES (929590, 28);
INSERT INTO movie_genres (movie_id, genre_id) VALUES (929590, 18);
INSERT INTO movies (id, title, release_date, description, poster_path) VALUES (68726, 'Pacific Rim', '2013-07-11', 'Using massive piloted robots to combat the alien threat, earth''s survivors take the fight to the invading alien force lurking in the depths of the Pacific Ocean. Nearly defenseless in the face of the relentless enemy, the forces of mankind have no choice but to turn to two unlikely heroes who now stand as earth''s final hope against the mounting apocalypse.', '/mmznhaQDwlHWpUwKuNxtQiubbmM.jpg');
INSERT INTO movie_genres (movie_id, genre_id) VALUES (68726, 28);
INSERT INTO movie_genres (movie_id, genre_id) VALUES (68726, 878);
INSERT INTO movie_genres (movie_id, genre_id) VALUES (68726, 12);
INSERT INTO movies (id, title, release_date, description, poster_path) VALUES (50619, 'The Twilight Saga: Breaking Dawn - Part 1', '2011-11-16', 'Bella Swan and Edward Cullen''s honeymoon phase is abruptly disrupted by betrayals and unforeseen tragedies that endanger their world.', '/qs8LsHKYlVRmJbFUiSUhhRAygwj.jpg');
INSERT INTO movie_genres (movie_id, genre_id) VALUES (50619, 12);
INSERT INTO movie_genres (movie_id, genre_id) VALUES (50619, 14);
INSERT INTO movie_genres (movie_id, genre_id) VALUES (50619, 10749);
INSERT INTO movies (id, title, release_date, description, poster_path) VALUES (937287, 'Challengers', '2024-04-18', 'Tennis player turned coach Tashi has taken her husband, Art, and transformed him into a world-famous Major champion. To jolt him out of his recent losing streak, she signs him up for a "Challenger" event — close to the lowest level of pro tournament — where he finds himself standing across the net from his former best friend and Tashi''s former boyfriend.', '/H6vke7zGiuLsz4v4RPeReb9rsv.jpg');
INSERT INTO movie_genres (movie_id, genre_id) VALUES (937287, 18);
INSERT INTO movie_genres (movie_id, genre_id) VALUES (937287, 10749);
INSERT INTO movies (id, title, release_date, description, poster_path) VALUES (294254, 'Maze Runner: The Scorch Trials', '2015-09-09', 'Thomas and his fellow Gladers face their greatest challenge yet: searching for clues about the mysterious and powerful organization known as WCKD. Their journey takes them to the Scorch, a desolate landscape filled with unimaginable obstacles. Teaming up with resistance fighters, the Gladers take on WCKD’s vastly superior forces and uncover its shocking plans for them all.', '/mYw7ZyejqSCPFlrT2jHZOESZDU3.jpg');
INSERT INTO movie_genres (movie_id, genre_id) VALUES (294254, 878);
INSERT INTO movie_genres (movie_id, genre_id) VALUES (294254, 28);
INSERT INTO movie_genres (movie_id, genre_id) VALUES (294254, 53);
INSERT INTO movie_genres (movie_id, genre_id) VALUES (294254, 12);
INSERT INTO movies (id, title, release_date, description, poster_path) VALUES (14161, '2012', '2009-10-10', 'Dr. Adrian Helmsley, part of a worldwide geophysical team investigating the effect on the earth of radiation from unprecedented solar storms, learns that the earth''s core is heating up. He warns U.S. President Thomas Wilson that the crust of the earth is becoming unstable and that without proper preparations for saving a fraction of the world''s population, the entire race is doomed. Meanwhile, writer Jackson Curtis stumbles on the same information. While the world''s leaders race to build "arks" to escape the impending cataclysm, Curtis struggles to find a way to save his family. Meanwhile, volcanic eruptions and earthquakes of unprecedented strength wreak havoc around the world.', '/zaqam2RNscH5ooYFWInV6hjx6y5.jpg');
INSERT INTO movie_genres (movie_id, genre_id) VALUES (14161, 28);
INSERT INTO movie_genres (movie_id, genre_id) VALUES (14161, 12);
INSERT INTO movie_genres (movie_id, genre_id) VALUES (14161, 878);
INSERT INTO movies (id, title, release_date, description, poster_path) VALUES (301528, 'Toy Story 4', '2019-06-19', 'Woody has always been confident about his place in the world and that his priority is taking care of his kid, whether that''s Andy or Bonnie. But when Bonnie adds a reluctant new toy called "Forky" to her room, a road trip adventure alongside old and new friends will show Woody how big the world can be for a toy.', '/w9kR8qbmQ01HwnvK4alvnQ2ca0L.jpg');
INSERT INTO movie_genres (movie_id, genre_id) VALUES (301528, 10751);
INSERT INTO movie_genres (movie_id, genre_id) VALUES (301528, 35);
INSERT INTO movie_genres (movie_id, genre_id) VALUES (301528, 16);
INSERT INTO movie_genres (movie_id, genre_id) VALUES (301528, 12);
INSERT INTO movies (id, title, release_date, description, poster_path) VALUES (1249289, 'Alarum', '2025-01-16', 'Two married spies caught in the crosshairs of an international intelligence network will stop at nothing to obtain a critical asset. Joe and Lara are agents living off the grid whose quiet retreat at a winter resort is blown to shreds when members of the old guard suspect the two may have joined an elite team of rogue spies, known as Alarum.', '/ckyYZf5cGTSOwF8LWIRqeThyh18.jpg');
INSERT INTO movie_genres (movie_id, genre_id) VALUES (1249289, 28);
INSERT INTO movie_genres (movie_id, genre_id) VALUES (1249289, 80);
INSERT INTO movie_genres (movie_id, genre_id) VALUES (1249289, 53);
INSERT INTO movies (id, title, release_date, description, poster_path) VALUES (1329336, 'The Bad Guys: Haunted Heist', '2024-10-02', 'The crafty Bad Guys crew embarks on a high-stakes Halloween heist to swipe a priceless amulet from a spooky mansion. What could go wrong?', '/oEJC05CqPugMxC4rFu9r6r6vg6m.jpg');
INSERT INTO movie_genres (movie_id, genre_id) VALUES (1329336, 16);
INSERT INTO movie_genres (movie_id, genre_id) VALUES (1329336, 35);
INSERT INTO movies (id, title, release_date, description, poster_path) VALUES (1495, 'Kingdom of Heaven', '2005-05-03', 'After his wife dies, a blacksmith named Balian is thrust into royalty, political intrigue and bloody holy wars during the Crusades.', '/rNaBe4TwbMef71sgscqabpGKsxh.jpg');
INSERT INTO movie_genres (movie_id, genre_id) VALUES (1495, 18);
INSERT INTO movie_genres (movie_id, genre_id) VALUES (1495, 28);
INSERT INTO movie_genres (movie_id, genre_id) VALUES (1495, 12);
INSERT INTO movie_genres (movie_id, genre_id) VALUES (1495, 36);
INSERT INTO movie_genres (movie_id, genre_id) VALUES (1495, 10752);
INSERT INTO movies (id, title, release_date, description, poster_path) VALUES (520763, 'A Quiet Place Part II', '2021-05-21', 'Following the events at home, the Abbott family now face the terrors of the outside world. Forced to venture into the unknown, they realize that the creatures that hunt by sound are not the only threats that lurk beyond the sand path.', '/4q2hz2m8hubgvijz8Ez0T2Os2Yv.jpg');
INSERT INTO movie_genres (movie_id, genre_id) VALUES (520763, 878);
INSERT INTO movie_genres (movie_id, genre_id) VALUES (520763, 53);
INSERT INTO movie_genres (movie_id, genre_id) VALUES (520763, 27);
INSERT INTO movies (id, title, release_date, description, poster_path) VALUES (724495, 'The Woman King', '2022-09-16', 'The story of the Agojie, the all-female unit of warriors who protected the African Kingdom of Dahomey in the 1800s with skills and a fierceness unlike anything the world has ever seen, and General Nanisca as she trains the next generation of recruits and readies them for battle against an enemy determined to destroy their way of life.', '/438QXt1E3WJWb3PqNniK0tAE5c1.jpg');
INSERT INTO movie_genres (movie_id, genre_id) VALUES (724495, 28);
INSERT INTO movie_genres (movie_id, genre_id) VALUES (724495, 18);
INSERT INTO movie_genres (movie_id, genre_id) VALUES (724495, 36);
INSERT INTO movies (id, title, release_date, description, poster_path) VALUES (299054, 'Expend4bles', '2023-09-15', 'Armed with every weapon they can get their hands on and the skills to use them, The Expendables are the world’s last line of defense and the team that gets called when all other options are off the table. But new team members with new styles and tactics are going to give “new blood” a whole new meaning.', '/iwsMu0ehRPbtaSxqiaUDQB9qMWT.jpg');
INSERT INTO movie_genres (movie_id, genre_id) VALUES (299054, 28);
INSERT INTO movie_genres (movie_id, genre_id) VALUES (299054, 12);
INSERT INTO movie_genres (movie_id, genre_id) VALUES (299054, 53);
INSERT INTO movies (id, title, release_date, description, poster_path) VALUES (679, 'Aliens', '1986-07-18', 'Ripley, the sole survivor of the Nostromo''s deadly encounter with the monstrous Alien, returns to Earth after drifting through space in hypersleep for 57 years. Although her story is initially met with skepticism, she agrees to accompany a team of Colonial Marines back to LV-426.', '/r1x5JGpyqZU8PYhbs4UcrO1Xb6x.jpg');
INSERT INTO movie_genres (movie_id, genre_id) VALUES (679, 28);
INSERT INTO movie_genres (movie_id, genre_id) VALUES (679, 53);
INSERT INTO movie_genres (movie_id, genre_id) VALUES (679, 878);
INSERT INTO movies (id, title, release_date, description, poster_path) VALUES (424, 'Schindler''s List', '1993-12-15', 'The true story of how businessman Oskar Schindler saved over a thousand Jewish lives from the Nazis while they worked as slaves in his factory during World War II.', '/sF1U4EUQS8YHUYjNl3pMGNIQyr0.jpg');
INSERT INTO movie_genres (movie_id, genre_id) VALUES (424, 18);
INSERT INTO movie_genres (movie_id, genre_id) VALUES (424, 36);
INSERT INTO movie_genres (movie_id, genre_id) VALUES (424, 10752);
INSERT INTO movies (id, title, release_date, description, poster_path) VALUES (1225572, 'Screamboat', '2025-03-20', 'A late-night boat ride turns into a desperate fight for survival in New York City when a mischievous mouse becomes a monstrous reality.', '/78xGAhQaKpgq9TI08XK40Ua2bGx.jpg');
INSERT INTO movie_genres (movie_id, genre_id) VALUES (1225572, 27);
INSERT INTO movie_genres (movie_id, genre_id) VALUES (1225572, 35);
INSERT INTO movies (id, title, release_date, description, poster_path) VALUES (466420, 'Killers of the Flower Moon', '2023-10-18', 'When oil is discovered in 1920s Oklahoma under Osage Nation land, the Osage people are murdered one by one—until the FBI steps in to unravel the mystery.', '/dB6Krk806zeqd0YNp2ngQ9zXteH.jpg');
INSERT INTO movie_genres (movie_id, genre_id) VALUES (466420, 80);
INSERT INTO movie_genres (movie_id, genre_id) VALUES (466420, 36);
INSERT INTO movie_genres (movie_id, genre_id) VALUES (466420, 18);
INSERT INTO movies (id, title, release_date, description, poster_path) VALUES (744653, 'The Thursday Murder Club', '2025-08-22', 'A group of senior sleuths passionate about solving cold cases get plunged into a real-life murder mystery in this comic crime caper.', '/u0o7XtI0WWdLzlK9hVT8lQTB6Yd.jpg');
INSERT INTO movie_genres (movie_id, genre_id) VALUES (744653, 35);
INSERT INTO movie_genres (movie_id, genre_id) VALUES (744653, 9648);
INSERT INTO movie_genres (movie_id, genre_id) VALUES (744653, 80);
INSERT INTO movies (id, title, release_date, description, poster_path) VALUES (458156, 'John Wick: Chapter 3 - Parabellum', '2019-05-15', 'Super-assassin John Wick returns with a $14 million price tag on his head and an army of bounty-hunting killers on his trail. After killing a member of the shadowy international assassin’s guild, the High Table, John Wick is excommunicado, but the world’s most ruthless hit men and women await his every turn.', '/ziEuG1essDuWuC5lpWUaw1uXY2O.jpg');
INSERT INTO movie_genres (movie_id, genre_id) VALUES (458156, 28);
INSERT INTO movie_genres (movie_id, genre_id) VALUES (458156, 53);
INSERT INTO movie_genres (movie_id, genre_id) VALUES (458156, 80);
INSERT INTO movies (id, title, release_date, description, poster_path) VALUES (508947, 'Turning Red', '2022-03-10', 'Thirteen-year-old Mei is experiencing the awkwardness of being a teenager with a twist – when she gets too excited, she transforms into a giant red panda.', '/qsdjk9oAKSQMWs0Vt5Pyfh6O4GZ.jpg');
INSERT INTO movie_genres (movie_id, genre_id) VALUES (508947, 16);
INSERT INTO movie_genres (movie_id, genre_id) VALUES (508947, 10751);
INSERT INTO movie_genres (movie_id, genre_id) VALUES (508947, 35);
INSERT INTO movie_genres (movie_id, genre_id) VALUES (508947, 14);
INSERT INTO movies (id, title, release_date, description, poster_path) VALUES (762441, 'A Quiet Place: Day One', '2024-06-26', 'As New York City is invaded by alien creatures who hunt by sound, a woman named Sam fights to survive with her cat.', '/hU42CRk14JuPEdqZG3AWmagiPAP.jpg');
INSERT INTO movie_genres (movie_id, genre_id) VALUES (762441, 27);
INSERT INTO movie_genres (movie_id, genre_id) VALUES (762441, 878);
INSERT INTO movie_genres (movie_id, genre_id) VALUES (762441, 53);
INSERT INTO movies (id, title, release_date, description, poster_path) VALUES (1449951, 'Snow White', '2025-03-07', 'When the Queen’s jealousy turns deadly, Snow White must join forces with gnomes to fight back against her stepmother’s wrath.', '/ilFLHU1OxUS1YDvUMCr8K3hW28r.jpg');
INSERT INTO movie_genres (movie_id, genre_id) VALUES (1449951, 16);
INSERT INTO movie_genres (movie_id, genre_id) VALUES (1449951, 10751);
INSERT INTO movie_genres (movie_id, genre_id) VALUES (1449951, 14);
INSERT INTO movies (id, title, release_date, description, poster_path) VALUES (11688, 'The Emperor''s New Groove', '2000-12-15', 'When self-centered Emperor Kuzco is turned into a llama by his scheming advisor, he is forced to rely on good-hearted peasant Pacha to get back home.', '/xU635vn1lMD9DWDloeuKmuhxxnQ.jpg');
INSERT INTO movie_genres (movie_id, genre_id) VALUES (11688, 12);
INSERT INTO movie_genres (movie_id, genre_id) VALUES (11688, 16);
INSERT INTO movie_genres (movie_id, genre_id) VALUES (11688, 35);
INSERT INTO movie_genres (movie_id, genre_id) VALUES (11688, 10751);
INSERT INTO movie_genres (movie_id, genre_id) VALUES (11688, 14);
INSERT INTO movies (id, title, release_date, description, poster_path) VALUES (335983, 'Venom', '2018-09-28', 'Investigative journalist Eddie Brock attempts a comeback following a scandal, but accidentally becomes the host of Venom, a violent, super powerful alien symbiote. Soon, he must rely on his newfound powers to protect the world from a shadowy organization looking for a symbiote of their own.', '/2uNW4WbgBXL25BAbXGLnLqX71Sw.jpg');
INSERT INTO movie_genres (movie_id, genre_id) VALUES (335983, 878);
INSERT INTO movie_genres (movie_id, genre_id) VALUES (335983, 28);
INSERT INTO movies (id, title, release_date, description, poster_path) VALUES (940551, 'Migration', '2023-12-06', 'After a migrating duck family alights on their pond with thrilling tales of far-flung places, the Mallard family embarks on a family road trip, from New England, to New York City, to tropical Jamaica.', '/dpXxBDi0ut5svjh5fbAqLoaJSq8.jpg');
INSERT INTO movie_genres (movie_id, genre_id) VALUES (940551, 10751);
INSERT INTO movie_genres (movie_id, genre_id) VALUES (940551, 35);
INSERT INTO movie_genres (movie_id, genre_id) VALUES (940551, 12);
INSERT INTO movie_genres (movie_id, genre_id) VALUES (940551, 16);
INSERT INTO movies (id, title, release_date, description, poster_path) VALUES (49521, 'Man of Steel', '2013-06-12', 'A young boy learns that he has extraordinary powers and is not of this earth. As a young man, he journeys to discover where he came from and what he was sent here to do. But the hero in him must emerge if he is to save the world from annihilation and become the symbol of hope for all mankind.', '/8GFtkImmK0K1VaUChR0n9O61CFU.jpg');
INSERT INTO movie_genres (movie_id, genre_id) VALUES (49521, 28);
INSERT INTO movie_genres (movie_id, genre_id) VALUES (49521, 12);
INSERT INTO movie_genres (movie_id, genre_id) VALUES (49521, 878);
INSERT INTO movies (id, title, release_date, description, poster_path) VALUES (20352, 'Despicable Me', '2010-07-08', 'Villainous Gru lives up to his reputation as a despicable, deplorable and downright unlikable guy when he hatches a plan to steal the moon from the sky. But he has a tough time staying on task after three orphans land in his care.', '/9lOloREsAhBu0pEtU0BgeR1rHyo.jpg');
INSERT INTO movie_genres (movie_id, genre_id) VALUES (20352, 10751);
INSERT INTO movie_genres (movie_id, genre_id) VALUES (20352, 35);
INSERT INTO movie_genres (movie_id, genre_id) VALUES (20352, 16);
INSERT INTO movies (id, title, release_date, description, poster_path) VALUES (10674, 'Mulan', '1998-06-18', 'To save her father from certain death in the army, a young woman secretly enlists in his place and becomes one of China''s greatest heroines in the process.', '/bj3iSjLlkwHtJrPmvHXa8P7edI9.jpg');
INSERT INTO movie_genres (movie_id, genre_id) VALUES (10674, 16);
INSERT INTO movie_genres (movie_id, genre_id) VALUES (10674, 10751);
INSERT INTO movie_genres (movie_id, genre_id) VALUES (10674, 12);
INSERT INTO movies (id, title, release_date, description, poster_path) VALUES (970347, 'The Killer', '2024-08-22', 'Zee is a feared contract killer known as "the Queen of the Dead," but when she refuses to murder a young blind woman, she finds herself hunted both by criminal colleagues and a determined police detective.', '/6PCnxKZZIVRanWb710pNpYVkCSw.jpg');
INSERT INTO movie_genres (movie_id, genre_id) VALUES (970347, 28);
INSERT INTO movie_genres (movie_id, genre_id) VALUES (970347, 53);
INSERT INTO movie_genres (movie_id, genre_id) VALUES (970347, 80);
INSERT INTO movies (id, title, release_date, description, poster_path) VALUES (70981, 'Prometheus', '2012-05-30', 'A team of explorers discover a clue to the origins of mankind on Earth, leading them on a journey to the darkest corners of the universe. There, they must fight a terrifying battle to save the future of the human race.', '/m7nZCtHJyDLncBUarfM5h5mrppx.jpg');
INSERT INTO movie_genres (movie_id, genre_id) VALUES (70981, 878);
INSERT INTO movie_genres (movie_id, genre_id) VALUES (70981, 12);
INSERT INTO movie_genres (movie_id, genre_id) VALUES (70981, 9648);
INSERT INTO movies (id, title, release_date, description, poster_path) VALUES (694, 'The Shining', '1980-05-23', 'Jack Torrance accepts a caretaker job at the Overlook Hotel, where he, along with his wife Wendy and their son Danny, must live isolated from the rest of the world for the winter. But they aren''t prepared for the madness that lurks within.', '/xazWoLealQwEgqZ89MLZklLZD3k.jpg');
INSERT INTO movie_genres (movie_id, genre_id) VALUES (694, 27);
INSERT INTO movie_genres (movie_id, genre_id) VALUES (694, 53);
INSERT INTO movies (id, title, release_date, description, poster_path) VALUES (1550785, 'My Father, the BTK Killer', '2025-10-09', 'Raised by a man leading a monstrous double life, the daughter of the BTK serial killer shares her chilling story.', '/47EblKlcEQ4lHdTVnay4P1d6thf.jpg');
INSERT INTO movie_genres (movie_id, genre_id) VALUES (1550785, 99);
INSERT INTO movies (id, title, release_date, description, poster_path) VALUES (949, 'Heat', '1995-12-15', 'Obsessive master thief Neil McCauley leads a top-notch crew on various daring heists throughout Los Angeles while determined detective Vincent Hanna pursues him without rest. Each man recognizes and respects the ability and the dedication of the other even though they are aware their cat-and-mouse game may end in violence.', '/umSVjVdbVwtx5ryCA2QXL44Durm.jpg');
INSERT INTO movie_genres (movie_id, genre_id) VALUES (949, 80);
INSERT INTO movie_genres (movie_id, genre_id) VALUES (949, 18);
INSERT INTO movie_genres (movie_id, genre_id) VALUES (949, 28);
INSERT INTO movies (id, title, release_date, description, poster_path) VALUES (57158, 'The Hobbit: The Desolation of Smaug', '2013-12-11', 'The Dwarves, Bilbo and Gandalf have successfully escaped the Misty Mountains, and Bilbo has gained the One Ring. They all continue their journey to get their gold back from the Dragon, Smaug.', '/xQYiXsheRCDBA39DOrmaw1aSpbk.jpg');
INSERT INTO movie_genres (movie_id, genre_id) VALUES (57158, 14);
INSERT INTO movie_genres (movie_id, genre_id) VALUES (57158, 12);
INSERT INTO movie_genres (movie_id, genre_id) VALUES (57158, 28);
INSERT INTO movies (id, title, release_date, description, poster_path) VALUES (8839, 'Casper', '1995-05-26', 'Casper is a kind young ghost who peacefully haunts a mansion in Maine. When specialist James Harvey arrives to communicate with Casper and his fellow spirits, he brings along his teenage daughter, Kat. Casper quickly falls in love with Kat, but their budding relationship is complicated not only by his transparent state, but also by his troublemaking apparition uncles and their mischievous antics.', '/2ah8fNJFZVU3vcXhU5xfAYi2eym.jpg');
INSERT INTO movie_genres (movie_id, genre_id) VALUES (8839, 14);
INSERT INTO movie_genres (movie_id, genre_id) VALUES (8839, 35);
INSERT INTO movie_genres (movie_id, genre_id) VALUES (8839, 10751);
INSERT INTO movies (id, title, release_date, description, poster_path) VALUES (1035048, 'Elevation', '2024-11-07', 'Post-apocalyptic survivors find refuge in the Rocky Mountains to hide from giant, insect-like creatures that can''t live above 8,000 feet. However, when one of them needs life-saving supplies, they risk it all to venture into the danger zone.', '/tnfc0NJ3BzhJrGJhkkEd6MHBdq5.jpg');
INSERT INTO movie_genres (movie_id, genre_id) VALUES (1035048, 28);
INSERT INTO movie_genres (movie_id, genre_id) VALUES (1035048, 878);
INSERT INTO movie_genres (movie_id, genre_id) VALUES (1035048, 53);
INSERT INTO movies (id, title, release_date, description, poster_path) VALUES (696506, 'Mickey 17', '2025-02-28', 'Unlikely hero Mickey Barnes finds himself in the extraordinary circumstance of working for an employer who demands the ultimate commitment to the job… to die, for a living.', '/edKpE9B5qN3e559OuMCLZdW1iBZ.jpg');
INSERT INTO movie_genres (movie_id, genre_id) VALUES (696506, 878);
INSERT INTO movie_genres (movie_id, genre_id) VALUES (696506, 35);
INSERT INTO movie_genres (movie_id, genre_id) VALUES (696506, 12);
INSERT INTO movies (id, title, release_date, description, poster_path) VALUES (926670, 'Henry Danger: The Movie', '2025-01-17', 'Henry Hart meets a superfan—eager to fight crime with Kid Danger—who comes into possession of a device that can open up alternate realities. Facing a wild ride, Henry will need his best friend Jasper and his new superfan sidekick to find his way out or be stuck in another dimension forever.', '/dFWj2rOGsqSIX1PHFghbCBgpMnk.jpg');
INSERT INTO movie_genres (movie_id, genre_id) VALUES (926670, 28);
INSERT INTO movie_genres (movie_id, genre_id) VALUES (926670, 35);
INSERT INTO movie_genres (movie_id, genre_id) VALUES (926670, 10751);
INSERT INTO movie_genres (movie_id, genre_id) VALUES (926670, 878);
INSERT INTO movies (id, title, release_date, description, poster_path) VALUES (1280450, 'Stolen Girl', '2025-09-04', 'In 1993, Maureen’s six-year-old daughter Amina is snuck out of the country by her ex-husband, Karim. After years of unsuccessful attempts to find her, Maureen intersects with a professional retriever of internationally abducted children who promises to help her find Amina in exchange for her collaboration.', '/fZlNXEHZsBp7unqw009MeBbMv87.jpg');
INSERT INTO movie_genres (movie_id, genre_id) VALUES (1280450, 53);
INSERT INTO movie_genres (movie_id, genre_id) VALUES (1280450, 28);
INSERT INTO movie_genres (movie_id, genre_id) VALUES (1280450, 12);
INSERT INTO movies (id, title, release_date, description, poster_path) VALUES (271110, 'Captain America: Civil War', '2016-04-27', 'Following the events of Age of Ultron, the collective governments of the world pass an act designed to regulate all superhuman activity. This polarizes opinion amongst the Avengers, causing two factions to side with Iron Man or Captain America, which causes an epic battle between former allies.', '/rAGiXaUfPzY7CDEyNKUofk3Kw2e.jpg');
INSERT INTO movie_genres (movie_id, genre_id) VALUES (271110, 12);
INSERT INTO movie_genres (movie_id, genre_id) VALUES (271110, 28);
INSERT INTO movie_genres (movie_id, genre_id) VALUES (271110, 878);
INSERT INTO movies (id, title, release_date, description, poster_path) VALUES (13201, 'Deuces Wild', '2002-05-03', 'In 1950s New York City, a bad and bloody gang war is about to erupt on the dysfunctional streets of Brooklyn between the Deuces and the vicious Vipers.', '/nyr9WT4mLYZHFRINuyWCQExV9ku.jpg');
INSERT INTO movie_genres (movie_id, genre_id) VALUES (13201, 28);
INSERT INTO movie_genres (movie_id, genre_id) VALUES (13201, 80);
INSERT INTO movie_genres (movie_id, genre_id) VALUES (13201, 18);
INSERT INTO movies (id, title, release_date, description, poster_path) VALUES (1421990, 'The Baltimorons', '2025-08-10', 'A newly sober man''s Christmas Eve dental emergency leads to an unexpected romance with his older dentist as they explore Baltimore together.', '/xcQsHMpn3UQDneyiov001TjciCJ.jpg');
INSERT INTO movie_genres (movie_id, genre_id) VALUES (1421990, 35);
INSERT INTO movie_genres (movie_id, genre_id) VALUES (1421990, 18);
INSERT INTO movies (id, title, release_date, description, poster_path) VALUES (1422, 'The Departed', '2006-10-04', 'To take down South Boston''s Irish Mafia, the police send in one of their own to infiltrate the underworld, not realizing the syndicate has done likewise. While an undercover cop curries favor with the mob kingpin, a career criminal rises through the police ranks. But both sides soon discover there''s a mole among them.', '/nT97ifVT2J1yMQmeq20Qblg61T.jpg');
INSERT INTO movie_genres (movie_id, genre_id) VALUES (1422, 18);
INSERT INTO movie_genres (movie_id, genre_id) VALUES (1422, 53);
INSERT INTO movie_genres (movie_id, genre_id) VALUES (1422, 80);
INSERT INTO movies (id, title, release_date, description, poster_path) VALUES (950, 'Ice Age: The Meltdown', '2006-03-29', 'Diego, Manny and Sid return in this sequel to the hit animated movie Ice Age. This time around, the deep freeze is over, and the ice-covered earth is starting to melt, which will destroy the trio''s cherished valley. The impending disaster prompts them to reunite and warn all the other beasts about the desperate situation.', '/zDduhCHasKQ9YOTvlOreHem7Wbi.jpg');
INSERT INTO movie_genres (movie_id, genre_id) VALUES (950, 16);
INSERT INTO movie_genres (movie_id, genre_id) VALUES (950, 10751);
INSERT INTO movie_genres (movie_id, genre_id) VALUES (950, 35);
INSERT INTO movie_genres (movie_id, genre_id) VALUES (950, 12);
INSERT INTO movies (id, title, release_date, description, poster_path) VALUES (286217, 'The Martian', '2015-09-30', 'During a manned mission to Mars, Astronaut Mark Watney is presumed dead after a fierce storm and left behind by his crew. But Watney has survived and finds himself stranded and alone on the hostile planet. With only meager supplies, he must draw upon his ingenuity, wit and spirit to subsist and find a way to signal to Earth that he is alive.', '/3ndAx3weG6KDkJIRMCi5vXX6Dyb.jpg');
INSERT INTO movie_genres (movie_id, genre_id) VALUES (286217, 18);
INSERT INTO movie_genres (movie_id, genre_id) VALUES (286217, 12);
INSERT INTO movie_genres (movie_id, genre_id) VALUES (286217, 878);
INSERT INTO movies (id, title, release_date, description, poster_path) VALUES (630, 'The Wizard of Oz', '1939-08-15', 'Young Dorothy finds herself in a magical world where she makes friends with a lion, a scarecrow and a tin man as they make their way along the yellow brick road to talk with the Wizard and ask for the things they miss most in their lives. The Wicked Witch of the West is the only thing that could stop them.', '/pfAZFD7I2hxW9HCChTuAzsdE6UX.jpg');
INSERT INTO movie_genres (movie_id, genre_id) VALUES (630, 12);
INSERT INTO movie_genres (movie_id, genre_id) VALUES (630, 14);
INSERT INTO movie_genres (movie_id, genre_id) VALUES (630, 10751);
INSERT INTO movies (id, title, release_date, description, poster_path) VALUES (78, 'Blade Runner', '1982-06-25', 'In the smog-choked dystopian Los Angeles of 2019, blade runner Rick Deckard is called out of retirement to terminate a quartet of replicants who have escaped to Earth seeking their creator for a way to extend their short life spans.', '/63N9uy8nd9j7Eog2axPQ8lbr3Wj.jpg');
INSERT INTO movie_genres (movie_id, genre_id) VALUES (78, 878);
INSERT INTO movie_genres (movie_id, genre_id) VALUES (78, 18);
INSERT INTO movie_genres (movie_id, genre_id) VALUES (78, 53);
INSERT INTO movies (id, title, release_date, description, poster_path) VALUES (119450, 'Dawn of the Planet of the Apes', '2014-07-08', 'A group of scientists in San Francisco struggle to stay alive in the aftermath of a plague that is wiping out humanity, while Caesar tries to maintain dominance over his community of intelligent apes.', '/kScdQEwS9jPEdnO23XjGAtaoRcT.jpg');
INSERT INTO movie_genres (movie_id, genre_id) VALUES (119450, 878);
INSERT INTO movie_genres (movie_id, genre_id) VALUES (119450, 28);
INSERT INTO movie_genres (movie_id, genre_id) VALUES (119450, 18);
INSERT INTO movie_genres (movie_id, genre_id) VALUES (119450, 53);
INSERT INTO movies (id, title, release_date, description, poster_path) VALUES (1088166, 'Relay', '2025-08-21', 'Tom, a world class "fixer", specializes in brokering lucrative payoffs between corrupt corporations and the individuals who threaten their ruin. He keeps his identity a secret through meticulous planning and always follows an exacting set of rules. But when a message arrives one day from potential client Sarah, needing Tom''s protection just to stay alive, the rules quickly start to change.', '/mpwccO2L8LUVtVTJTdgUVgoQqAo.jpg');
INSERT INTO movie_genres (movie_id, genre_id) VALUES (1088166, 53);
INSERT INTO movie_genres (movie_id, genre_id) VALUES (1088166, 18);
INSERT INTO movies (id, title, release_date, description, poster_path) VALUES (330457, 'Frozen II', '2019-11-20', 'Elsa, Anna, Kristoff and Olaf head far into the forest to learn the truth about an ancient mystery of their kingdom.', '/mINJaa34MtknCYl5AjtNJzWj8cD.jpg');
INSERT INTO movie_genres (movie_id, genre_id) VALUES (330457, 10751);
INSERT INTO movie_genres (movie_id, genre_id) VALUES (330457, 16);
INSERT INTO movie_genres (movie_id, genre_id) VALUES (330457, 12);
INSERT INTO movie_genres (movie_id, genre_id) VALUES (330457, 35);
INSERT INTO movie_genres (movie_id, genre_id) VALUES (330457, 14);
INSERT INTO movies (id, title, release_date, description, poster_path) VALUES (769, 'GoodFellas', '1990-09-12', 'The true story of Henry Hill, a half-Irish, half-Sicilian Brooklyn kid who is adopted by neighbourhood gangsters at an early age and climbs the ranks of a Mafia family under the guidance of Jimmy Conway.', '/aKuFiU82s5ISJpGZp7YkIr3kCUd.jpg');
INSERT INTO movie_genres (movie_id, genre_id) VALUES (769, 18);
INSERT INTO movie_genres (movie_id, genre_id) VALUES (769, 80);
INSERT INTO movies (id, title, release_date, description, poster_path) VALUES (22683, 'Gifted Hands: The Ben Carson Story', '2009-02-07', 'Gifted Hands: The Ben Carson Story is a movie based on the life story of world-renowned neurosurgeon Ben Carson from 1961 to 1987.', '/4NxxtiqezjUmUxoDTOjO5FeJvFt.jpg');
INSERT INTO movie_genres (movie_id, genre_id) VALUES (22683, 18);
INSERT INTO movies (id, title, release_date, description, poster_path) VALUES (76492, 'Hotel Transylvania', '2012-09-20', 'Welcome to Hotel Transylvania, Dracula''s lavish five-stake resort, where monsters and their families can live it up and no humans are allowed. One special weekend, Dracula has invited all his best friends to celebrate his beloved daughter Mavis''s 118th birthday. For Dracula catering to all of these legendary monsters is no problem but the party really starts when one ordinary guy stumbles into the hotel and changes everything!', '/eJGvzGrsfe2sqTUPv5IwLWXjVuR.jpg');
INSERT INTO movie_genres (movie_id, genre_id) VALUES (76492, 16);
INSERT INTO movie_genres (movie_id, genre_id) VALUES (76492, 35);
INSERT INTO movie_genres (movie_id, genre_id) VALUES (76492, 10751);
INSERT INTO movie_genres (movie_id, genre_id) VALUES (76492, 14);
INSERT INTO movies (id, title, release_date, description, poster_path) VALUES (338953, 'Fantastic Beasts: The Secrets of Dumbledore', '2022-04-06', 'Professor Albus Dumbledore knows the powerful, dark wizard Gellert Grindelwald is moving to seize control of the wizarding world. Unable to stop him alone, he entrusts magizoologist Newt Scamander to lead an intrepid team of wizards and witches. They soon encounter an array of old and new beasts as they clash with Grindelwald''s growing legion of followers.', '/3c5GNLB4yRSLBby0trHoA1DSQxQ.jpg');
INSERT INTO movie_genres (movie_id, genre_id) VALUES (338953, 14);
INSERT INTO movie_genres (movie_id, genre_id) VALUES (338953, 12);
INSERT INTO movies (id, title, release_date, description, poster_path) VALUES (109418, 'Grown Ups 2', '2013-07-11', 'Lenny has relocated his family back to the small town where he and his friends grew up. This time around, the grown ups are the ones learning lessons from their kids on a day notoriously full of surprises—the last day of school.', '/hT6ijOtjtYrnyDhN7VA2QWyGFAm.jpg');
INSERT INTO movie_genres (movie_id, genre_id) VALUES (109418, 35);
INSERT INTO movies (id, title, release_date, description, poster_path) VALUES (22881, 'The Blind Side', '2009-11-20', 'The story of Michael Oher, a homeless and traumatized boy who became an All American football player and first round NFL draft pick with the help of a caring woman and her family.', '/bMgq7VBriuBFknXEe9E9pVBYGZq.jpg');
INSERT INTO movie_genres (movie_id, genre_id) VALUES (22881, 18);
INSERT INTO movies (id, title, release_date, description, poster_path) VALUES (675353, 'Sonic the Hedgehog 2', '2022-03-30', 'After settling in Green Hills, Sonic is eager to prove he has what it takes to be a true hero. His test comes when Dr. Robotnik returns, this time with a new partner, Knuckles, in search for an emerald that has the power to destroy civilizations. Sonic teams up with his own sidekick, Tails, and together they embark on a globe-trotting journey to find the emerald before it falls into the wrong hands.', '/6DrHO1jr3qVrViUO6s6kFiAGM7.jpg');
INSERT INTO movie_genres (movie_id, genre_id) VALUES (675353, 28);
INSERT INTO movie_genres (movie_id, genre_id) VALUES (675353, 12);
INSERT INTO movie_genres (movie_id, genre_id) VALUES (675353, 10751);
INSERT INTO movie_genres (movie_id, genre_id) VALUES (675353, 35);
INSERT INTO movies (id, title, release_date, description, poster_path) VALUES (5174, 'Rush Hour 3', '2007-08-08', 'After a botched assassination attempt, the mismatched duo finds themselves in Paris, struggling to retrieve a precious list of names, as the murderous crime syndicate''s henchmen try their best to stop them. Once more, Lee and Carter must fight their way through dangerous gangsters; however, this time, the past has come back to haunt Lee. Will the boys get the job done once and for all?', '/rZ7IxJlPhNNJ6Rn8z1rzsXuA70P.jpg');
INSERT INTO movie_genres (movie_id, genre_id) VALUES (5174, 28);
INSERT INTO movie_genres (movie_id, genre_id) VALUES (5174, 35);
INSERT INTO movie_genres (movie_id, genre_id) VALUES (5174, 80);
INSERT INTO movies (id, title, release_date, description, poster_path) VALUES (507241, 'The Killer''s Game', '2024-09-12', 'When top hitman Joe Flood is diagnosed with a terminal illness, he decides to take matters into his own hands – by taking a hit out on himself. But when the very hitmen he hired also target his ex-girlfriend, he must fend off an army of assassin colleagues and win back the love of his life before it''s too late.', '/4bKlTeOUr5AKrLky8mwWvlQqyVd.jpg');
INSERT INTO movie_genres (movie_id, genre_id) VALUES (507241, 28);
INSERT INTO movie_genres (movie_id, genre_id) VALUES (507241, 35);
INSERT INTO movie_genres (movie_id, genre_id) VALUES (507241, 53);
INSERT INTO movies (id, title, release_date, description, poster_path) VALUES (772, 'Home Alone 2: Lost in New York', '1992-11-15', 'Instead of flying to Florida with his folks, Kevin ends up alone in New York, where he gets a hotel room with his dad''s credit card—despite problems from a clerk and meddling bellboy. But when Kevin runs into his old nemeses, the Wet Bandits, he''s determined to foil their plans to rob a toy store on Christmas Eve.', '/uuitWHpJwxD1wruFl2nZHIb4UGN.jpg');
INSERT INTO movie_genres (movie_id, genre_id) VALUES (772, 35);
INSERT INTO movie_genres (movie_id, genre_id) VALUES (772, 10751);
INSERT INTO movie_genres (movie_id, genre_id) VALUES (772, 12);
INSERT INTO movies (id, title, release_date, description, poster_path) VALUES (549509, 'The Brutalist', '2024-12-20', 'When a visionary architect and his wife flee post-war Europe in 1947 to rebuild their legacy and witness the birth of modern United States, their lives are changed forever by a mysterious, wealthy client.', '/vP7Yd6couiAaw9jgMd5cjMRj3hQ.jpg');
INSERT INTO movie_genres (movie_id, genre_id) VALUES (549509, 18);
INSERT INTO movie_genres (movie_id, genre_id) VALUES (549509, 36);
INSERT INTO movies (id, title, release_date, description, poster_path) VALUES (645710, 'The Voyeurs', '2021-08-25', 'When Pippa and Thomas move into their dream apartment, they notice that their windows look directly into the apartment opposite – inviting them to witness the volatile relationship of the attractive couple across the street. But what starts as a simple curiosity turns into full-blown obsession with increasingly dangerous consequences.', '/8Y4XOIWhpOvSOEn8XrxbkH9yAXO.jpg');
INSERT INTO movie_genres (movie_id, genre_id) VALUES (645710, 53);
INSERT INTO movies (id, title, release_date, description, poster_path) VALUES (50014, 'The Help', '2011-08-09', 'Aibileen Clark is a middle-aged African-American maid who has spent her life raising white children and has recently lost her only son; Minny Jackson is an African-American maid who has often offended her employers despite her family''s struggles with money and her desperate need for jobs; and Eugenia "Skeeter" Phelan is a young white woman who has recently moved back home after graduating college to find out her childhood maid has mysteriously disappeared. These three stories intertwine to explain how life in Jackson, Mississippi revolves around "the help"; yet they are always kept at a certain distance because of racial lines.', '/3kmfoWWEc9Vtyuaf9v5VipRgdjx.jpg');
INSERT INTO movie_genres (movie_id, genre_id) VALUES (50014, 18);
INSERT INTO movies (id, title, release_date, description, poster_path) VALUES (45029, 'Fit to Kill', '1993-10-27', 'Buxom do-gooders Donna and Nicole set out to reclaim the stolen Alexa diamond from its hiding place in Russia … only to run into their nemesis, Martin Kane.', '/tdaqSdk4FCrRAuslGjCDhwWPhik.jpg');
INSERT INTO movie_genres (movie_id, genre_id) VALUES (45029, 28);
INSERT INTO movie_genres (movie_id, genre_id) VALUES (45029, 10749);
INSERT INTO movie_genres (movie_id, genre_id) VALUES (45029, 53);
INSERT INTO movies (id, title, release_date, description, poster_path) VALUES (993708, 'The Threesome', '2025-09-04', 'Connor and his long-time crush Olivia engage in a threesome with a sweet, alluring stranger named Jenny. This encounter sparks a relationship between Connor and Olivia, leading them to plan a life together. However, their romance faces challenges when Jenny reappears, thrusting all three into a difficult journey toward true accountability and adulthood.', '/3AOTXNXAPkLzX08Lma4tfUfUiga.jpg');
INSERT INTO movie_genres (movie_id, genre_id) VALUES (993708, 35);
INSERT INTO movie_genres (movie_id, genre_id) VALUES (993708, 10749);
INSERT INTO movie_genres (movie_id, genre_id) VALUES (993708, 18);
INSERT INTO movies (id, title, release_date, description, poster_path) VALUES (64586, 'Sleeping Beauty', '2011-06-10', 'A haunting erotic fairytale about Lucy, a young University student drawn into a mysterious hidden world of beauty and desire.', '/l1Lx8iRsml1JnPBY0qgn6IN5FQg.jpg');
INSERT INTO movie_genres (movie_id, genre_id) VALUES (64586, 18);
INSERT INTO movie_genres (movie_id, genre_id) VALUES (64586, 10749);
INSERT INTO movies (id, title, release_date, description, poster_path) VALUES (642885, 'Hocus Pocus 2', '2022-09-27', '29 years since the Black Flame Candle was last lit, the 17th-century Sanderson sisters are resurrected, and they are looking for revenge. Now it''s up to three high school students to stop the ravenous witches from wreaking a new kind of havoc on Salem before dawn on All Hallow''s Eve.', '/7ze7YNmUaX81ufctGqt0AgHxRtL.jpg');
INSERT INTO movie_genres (movie_id, genre_id) VALUES (642885, 14);
INSERT INTO movie_genres (movie_id, genre_id) VALUES (642885, 35);
INSERT INTO movie_genres (movie_id, genre_id) VALUES (642885, 10751);
INSERT INTO movies (id, title, release_date, description, poster_path) VALUES (1137350, 'The Phoenician Scheme', '2025-05-23', 'Wealthy businessman Zsa-zsa Korda appoints his only daughter, a nun, as sole heir to his estate. As Korda embarks on a new enterprise, they soon become the target of scheming tycoons, foreign terrorists, and determined assassins.', '/u2jxeYLXTYfu0bqJmnLGIgZswib.jpg');
INSERT INTO movie_genres (movie_id, genre_id) VALUES (1137350, 35);
INSERT INTO movie_genres (movie_id, genre_id) VALUES (1137350, 12);
INSERT INTO movies (id, title, release_date, description, poster_path) VALUES (90148, 'Of Love and Shadows', '1994-05-10', 'Irene is a magazine editor living under the shadow of the Pinochet dictatorship in Chile. Francisco is a handsome photographer and he comes to Irene for a job. As a sympathizer with the underground resistance movement, Francisco opens her eyes and her heart to the atrocities being committed by the state.', '/aJuOamSPeB3GBJXhLnwPCcietyG.jpg');
INSERT INTO movie_genres (movie_id, genre_id) VALUES (90148, 18);
INSERT INTO movies (id, title, release_date, description, poster_path) VALUES (493922, 'Hereditary', '2018-06-07', 'Following the death of the Leigh family matriarch, Annie and her children uncover disturbing secrets about their heritage. Their daily lives are not only impacted, but they also become entangled in a chilling fate from which they cannot escape, driving them to the brink of madness.', '/hjlZSXM86wJrfCv5VKfR5DI2VeU.jpg');
INSERT INTO movie_genres (movie_id, genre_id) VALUES (493922, 27);
INSERT INTO movie_genres (movie_id, genre_id) VALUES (493922, 9648);
INSERT INTO movie_genres (movie_id, genre_id) VALUES (493922, 53);
INSERT INTO movies (id, title, release_date, description, poster_path) VALUES (321612, 'Beauty and the Beast', '2017-03-16', 'A live-action adaptation of Disney''s version of the classic tale of a cursed prince and a beautiful young woman who helps him break the spell.', '/hKegSKIDep2ewJWPUQD7u0KqFIp.jpg');
INSERT INTO movie_genres (movie_id, genre_id) VALUES (321612, 10751);
INSERT INTO movie_genres (movie_id, genre_id) VALUES (321612, 14);
INSERT INTO movie_genres (movie_id, genre_id) VALUES (321612, 10749);
INSERT INTO movies (id, title, release_date, description, poster_path) VALUES (896536, 'The Legend of Ochi', '2025-04-18', 'In a remote village on the island of Carpathia, a shy farm girl named Yuri is raised to fear an elusive animal species known as ochi. But when Yuri discovers a wounded baby ochi has been left behind, she escapes on a quest to bring him home.', '/qYyEelO4JfOwE0Ui5KsrCE0O8UA.jpg');
INSERT INTO movie_genres (movie_id, genre_id) VALUES (896536, 10751);
INSERT INTO movie_genres (movie_id, genre_id) VALUES (896536, 14);
INSERT INTO movie_genres (movie_id, genre_id) VALUES (896536, 12);
INSERT INTO movies (id, title, release_date, description, poster_path) VALUES (1311844, 'The Twisters', '2024-06-28', 'A deadly patchwork of destructive cyclones is on an apocalyptic path of convergence at a populated Midwest city center. There, the twisters will merge into one mega tornado that threatens to obliterate the cities for hundreds of miles around.', '/9xjSHm0R9tII8JCWHS1VdbftFk1.jpg');
INSERT INTO movie_genres (movie_id, genre_id) VALUES (1311844, 28);
INSERT INTO movie_genres (movie_id, genre_id) VALUES (1311844, 12);
INSERT INTO movie_genres (movie_id, genre_id) VALUES (1311844, 18);
INSERT INTO movies (id, title, release_date, description, poster_path) VALUES (10483, 'Death Race', '2008-08-22', 'Terminal Island, New York: 2020. Overcrowding in the US penal system has reached a breaking point. Prisons have been turned over to a monolithic Weyland Corporation, which sees jails full of thugs as an opportunity for televised sport. Adrenalized inmates, a global audience hungry for violence and a spectacular, enclosed arena come together to form the ''Death Race'', the biggest, most brutal event.', '/5A79GeOb3uChQ0l0ZDjDyODKQp3.jpg');
INSERT INTO movie_genres (movie_id, genre_id) VALUES (10483, 28);
INSERT INTO movie_genres (movie_id, genre_id) VALUES (10483, 53);
INSERT INTO movie_genres (movie_id, genre_id) VALUES (10483, 878);
INSERT INTO movies (id, title, release_date, description, poster_path) VALUES (337404, 'Cruella', '2021-05-26', 'In 1970s London amidst the punk rock revolution, a young grifter named Estella is determined to make a name for herself with her designs. She befriends a pair of young thieves who appreciate her appetite for mischief, and together they are able to build a life for themselves on the London streets. One day, Estella’s flair for fashion catches the eye of the Baroness von Hellman, a fashion legend who is devastatingly chic and terrifyingly haute. But their relationship sets in motion a course of events and revelations that will cause Estella to embrace her wicked side and become the raucous, fashionable and revenge-bent Cruella.', '/hjS9mH8KvRiGHgjk6VUZH7OT0Ng.jpg');
INSERT INTO movie_genres (movie_id, genre_id) VALUES (337404, 35);
INSERT INTO movie_genres (movie_id, genre_id) VALUES (337404, 80);
INSERT INTO movie_genres (movie_id, genre_id) VALUES (337404, 12);
INSERT INTO movies (id, title, release_date, description, poster_path) VALUES (85, 'Raiders of the Lost Ark', '1981-06-12', 'When Dr. Indiana Jones – the tweed-suited professor who just happens to be a celebrated archaeologist – is hired by the government to locate the legendary Ark of the Covenant, he finds himself up against the entire Nazi regime.', '/ceG9VzoRAVGwivFU403Wc3AHRys.jpg');
INSERT INTO movie_genres (movie_id, genre_id) VALUES (85, 12);
INSERT INTO movie_genres (movie_id, genre_id) VALUES (85, 28);
INSERT INTO movies (id, title, release_date, description, poster_path) VALUES (73723, 'The Lorax', '2012-03-01', 'A 12-year-old boy searches for the one thing that will enable him to win the affection of the girl of his dreams. To find it he must discover the story of the Lorax, the grumpy yet charming creature who fights to protect his world.', '/tePFnZFw5JvjwjQjaKkqDPNMLPU.jpg');
INSERT INTO movie_genres (movie_id, genre_id) VALUES (73723, 16);
INSERT INTO movie_genres (movie_id, genre_id) VALUES (73723, 10751);
INSERT INTO movies (id, title, release_date, description, poster_path) VALUES (840705, 'Blink Twice', '2024-08-21', 'When tech billionaire Slater King meets cocktail waitress Frida at his fundraising gala, he invites her to join him and his friends on a dream vacation on his private island. But despite the epic setting, beautiful people, ever-flowing champagne, and late-night dance parties, Frida can sense that there’s something sinister hiding beneath the island’s lush façade.', '/lZGOK0I2DJSRlEPNOAFTSNxSjDD.jpg');
INSERT INTO movie_genres (movie_id, genre_id) VALUES (840705, 9648);
INSERT INTO movie_genres (movie_id, genre_id) VALUES (840705, 53);
INSERT INTO movies (id, title, release_date, description, poster_path) VALUES (10330, 'Freaky Friday', '2003-08-05', 'Mother and daughter bicker over everything -- what Anna wears, whom she likes and what she wants to do when she''s older. In turn, Anna detests Tess''s fiancé. When a magical fortune cookie switches their personalities, they each get a peek at how the other person feels, thinks and lives.', '/ipKcZ4Up7dp18XpsfYUc9NKZy3g.jpg');
INSERT INTO movie_genres (movie_id, genre_id) VALUES (10330, 10751);
INSERT INTO movie_genres (movie_id, genre_id) VALUES (10330, 14);
INSERT INTO movie_genres (movie_id, genre_id) VALUES (10330, 35);
INSERT INTO movies (id, title, release_date, description, poster_path) VALUES (166426, 'Pirates of the Caribbean: Dead Men Tell No Tales', '2017-05-23', 'Thrust into an all-new adventure, a down-on-his-luck Capt. Jack Sparrow feels the winds of ill-fortune blowing even more strongly when deadly ghost sailors led by his old nemesis, the evil Capt. Salazar, escape from the Devil''s Triangle. Jack''s only hope of survival lies in seeking out the legendary Trident of Poseidon, but to find it, he must forge an uneasy alliance with a brilliant and beautiful astronomer and a headstrong young man in the British navy.', '/qwoGfcg6YUS55nUweKGujHE54Wy.jpg');
INSERT INTO movie_genres (movie_id, genre_id) VALUES (166426, 12);
INSERT INTO movie_genres (movie_id, genre_id) VALUES (166426, 28);
INSERT INTO movie_genres (movie_id, genre_id) VALUES (166426, 14);
INSERT INTO movies (id, title, release_date, description, poster_path) VALUES (1813, 'The Devil''s Advocate', '1997-10-17', 'Aspiring Florida defense lawyer Kevin Lomax accepts a job at a New York law firm. With the stakes getting higher every case, Kevin quickly learns that his boss has something far more evil planned.', '/5ZzBGpxy55OQzHxKVY11IpY6a0o.jpg');
INSERT INTO movie_genres (movie_id, genre_id) VALUES (1813, 18);
INSERT INTO movie_genres (movie_id, genre_id) VALUES (1813, 9648);
INSERT INTO movie_genres (movie_id, genre_id) VALUES (1813, 27);
INSERT INTO movies (id, title, release_date, description, poster_path) VALUES (593691, 'HOMECOMING: A film by Beyoncé', '2019-04-16', 'This intimate, in-depth look at Beyoncé''s celebrated 2018 Coachella performance reveals the emotional road from creative concept to cultural movement.', '/nKdP4K3Bj3qnjtDCq9lTg7UOHVy.jpg');
INSERT INTO movie_genres (movie_id, genre_id) VALUES (593691, 99);
INSERT INTO movie_genres (movie_id, genre_id) VALUES (593691, 10402);
INSERT INTO movies (id, title, release_date, description, poster_path) VALUES (297, 'Meet Joe Black', '1998-11-12', 'Bill Parrish has it all - success, wealth and power. Days before his 65th birthday, he receives a visit from a mysterious stranger, Joe Black, who soon reveals himself as Death. In exchange for extra time, Bill agrees to serve as Joe''s earthly guide. But will he regret his choice when Joe unexpectedly falls in love with Bill''s beautiful daughter Susan?', '/fDPAjvfPMomkKF7cMRmL5Anak61.jpg');
INSERT INTO movie_genres (movie_id, genre_id) VALUES (297, 14);
INSERT INTO movie_genres (movie_id, genre_id) VALUES (297, 18);
INSERT INTO movie_genres (movie_id, genre_id) VALUES (297, 10749);
INSERT INTO movies (id, title, release_date, description, poster_path) VALUES (245891, 'John Wick', '2014-10-22', 'Ex-hitman John Wick comes out of retirement to track down the gangsters that took everything from him.', '/fZPSd91yGE9fCcCe6OoQr6E3Bev.jpg');
INSERT INTO movie_genres (movie_id, genre_id) VALUES (245891, 28);
INSERT INTO movie_genres (movie_id, genre_id) VALUES (245891, 53);
INSERT INTO movies (id, title, release_date, description, poster_path) VALUES (38, 'Eternal Sunshine of the Spotless Mind', '2004-03-19', 'Joel Barish, heartbroken that his girlfriend underwent a procedure to erase him from her memory, decides to do the same. However, as he watches his memories of her fade away, he realises that he still loves her, and may be too late to correct his mistake.', '/5MwkWH9tYHv3mV9OdYTMR5qreIz.jpg');
INSERT INTO movie_genres (movie_id, genre_id) VALUES (38, 878);
INSERT INTO movie_genres (movie_id, genre_id) VALUES (38, 18);
INSERT INTO movie_genres (movie_id, genre_id) VALUES (38, 10749);
INSERT INTO movies (id, title, release_date, description, poster_path) VALUES (384018, 'Fast & Furious Presents: Hobbs & Shaw', '2019-07-31', 'Ever since US Diplomatic Security Service Agent Hobbs and lawless outcast Shaw first faced off, they just have traded smack talk and body blows. But when cyber-genetically enhanced anarchist Brixton''s ruthless actions threaten the future of humanity, they join forces to defeat him.', '/qRyy2UmjC5ur9bDi3kpNNRCc5nc.jpg');
INSERT INTO movie_genres (movie_id, genre_id) VALUES (384018, 28);
INSERT INTO movie_genres (movie_id, genre_id) VALUES (384018, 12);
INSERT INTO movie_genres (movie_id, genre_id) VALUES (384018, 35);
INSERT INTO movies (id, title, release_date, description, poster_path) VALUES (467244, 'The Zone of Interest', '2023-12-15', 'The commandant of Auschwitz, Rudolf Höss, and his wife Hedwig, strive to build a dream life for their family in a house and garden next to the camp.', '/hUu9zyZmDd8VZegKi1iK1Vk0RYS.jpg');
INSERT INTO movie_genres (movie_id, genre_id) VALUES (467244, 18);
INSERT INTO movie_genres (movie_id, genre_id) VALUES (467244, 36);
INSERT INTO movie_genres (movie_id, genre_id) VALUES (467244, 10752);
INSERT INTO movies (id, title, release_date, description, poster_path) VALUES (9552, 'The Exorcist', '1973-12-26', 'When a charming 12-year-old girl takes on the characteristics and voices of others, doctors say there is nothing they can do. As people begin to die, the girl''s mother realizes her daughter has been possessed by the Devil. Her daughter''s only possible hope lies with two priests and the ancient rite of demonic exorcism.', '/5x0CeVHJI8tcDx8tUUwYHQSNILq.jpg');
INSERT INTO movie_genres (movie_id, genre_id) VALUES (9552, 27);
INSERT INTO movies (id, title, release_date, description, poster_path) VALUES (481952, 'Werewolves of the Third Reich', '2018-02-05', 'In Germany at the height of World War II, a ragtag group of American soldiers discover Doctor Mengele''s diabolical plan to create an unstoppable army of Nazi werewolves.', '/v0STupjcDiX6TeyfkxXWMxEOSyW.jpg');
INSERT INTO movie_genres (movie_id, genre_id) VALUES (481952, 27);
INSERT INTO movie_genres (movie_id, genre_id) VALUES (481952, 10752);
INSERT INTO movies (id, title, release_date, description, poster_path) VALUES (646385, 'Scream', '2022-01-12', 'Twenty-five years after a streak of brutal murders shocked the quiet town of Woodsboro, a new killer has donned the Ghostface mask and begins targeting a group of teenagers to resurrect secrets from the town’s deadly past.', '/1m3W6cpgwuIyjtg5nSnPx7yFkXW.jpg');
INSERT INTO movie_genres (movie_id, genre_id) VALUES (646385, 27);
INSERT INTO movie_genres (movie_id, genre_id) VALUES (646385, 9648);
INSERT INTO movies (id, title, release_date, description, poster_path) VALUES (920, 'Cars', '2006-06-08', 'Lightning McQueen, a hotshot rookie race car driven to succeed, discovers that life is about the journey, not the finish line, when he finds himself unexpectedly detoured in the sleepy Route 66 town of Radiator Springs. On route across the country to the big Piston Cup Championship in California to compete against two seasoned pros, McQueen gets to know the town''s offbeat characters.', '/2Touk3m5gzsqr1VsvxypdyHY5ci.jpg');
INSERT INTO movie_genres (movie_id, genre_id) VALUES (920, 16);
INSERT INTO movie_genres (movie_id, genre_id) VALUES (920, 12);
INSERT INTO movie_genres (movie_id, genre_id) VALUES (920, 35);
INSERT INTO movie_genres (movie_id, genre_id) VALUES (920, 10751);
INSERT INTO movies (id, title, release_date, description, poster_path) VALUES (107257, 'A Perfect Ending', '2012-06-01', 'This intimate drama follows Rebecca, a woman who has kept her sexuality a secret from her friends but chooses to reveal it to a stranger. While Rebecca''s revelations may not yield the results she expects, a perfect ending is still in reach.', '/mjwWEwE1xdbtFGCOgeXi5jvQnOU.jpg');
INSERT INTO movie_genres (movie_id, genre_id) VALUES (107257, 18);
INSERT INTO movie_genres (movie_id, genre_id) VALUES (107257, 10749);
INSERT INTO movies (id, title, release_date, description, poster_path) VALUES (4248, 'Scary Movie 2', '2001-07-04', 'While the original parodied slasher flicks like Scream, Keenen Ivory Wayans''s sequel to Scary Movie takes comedic aim at haunted house movies. A group of students visit a mansion called "Hell House," and murderous high jinks ensue.', '/7Eb1JWK0Cb0rbfsYjwfc9g0PbQH.jpg');
INSERT INTO movie_genres (movie_id, genre_id) VALUES (4248, 35);
INSERT INTO movies (id, title, release_date, description, poster_path) VALUES (516729, 'Paddington in Peru', '2024-11-08', 'Paddington travels to Peru to visit his beloved Aunt Lucy, who now resides at the Home for Retired Bears. With the Brown Family in tow, a thrilling adventure ensues when a mystery plunges them into an unexpected journey through the Amazon rainforest and up to the mountain peaks of Peru.', '/1ffZAucqfvQu36x1C49XfOdjuOG.jpg');
INSERT INTO movie_genres (movie_id, genre_id) VALUES (516729, 10751);
INSERT INTO movie_genres (movie_id, genre_id) VALUES (516729, 35);
INSERT INTO movie_genres (movie_id, genre_id) VALUES (516729, 12);
INSERT INTO movies (id, title, release_date, description, poster_path) VALUES (985939, 'Fall', '2022-08-11', 'For best friends Becky and Hunter, life is all about conquering fears and pushing limits. But after they climb 2,000 feet to the top of a remote, abandoned radio tower, they find themselves stranded with no way down. Now Becky and Hunter’s expert climbing skills will be put to the ultimate test as they desperately fight to survive the elements, a lack of supplies, and vertigo-inducing heights', '/spCAxD99U1A6jsiePFoqdEcY0dG.jpg');
INSERT INTO movie_genres (movie_id, genre_id) VALUES (985939, 53);
INSERT INTO movies (id, title, release_date, description, poster_path) VALUES (545611, 'Everything Everywhere All at Once', '2022-03-24', 'An aging Chinese immigrant is swept up in an insane adventure, where she alone can save what''s important to her by connecting with the lives she could have led in other universes.', '/u68AjlvlutfEIcpmbYpKcdi09ut.jpg');
INSERT INTO movie_genres (movie_id, genre_id) VALUES (545611, 28);
INSERT INTO movie_genres (movie_id, genre_id) VALUES (545611, 12);
INSERT INTO movie_genres (movie_id, genre_id) VALUES (545611, 878);
INSERT INTO movies (id, title, release_date, description, poster_path) VALUES (127585, 'X-Men: Days of Future Past', '2014-05-15', 'The ultimate X-Men ensemble fights a war for the survival of the species across two time periods as they join forces with their younger selves in an epic battle that must change the past – to save our future.', '/tYfijzolzgoMOtegh1Y7j2Enorg.jpg');
INSERT INTO movie_genres (movie_id, genre_id) VALUES (127585, 28);
INSERT INTO movie_genres (movie_id, genre_id) VALUES (127585, 12);
INSERT INTO movie_genres (movie_id, genre_id) VALUES (127585, 878);
INSERT INTO movies (id, title, release_date, description, poster_path) VALUES (466272, 'Once Upon a Time... in Hollywood', '2019-07-24', 'Los Angeles, 1969. TV star Rick Dalton, a struggling actor specializing in westerns, and stuntman Cliff Booth, his best friend, try to survive in a constantly changing movie industry. Dalton is the neighbor of the young and promising actress and model Sharon Tate, who has just married the prestigious Polish director Roman Polanski…', '/8j58iEBw9pOXFD2L0nt0ZXeHviB.jpg');
INSERT INTO movie_genres (movie_id, genre_id) VALUES (466272, 35);
INSERT INTO movie_genres (movie_id, genre_id) VALUES (466272, 18);
INSERT INTO movie_genres (movie_id, genre_id) VALUES (466272, 53);
INSERT INTO movies (id, title, release_date, description, poster_path) VALUES (718821, 'Twisters', '2024-07-10', 'As storm season intensifies, the paths of former storm chaser Kate Carter and reckless social-media superstar Tyler Owens collide when terrifying phenomena never seen before are unleashed. The pair and their competing teams find themselves squarely in the paths of multiple storm systems converging over central Oklahoma in the fight of their lives.', '/pjnD08FlMAIXsfOLKQbvmO0f0MD.jpg');
INSERT INTO movie_genres (movie_id, genre_id) VALUES (718821, 28);
INSERT INTO movie_genres (movie_id, genre_id) VALUES (718821, 53);
INSERT INTO movies (id, title, release_date, description, poster_path) VALUES (757725, 'Shadow Force', '2025-05-01', 'Kyrah and Isaac were once the leaders of a multinational special forces group called Shadow Force. They broke the rules by falling in love, and in order to protect their son, they go underground. With a large bounty on their heads, and the vengeful Shadow Force hot on their trail, one family''s fight becomes all-out war.', '/9LCpHFXZgkqp2AWiYq0mGbfZauk.jpg');
INSERT INTO movie_genres (movie_id, genre_id) VALUES (757725, 28);
INSERT INTO movie_genres (movie_id, genre_id) VALUES (757725, 18);
INSERT INTO movie_genres (movie_id, genre_id) VALUES (757725, 53);
INSERT INTO movies (id, title, release_date, description, poster_path) VALUES (24568, 'Follow That Camel', '1967-08-10', 'Bertram Oliphant ''Bo'' West wants to clear his unjustly smeared reputation, so he joins the Foreign Legion—with Simpson his manservant in tow. But the fort they get posted to is full of eccentric legionnaires, and there''s trouble brewing with the locals too. Unbeknown to Bo, his lady love has followed him in disguise.', '/v6JcQoUgI33c3qKfYw8SMWA7qag.jpg');
INSERT INTO movie_genres (movie_id, genre_id) VALUES (24568, 35);
INSERT INTO movies (id, title, release_date, description, poster_path) VALUES (508943, 'Luca', '2021-06-17', 'Luca and his best friend Alberto experience an unforgettable summer on the Italian Riviera. But all the fun is threatened by a deeply-held secret: they are sea monsters from another world just below the water’s surface.', '/9x4i9uKGXt8IiiIF5Ey0DIoY738.jpg');
INSERT INTO movie_genres (movie_id, genre_id) VALUES (508943, 16);
INSERT INTO movie_genres (movie_id, genre_id) VALUES (508943, 35);
INSERT INTO movie_genres (movie_id, genre_id) VALUES (508943, 14);
INSERT INTO movie_genres (movie_id, genre_id) VALUES (508943, 12);
INSERT INTO movie_genres (movie_id, genre_id) VALUES (508943, 10751);
INSERT INTO movies (id, title, release_date, description, poster_path) VALUES (930564, 'Saltburn', '2023-11-16', 'Struggling to find his place at Oxford University, student Oliver Quick finds himself drawn into the world of the charming and aristocratic Felix Catton, who invites him to Saltburn, his eccentric family''s sprawling estate, for a summer never to be forgotten.', '/zGTfMwG112BC66mpaveVxoWPOaB.jpg');
INSERT INTO movie_genres (movie_id, genre_id) VALUES (930564, 18);
INSERT INTO movie_genres (movie_id, genre_id) VALUES (930564, 35);
INSERT INTO movie_genres (movie_id, genre_id) VALUES (930564, 53);
INSERT INTO movies (id, title, release_date, description, poster_path) VALUES (9532, 'Final Destination', '2000-03-17', 'After a teenager has a terrifying vision of him and his friends dying in a plane crash, he prevents the accident only to have Death hunt them down, one by one.', '/1mXhlQMnlfvJ2frxTjZSQNnA9Vp.jpg');
INSERT INTO movie_genres (movie_id, genre_id) VALUES (9532, 27);
INSERT INTO movies (id, title, release_date, description, poster_path) VALUES (619979, 'Deep Water', '2022-03-17', 'A well-to-do husband who allows his wife to have affairs in order to avoid a divorce becomes a prime suspect in the disappearance of her lovers.', '/6yRMyWwjuhKg6IU66uiZIGhaSc8.jpg');
INSERT INTO movie_genres (movie_id, genre_id) VALUES (619979, 18);
INSERT INTO movie_genres (movie_id, genre_id) VALUES (619979, 9648);
INSERT INTO movie_genres (movie_id, genre_id) VALUES (619979, 53);
INSERT INTO movies (id, title, release_date, description, poster_path) VALUES (787699, 'Wonka', '2023-12-06', 'Willy Wonka – chock-full of ideas and determined to change the world one delectable bite at a time – is proof that the best things in life begin with a dream, and if you’re lucky enough to meet Willy Wonka, anything is possible.', '/qhb1qOilapbapxWQn9jtRCMwXJF.jpg');
INSERT INTO movie_genres (movie_id, genre_id) VALUES (787699, 35);
INSERT INTO movie_genres (movie_id, genre_id) VALUES (787699, 10751);
INSERT INTO movie_genres (movie_id, genre_id) VALUES (787699, 14);
INSERT INTO movies (id, title, release_date, description, poster_path) VALUES (15121, 'The Sound of Music', '1965-03-29', 'In the years before World War II, a tomboyish postulant at an Austrian abbey is hired as a governess in the home of a widowed naval captain with seven children, and brings a new love of life and music into the home.', '/c6CrUZypAsBCaRWX0M3RVRDbhNS.jpg');
INSERT INTO movie_genres (movie_id, genre_id) VALUES (15121, 18);
INSERT INTO movie_genres (movie_id, genre_id) VALUES (15121, 10751);
INSERT INTO movie_genres (movie_id, genre_id) VALUES (15121, 10402);
INSERT INTO movie_genres (movie_id, genre_id) VALUES (15121, 10749);
INSERT INTO movies (id, title, release_date, description, poster_path) VALUES (710258, 'Rust', '2025-05-01', 'Infamous outlaw Harland Rust breaks his estranged grandson Lucas out of prison, after Lucas is convicted to hang for an accidental murder. The two must outrun legendary U.S Marshal Wood Helm and bounty hunter Fenton "Preacher" Lang who are hot on their tails. Deeply buried secrets rise from the ashes and an unexpected familial bond begins to form as the mismatched duo tries to survive the merciless American Frontier.', '/tbJ3RkA2s6X5qrBzrYHYTxvDBui.jpg');
INSERT INTO movie_genres (movie_id, genre_id) VALUES (710258, 37);
INSERT INTO movies (id, title, release_date, description, poster_path) VALUES (41283, 'Faster', '2010-11-23', 'After 10 years in prison, Driver is now a free man with a single focus - hunting down the people responsible for brutally murdering his brother.', '/AsUeaXrhw4oscCSjUZ6heh1pVvd.jpg');
INSERT INTO movie_genres (movie_id, genre_id) VALUES (41283, 80);
INSERT INTO movie_genres (movie_id, genre_id) VALUES (41283, 18);
INSERT INTO movie_genres (movie_id, genre_id) VALUES (41283, 28);
INSERT INTO movie_genres (movie_id, genre_id) VALUES (41283, 53);
INSERT INTO movies (id, title, release_date, description, poster_path) VALUES (5689, 'The Blue Lagoon', '1980-07-05', 'Two small children and a ship''s cook survive a shipwreck and find safety on an idyllic tropical island. Soon, however, the cook dies and the young boy and girl are left on their own. Days become years and Emmeline and Richard make a home for themselves surrounded by exotic creatures and nature''s beauty. But will they ever see civilization again?', '/k6KsThCeoxxHDbVnlHLdTlf5wsy.jpg');
INSERT INTO movie_genres (movie_id, genre_id) VALUES (5689, 12);
INSERT INTO movie_genres (movie_id, genre_id) VALUES (5689, 18);
INSERT INTO movie_genres (movie_id, genre_id) VALUES (5689, 10749);
INSERT INTO movies (id, title, release_date, description, poster_path) VALUES (49444, 'Kung Fu Panda 2', '2011-05-25', 'Po and his friends fight to stop a peacock villain from conquering China with a deadly new weapon, but first the Dragon Warrior must come to terms with his past.', '/mtqqD00vB4PGRt20gWtGqFhrkd0.jpg');
INSERT INTO movie_genres (movie_id, genre_id) VALUES (49444, 16);
INSERT INTO movie_genres (movie_id, genre_id) VALUES (49444, 10751);
INSERT INTO movie_genres (movie_id, genre_id) VALUES (49444, 35);
INSERT INTO movies (id, title, release_date, description, poster_path) VALUES (333339, 'Ready Player One', '2018-03-28', 'When the creator of a popular video game system dies, a virtual contest is created to compete for his fortune.', '/pU1ULUq8D3iRxl1fdX2lZIzdHuI.jpg');
INSERT INTO movie_genres (movie_id, genre_id) VALUES (333339, 12);
INSERT INTO movie_genres (movie_id, genre_id) VALUES (333339, 28);
INSERT INTO movie_genres (movie_id, genre_id) VALUES (333339, 878);
INSERT INTO movies (id, title, release_date, description, poster_path) VALUES (760104, 'X', '2022-03-17', 'In 1979, a group of young filmmakers set out to make an adult film in rural Texas, but when their reclusive, elderly hosts catch them in the act, the cast find themselves fighting for their lives.', '/lopZSVtXzhFY603E9OqF7O1YKsh.jpg');
INSERT INTO movie_genres (movie_id, genre_id) VALUES (760104, 27);
INSERT INTO movie_genres (movie_id, genre_id) VALUES (760104, 53);
INSERT INTO movies (id, title, release_date, description, poster_path) VALUES (839033, 'The Lord of the Rings: The War of the Rohirrim', '2024-12-05', 'A sudden attack by Wulf, a clever and traitorous lord of Rohan seeking vengeance for the death of his father, forces Helm Hammerhand, the King of Rohan, and his people to make a daring last stand in the ancient stronghold of the Hornburg.', '/hE9SAMyMSUGAPsHUGdyl6irv11v.jpg');
INSERT INTO movie_genres (movie_id, genre_id) VALUES (839033, 16);
INSERT INTO movie_genres (movie_id, genre_id) VALUES (839033, 14);
INSERT INTO movie_genres (movie_id, genre_id) VALUES (839033, 12);
INSERT INTO movie_genres (movie_id, genre_id) VALUES (839033, 28);
INSERT INTO movies (id, title, release_date, description, poster_path) VALUES (339692, 'Shot Caller', '2017-07-07', 'A newly-released prison gangster is forced by the leaders of his gang to orchestrate a major crime with a brutal rival gang on the streets of Southern California.', '/qLmLz2wtyYvmW8Ult3l2ngOnW8v.jpg');
INSERT INTO movie_genres (movie_id, genre_id) VALUES (339692, 80);
INSERT INTO movie_genres (movie_id, genre_id) VALUES (339692, 18);
INSERT INTO movie_genres (movie_id, genre_id) VALUES (339692, 53);
INSERT INTO movies (id, title, release_date, description, poster_path) VALUES (7345, 'There Will Be Blood', '2007-12-26', 'Ruthless silver miner, turned oil prospector, Daniel Plainview, moves to oil-rich California. Using his son to project a trustworthy, family-man image, Plainview cons local landowners into selling him their valuable properties for a pittance. However, local preacher Eli Sunday suspects Plainview''s motives and intentions, starting a slow-burning feud that threatens both their lives.', '/fa0RDkAlCec0STeMNAhPaF89q6U.jpg');
INSERT INTO movie_genres (movie_id, genre_id) VALUES (7345, 18);
INSERT INTO movies (id, title, release_date, description, poster_path) VALUES (614930, 'Teenage Mutant Ninja Turtles: Mutant Mayhem', '2023-07-31', 'After years of being sheltered from the human world, the Turtle brothers set out to win the hearts of New Yorkers and be accepted as normal teenagers through heroic acts. Their new friend April O''Neil helps them take on a mysterious crime syndicate, but they soon get in over their heads when an army of mutants is unleashed upon them.', '/kbnhvFPyXKCKLNhg1pkz6rXQ4Le.jpg');
INSERT INTO movie_genres (movie_id, genre_id) VALUES (614930, 16);
INSERT INTO movie_genres (movie_id, genre_id) VALUES (614930, 35);
INSERT INTO movie_genres (movie_id, genre_id) VALUES (614930, 28);
INSERT INTO movie_genres (movie_id, genre_id) VALUES (614930, 878);
INSERT INTO movies (id, title, release_date, description, poster_path) VALUES (774370, 'Dog Man', '2025-01-24', 'When a faithful police dog and his human police officer owner are injured together on the job, a harebrained but life-saving surgery fuses the two of them together and Dog Man is born. Dog Man is sworn to protect and serve—and fetch, sit and roll over. As Dog Man embraces his new identity and strives to impress his Chief, he must stop the pretty evil plots of feline supervillain Petey the Cat.', '/89wNiexZdvLQ41OQWIsQy4O6jAQ.jpg');
INSERT INTO movie_genres (movie_id, genre_id) VALUES (774370, 10751);
INSERT INTO movie_genres (movie_id, genre_id) VALUES (774370, 35);
INSERT INTO movie_genres (movie_id, genre_id) VALUES (774370, 12);
INSERT INTO movie_genres (movie_id, genre_id) VALUES (774370, 16);
INSERT INTO movies (id, title, release_date, description, poster_path) VALUES (351286, 'Jurassic World: Fallen Kingdom', '2018-06-06', 'Three years after Jurassic World was destroyed, Isla Nublar now sits abandoned. When the island''s dormant volcano begins roaring to life, Owen and Claire mount a campaign to rescue the remaining dinosaurs from this extinction-level event.', '/270MrJNqJovumHXGE6SSt0zwUIF.jpg');
INSERT INTO movie_genres (movie_id, genre_id) VALUES (351286, 28);
INSERT INTO movie_genres (movie_id, genre_id) VALUES (351286, 12);
INSERT INTO movie_genres (movie_id, genre_id) VALUES (351286, 878);
INSERT INTO movie_genres (movie_id, genre_id) VALUES (351286, 53);
INSERT INTO movies (id, title, release_date, description, poster_path) VALUES (329865, 'Arrival', '2016-11-10', 'Taking place after alien crafts land around the world, an expert linguist is recruited by the military to determine whether they come in peace or are a threat.', '/x2FJsf1ElAgr63Y3PNPtJrcmpoe.jpg');
INSERT INTO movie_genres (movie_id, genre_id) VALUES (329865, 18);
INSERT INTO movie_genres (movie_id, genre_id) VALUES (329865, 878);
INSERT INTO movie_genres (movie_id, genre_id) VALUES (329865, 9648);
INSERT INTO movies (id, title, release_date, description, poster_path) VALUES (9614, 'Happy Gilmore', '1996-02-16', 'Failed hockey player-turned-golf whiz Happy Gilmore — whose unconventional approach and antics on the green courts the ire of rival Shooter McGavin — is determined to win a PGA tournament so he can save his granny''s house with the prize money. Meanwhile, an attractive tour publicist tries to soften Happy''s image.', '/epFP29rGrLPseuKxpz3mGKr23Do.jpg');
INSERT INTO movie_genres (movie_id, genre_id) VALUES (9614, 35);
INSERT INTO movies (id, title, release_date, description, poster_path) VALUES (1327862, 'Regretting You', '2025-10-22', 'Morgan Grant and her daughter Clara explore what''s left behind after a devastating accident reveals a shocking betrayal and forces them to confront family secrets, redefine love, and rediscover each other.', '/z4gVnxTaks3anTycwKjDmvQSuWt.jpg');
INSERT INTO movie_genres (movie_id, genre_id) VALUES (1327862, 10749);
INSERT INTO movie_genres (movie_id, genre_id) VALUES (1327862, 18);
INSERT INTO movies (id, title, release_date, description, poster_path) VALUES (1098006, 'Fountain of Youth', '2025-05-19', 'A treasure-hunting mastermind assembles a team for a life-changing adventure. But to outwit and outrun threats at every turn, he''ll need someone even smarter than he is: his estranged sister.', '/4iWjGghUj2uyHo2Hyw8NFBvsNGm.jpg');
INSERT INTO movie_genres (movie_id, genre_id) VALUES (1098006, 12);
INSERT INTO movie_genres (movie_id, genre_id) VALUES (1098006, 14);
INSERT INTO movie_genres (movie_id, genre_id) VALUES (1098006, 9648);
INSERT INTO movies (id, title, release_date, description, poster_path) VALUES (383498, 'Deadpool 2', '2018-05-15', 'Wisecracking mercenary Deadpool battles the evil and powerful Cable and other bad guys to save a boy''s life.', '/to0spRl1CMDvyUbOnbb4fTk3VAd.jpg');
INSERT INTO movie_genres (movie_id, genre_id) VALUES (383498, 28);
INSERT INTO movie_genres (movie_id, genre_id) VALUES (383498, 35);
INSERT INTO movie_genres (movie_id, genre_id) VALUES (383498, 12);
INSERT INTO movies (id, title, release_date, description, poster_path) VALUES (205596, 'The Imitation Game', '2014-11-14', 'Based on the real life story of legendary cryptanalyst Alan Turing, the film portrays the nail-biting race against time by Turing and his brilliant team of code-breakers at Britain''s top-secret Government Code and Cypher School at Bletchley Park, during the darkest days of World War II.', '/zSqJ1qFq8NXFfi7JeIYMlzyR0dx.jpg');
INSERT INTO movie_genres (movie_id, genre_id) VALUES (205596, 36);
INSERT INTO movie_genres (movie_id, genre_id) VALUES (205596, 18);
INSERT INTO movie_genres (movie_id, genre_id) VALUES (205596, 53);
INSERT INTO movie_genres (movie_id, genre_id) VALUES (205596, 10752);
INSERT INTO movies (id, title, release_date, description, poster_path) VALUES (184315, 'Hercules', '2014-07-23', 'When a new enemy threatens the innocent, Hercules must lead his fearless team of warriors in a battle against overwhelming odds.', '/5X3VOy9lD44VclKsWTi8gHZGjhL.jpg');
INSERT INTO movie_genres (movie_id, genre_id) VALUES (184315, 28);
INSERT INTO movie_genres (movie_id, genre_id) VALUES (184315, 12);
INSERT INTO movies (id, title, release_date, description, poster_path) VALUES (1008953, 'Incoming', '2024-08-22', 'Their first week of high school. The biggest party of the year. Mistakes will be made as four teenage boys navigate a night of mayhem and debauchery.', '/k2ySukuAiAarLns0yttKS3jg85Y.jpg');
INSERT INTO movie_genres (movie_id, genre_id) VALUES (1008953, 35);
INSERT INTO movies (id, title, release_date, description, poster_path) VALUES (242, 'The Godfather Part III', '1990-12-25', 'In the midst of trying to legitimize his business dealings in 1979 New York and Italy, aging mafia don, Michael Corleone seeks forgiveness for his sins while taking a young protege under his wing.', '/lm3pQ2QoQ16pextRsmnUbG2onES.jpg');
INSERT INTO movie_genres (movie_id, genre_id) VALUES (242, 80);
INSERT INTO movie_genres (movie_id, genre_id) VALUES (242, 18);
INSERT INTO movie_genres (movie_id, genre_id) VALUES (242, 53);
INSERT INTO movies (id, title, release_date, description, poster_path) VALUES (1064486, 'Memoir of a Snail', '2024-10-17', 'Forcibly separated from her twin brother when they are orphaned, a melancholic misfit learns how to find confidence within herself amid the clutter of misfortunes and everyday life.', '/woaN8CbloH0akyX0E72ayxlJAB4.jpg');
INSERT INTO movie_genres (movie_id, genre_id) VALUES (1064486, 16);
INSERT INTO movie_genres (movie_id, genre_id) VALUES (1064486, 18);
INSERT INTO movie_genres (movie_id, genre_id) VALUES (1064486, 35);
INSERT INTO movies (id, title, release_date, description, poster_path) VALUES (1062722, 'Frankenstein', '2025-10-17', 'Dr. Victor Frankenstein, a brilliant but egotistical scientist, brings a creature to life in a monstrous experiment that ultimately leads to the undoing of both the creator and his tragic creation.', '/wWuB5zIdCLxpjO0tzTjwE9TTLjg.jpg');
INSERT INTO movie_genres (movie_id, genre_id) VALUES (1062722, 18);
INSERT INTO movie_genres (movie_id, genre_id) VALUES (1062722, 27);
INSERT INTO movie_genres (movie_id, genre_id) VALUES (1062722, 878);
INSERT INTO movies (id, title, release_date, description, poster_path) VALUES (242582, 'Nightcrawler', '2014-10-23', 'When Lou Bloom, desperate for work, muscles into the world of L.A. crime journalism, he blurs the line between observer and participant to become the star of his own story. Aiding him in his effort is Nina, a TV-news veteran.', '/j9HrX8f7GbZQm1BrBiR40uFQZSb.jpg');
INSERT INTO movie_genres (movie_id, genre_id) VALUES (242582, 80);
INSERT INTO movie_genres (movie_id, genre_id) VALUES (242582, 18);
INSERT INTO movie_genres (movie_id, genre_id) VALUES (242582, 53);
INSERT INTO movies (id, title, release_date, description, poster_path) VALUES (198184, 'Chappie', '2015-03-04', 'Every child comes into the world full of promise, and none more so than Chappie: he is gifted, special, a prodigy. Like any child, Chappie will come under the influence of his surroundings—some good, some bad—and he will rely on his heart and soul to find his way in the world and become his own man. But there''s one thing that makes Chappie different from any one else: he is a robot.', '/uuDUpzlMFomdSfNWlpEPS9nVZWV.jpg');
INSERT INTO movie_genres (movie_id, genre_id) VALUES (198184, 80);
INSERT INTO movie_genres (movie_id, genre_id) VALUES (198184, 28);
INSERT INTO movie_genres (movie_id, genre_id) VALUES (198184, 878);
INSERT INTO movies (id, title, release_date, description, poster_path) VALUES (648878, 'Eddington', '2025-07-16', 'In May of 2020, a standoff between a small-town sheriff and mayor sparks a powder keg as neighbor is pitted against neighbor in Eddington, New Mexico.', '/4GIqZUgPZ146BhibsPHMHef2nXX.jpg');
INSERT INTO movie_genres (movie_id, genre_id) VALUES (648878, 37);
INSERT INTO movie_genres (movie_id, genre_id) VALUES (648878, 35);
INSERT INTO movie_genres (movie_id, genre_id) VALUES (648878, 80);
INSERT INTO movies (id, title, release_date, description, poster_path) VALUES (1161617, 'Code 3', '2025-09-12', 'A burned-out paramedic tries to survive his last 24 hours on the job while training a new recruit.', '/gIAYMDb5mIAeCAj76q1sRsKjkzo.jpg');
INSERT INTO movie_genres (movie_id, genre_id) VALUES (1161617, 28);
INSERT INTO movie_genres (movie_id, genre_id) VALUES (1161617, 35);
INSERT INTO movies (id, title, release_date, description, poster_path) VALUES (13186, 'Wrong Turn 2: Dead End', '2007-08-25', 'Retired military commander Colonel Dale Murphy hosts the simulated post-apocalyptic reality show where participants are challenged to survive a remote West Virginia wasteland. But the show turns into a nightmarish showdown when each realizes they are being hunted by an inbred family of cannibals determined to make them all dinner!', '/yd3RMKUmeNQusDsQ3G8LyreAr0O.jpg');
INSERT INTO movie_genres (movie_id, genre_id) VALUES (13186, 27);
INSERT INTO movie_genres (movie_id, genre_id) VALUES (13186, 53);
INSERT INTO movies (id, title, release_date, description, poster_path) VALUES (954, 'Mission: Impossible', '1996-05-22', 'When Ethan Hunt, the leader of a crack espionage team whose perilous operation has gone awry with no explanation, discovers that a mole has penetrated the CIA, he''s surprised to learn that he''s the prime suspect. To clear his name, Hunt now must ferret out the real double agent and, in the process, even the score.', '/l5uxY5m5OInWpcExIpKG6AR3rgL.jpg');
INSERT INTO movie_genres (movie_id, genre_id) VALUES (954, 12);
INSERT INTO movie_genres (movie_id, genre_id) VALUES (954, 28);
INSERT INTO movie_genres (movie_id, genre_id) VALUES (954, 53);
INSERT INTO movies (id, title, release_date, description, poster_path) VALUES (607, 'Men in Black', '1997-07-02', 'After a police chase with an otherworldly being, a New York City cop is recruited as an agent in a top-secret organization established to monitor and police alien activity on Earth: the Men in Black. Agent K and new recruit Agent J find themselves in the middle of a deadly plot by an intergalactic terrorist who has arrived on Earth to assassinate two ambassadors from opposing galaxies.', '/uLOmOF5IzWoyrgIF5MfUnh5pa1X.jpg');
INSERT INTO movie_genres (movie_id, genre_id) VALUES (607, 28);
INSERT INTO movie_genres (movie_id, genre_id) VALUES (607, 12);
INSERT INTO movie_genres (movie_id, genre_id) VALUES (607, 35);
INSERT INTO movie_genres (movie_id, genre_id) VALUES (607, 878);
INSERT INTO movies (id, title, release_date, description, poster_path) VALUES (345, 'Eyes Wide Shut', '1999-07-16', 'After Dr. Bill Harford''s wife, Alice, admits to having sexual fantasies about a man she met, Bill becomes obsessed with having a sexual encounter. He discovers an underground sexual group and attends one of their meetings -- and quickly discovers that he is in over his head.', '/knEIz1eNGl5MQDbrEAVWA7iRqF9.jpg');
INSERT INTO movie_genres (movie_id, genre_id) VALUES (345, 18);
INSERT INTO movie_genres (movie_id, genre_id) VALUES (345, 53);
INSERT INTO movie_genres (movie_id, genre_id) VALUES (345, 9648);
INSERT INTO movies (id, title, release_date, description, poster_path) VALUES (475624, 'Sea Change', '2017-09-17', 'A teenage girl makes a startling discovery about her connection to the Seawalkers, legendary beings who are half-human, half-sea creature.', '/reo3gZ3ZafLtVvVD27lPn8WryUw.jpg');
INSERT INTO movie_genres (movie_id, genre_id) VALUES (475624, 18);
INSERT INTO movie_genres (movie_id, genre_id) VALUES (475624, 10770);
INSERT INTO movie_genres (movie_id, genre_id) VALUES (475624, 14);
INSERT INTO movies (id, title, release_date, description, poster_path) VALUES (313369, 'La La Land', '2016-12-01', 'Mia, an aspiring actress, serves lattes to movie stars in between auditions and Sebastian, a jazz musician, scrapes by playing cocktail party gigs in dingy bars, but as success mounts they are faced with decisions that begin to fray the fragile fabric of their love affair, and the dreams they worked so hard to maintain in each other threaten to rip them apart.', '/uDO8zWDhfWwoFdKS4fzkUJt0Rf0.jpg');
INSERT INTO movie_genres (movie_id, genre_id) VALUES (313369, 35);
INSERT INTO movie_genres (movie_id, genre_id) VALUES (313369, 18);
INSERT INTO movie_genres (movie_id, genre_id) VALUES (313369, 10749);
INSERT INTO movie_genres (movie_id, genre_id) VALUES (313369, 10402);
INSERT INTO movies (id, title, release_date, description, poster_path) VALUES (93456, 'Despicable Me 2', '2013-06-26', 'Gru is recruited by the Anti-Villain League to help deal with a powerful new super criminal.', '/oyMPJJZoOpLHgJoFPUOn6DgkbWJ.jpg');
INSERT INTO movie_genres (movie_id, genre_id) VALUES (93456, 16);
INSERT INTO movie_genres (movie_id, genre_id) VALUES (93456, 35);
INSERT INTO movie_genres (movie_id, genre_id) VALUES (93456, 10751);
INSERT INTO movies (id, title, release_date, description, poster_path) VALUES (974262, 'Descendants: The Rise of Red', '2024-07-11', 'After the Queen of Hearts incites a coup on Auradon, her rebellious daughter Red and Cinderella''s perfectionist daughter Chloe join forces and travel back in time to try to undo the traumatic event that set Red''s mother down her villainous path.', '/8fYluTtB3b3HKO7KQa5tzrvGaps.jpg');
INSERT INTO movie_genres (movie_id, genre_id) VALUES (974262, 14);
INSERT INTO movie_genres (movie_id, genre_id) VALUES (974262, 12);
INSERT INTO movie_genres (movie_id, genre_id) VALUES (974262, 10751);
INSERT INTO movie_genres (movie_id, genre_id) VALUES (974262, 35);
INSERT INTO movies (id, title, release_date, description, poster_path) VALUES (77802, 'Kathi Kanta Rao', '2010-12-10', 'Kathi Kantha Rao is a comedy flick. In which, Allari Naresh playing the title role and "Kathi" is the surname of the hero in this movie. Kathi Kantha Rao story revolves around a constable with four sisters and excess family problems. But how he overcomes his family problems by dominating the sub-inspector as well as other senior officials will be shown in a comic manner.', '/lN305RUQgzKycvtZCyYturoQUB7.jpg');
INSERT INTO movie_genres (movie_id, genre_id) VALUES (77802, 35);
INSERT INTO movies (id, title, release_date, description, poster_path) VALUES (546554, 'Knives Out', '2019-11-27', 'When renowned crime novelist Harlan Thrombey is found dead at his estate just after his 85th birthday, the inquisitive and debonair Detective Benoit Blanc is mysteriously enlisted to investigate. From Harlan''s dysfunctional family to his devoted staff, Blanc sifts through a web of red herrings and self-serving lies to uncover the truth behind Harlan''s untimely death.', '/pThyQovXQrw2m0s9x82twj48Jq4.jpg');
INSERT INTO movie_genres (movie_id, genre_id) VALUES (546554, 35);
INSERT INTO movie_genres (movie_id, genre_id) VALUES (546554, 80);
INSERT INTO movie_genres (movie_id, genre_id) VALUES (546554, 9648);
INSERT INTO movies (id, title, release_date, description, poster_path) VALUES (6479, 'I Am Legend', '2007-12-12', 'Robert Neville is a scientist who was unable to stop the spread of the terrible virus that was incurable and man-made. Immune, Neville is now the last human survivor in what is left of New York City and perhaps the world. For three years, Neville has faithfully sent out daily radio messages, desperate to find any other survivors who might be out there. But he is not alone.', '/iPDkaSdKk2jRLTM65UOEoKtsIZ8.jpg');
INSERT INTO movie_genres (movie_id, genre_id) VALUES (6479, 18);
INSERT INTO movie_genres (movie_id, genre_id) VALUES (6479, 878);
INSERT INTO movie_genres (movie_id, genre_id) VALUES (6479, 53);
INSERT INTO movies (id, title, release_date, description, poster_path) VALUES (61791, 'Rise of the Planet of the Apes', '2011-08-03', 'A highly intelligent chimpanzee named Caesar has been living a peaceful suburban life ever since he was born. But when he gets taken to a cruel primate facility, Caesar decides to revolt against those who have harmed him.', '/cjLsuP75UDlRdJVMXzXg3TJ4umX.jpg');
INSERT INTO movie_genres (movie_id, genre_id) VALUES (61791, 53);
INSERT INTO movie_genres (movie_id, genre_id) VALUES (61791, 28);
INSERT INTO movie_genres (movie_id, genre_id) VALUES (61791, 18);
INSERT INTO movie_genres (movie_id, genre_id) VALUES (61791, 878);
INSERT INTO movies (id, title, release_date, description, poster_path) VALUES (36557, 'Casino Royale', '2006-11-14', 'Le Chiffre, a banker to the world''s terrorists, is scheduled to participate in a high-stakes poker game in Montenegro, where he intends to use his winnings to establish his financial grip on the terrorist market. M sends Bond—on his maiden mission as a 00 Agent—to attend this game and prevent Le Chiffre from winning. With the help of Vesper Lynd and Felix Leiter, Bond enters the most important poker game in his already dangerous career.', '/lMrxYKKhd4lqRzwUHAy5gcx9PSO.jpg');
INSERT INTO movie_genres (movie_id, genre_id) VALUES (36557, 12);
INSERT INTO movie_genres (movie_id, genre_id) VALUES (36557, 28);
INSERT INTO movie_genres (movie_id, genre_id) VALUES (36557, 53);
INSERT INTO movies (id, title, release_date, description, poster_path) VALUES (284053, 'Thor: Ragnarok', '2017-10-02', 'Thor is imprisoned on the other side of the universe and finds himself in a race against time to get back to Asgard to stop Ragnarok, the destruction of his home-world and the end of Asgardian civilization, at the hands of a powerful new threat, the ruthless Hela.', '/rzRwTcFvttcN1ZpX2xv4j3tSdJu.jpg');
INSERT INTO movie_genres (movie_id, genre_id) VALUES (284053, 28);
INSERT INTO movie_genres (movie_id, genre_id) VALUES (284053, 12);
INSERT INTO movie_genres (movie_id, genre_id) VALUES (284053, 878);
INSERT INTO movies (id, title, release_date, description, poster_path) VALUES (568620, 'Snake Eyes: G.I. Joe Origins', '2021-07-22', 'After saving the life of their heir apparent, tenacious loner Snake Eyes is welcomed into an ancient Japanese clan called the Arashikage where he is taught the ways of the ninja warrior. But, when secrets from his past are revealed, Snake Eyes'' honor and allegiance will be tested – even if that means losing the trust of those closest to him.', '/uIXF0sQGXOxQhbaEaKOi2VYlIL0.jpg');
INSERT INTO movie_genres (movie_id, genre_id) VALUES (568620, 28);
INSERT INTO movie_genres (movie_id, genre_id) VALUES (568620, 12);
INSERT INTO movies (id, title, release_date, description, poster_path) VALUES (613504, 'After We Collided', '2020-09-02', 'Tessa finds herself struggling with her complicated relationship with Hardin; she faces a dilemma that could change their lives forever.', '/kiX7UYfOpYrMFSAGbI6j1pFkLzQ.jpg');
INSERT INTO movie_genres (movie_id, genre_id) VALUES (613504, 10749);
INSERT INTO movie_genres (movie_id, genre_id) VALUES (613504, 18);
INSERT INTO movies (id, title, release_date, description, poster_path) VALUES (1226578, 'Longlegs', '2024-07-10', 'FBI Agent Lee Harker is a gifted new recruit assigned to the unsolved case of an elusive serial killer. As the case takes complex turns, unearthing evidence of the occult, Harker discovers a personal connection to the merciless killer and must race against time to stop him before he claims the lives of another innocent family.', '/1EwNyiiNFd863H4e8nWEzutnZD7.jpg');
INSERT INTO movie_genres (movie_id, genre_id) VALUES (1226578, 27);
INSERT INTO movie_genres (movie_id, genre_id) VALUES (1226578, 53);
INSERT INTO movie_genres (movie_id, genre_id) VALUES (1226578, 80);
INSERT INTO movies (id, title, release_date, description, poster_path) VALUES (893723, 'PAW Patrol: The Mighty Movie', '2023-09-21', 'A magical meteor crash lands in Adventure City and gives the PAW Patrol pups superpowers, transforming them into The Mighty Pups.', '/aTvePCU7exLepwg5hWySjwxojQK.jpg');
INSERT INTO movie_genres (movie_id, genre_id) VALUES (893723, 10751);
INSERT INTO movie_genres (movie_id, genre_id) VALUES (893723, 35);
INSERT INTO movie_genres (movie_id, genre_id) VALUES (893723, 12);
INSERT INTO movie_genres (movie_id, genre_id) VALUES (893723, 16);
INSERT INTO movies (id, title, release_date, description, poster_path) VALUES (1041613, 'Immaculate', '2024-03-20', 'An American nun embarks on a new journey when she joins a remote convent in the Italian countryside. However, her warm welcome quickly turns into a living nightmare when she discovers her new home harbours a sinister secret and unspeakable horrors.', '/zyopv7D5j7cfswG0NYiA14qAdPC.jpg');
INSERT INTO movie_genres (movie_id, genre_id) VALUES (1041613, 27);
INSERT INTO movie_genres (movie_id, genre_id) VALUES (1041613, 9648);
INSERT INTO movie_genres (movie_id, genre_id) VALUES (1041613, 53);
INSERT INTO movies (id, title, release_date, description, poster_path) VALUES (1010600, 'The Strangers: Chapter 1', '2024-05-15', 'After their car breaks down in an eerie small town, a young couple are forced to spend the night in a remote cabin. Panic ensues as they are terrorized by three masked strangers who strike with no mercy and seemingly no motives.', '/cdFZoQDxLRRWXLB3kxCnc674dBF.jpg');
INSERT INTO movie_genres (movie_id, genre_id) VALUES (1010600, 27);
INSERT INTO movie_genres (movie_id, genre_id) VALUES (1010600, 53);
INSERT INTO movies (id, title, release_date, description, poster_path) VALUES (2501, 'The Bourne Identity', '2002-06-14', 'Wounded to the brink of death and suffering from amnesia, Jason Bourne is rescued at sea by a fisherman. With nothing to go on but a Swiss bank account number, he starts to reconstruct his life, but finds that many people he encounters want him dead. However, Bourne realizes that he has the combat and mental skills of a world-class spy—but who does he work for?', '/aP8swke3gmowbkfZ6lmNidu0y9p.jpg');
INSERT INTO movie_genres (movie_id, genre_id) VALUES (2501, 28);
INSERT INTO movie_genres (movie_id, genre_id) VALUES (2501, 18);
INSERT INTO movie_genres (movie_id, genre_id) VALUES (2501, 9648);
INSERT INTO movie_genres (movie_id, genre_id) VALUES (2501, 53);
INSERT INTO movies (id, title, release_date, description, poster_path) VALUES (1195506, 'Novocaine', '2025-03-12', 'When the girl of his dreams is kidnapped, everyman Nate turns his inability to feel pain into an unexpected strength in his fight to get her back.', '/xa5RB5aXQOwDqrEslKQYTTd4TTl.jpg');
INSERT INTO movie_genres (movie_id, genre_id) VALUES (1195506, 28);
INSERT INTO movie_genres (movie_id, genre_id) VALUES (1195506, 35);
INSERT INTO movie_genres (movie_id, genre_id) VALUES (1195506, 53);
INSERT INTO movies (id, title, release_date, description, poster_path) VALUES (284054, 'Black Panther', '2018-02-13', 'King T''Challa returns home to the reclusive, technologically advanced African nation of Wakanda to serve as his country''s new leader. However, T''Challa soon finds that he is challenged for the throne by factions within his own country as well as without. Using powers reserved to Wakandan kings, T''Challa assumes the Black Panther mantle to join with ex-girlfriend Nakia, the queen-mother, his princess-kid sister, members of the Dora Milaje (the Wakandan ''special forces'') and an American secret agent, to prevent Wakanda from being dragged into a world war.', '/uxzzxijgPIY7slzFvMotPv8wjKA.jpg');
INSERT INTO movie_genres (movie_id, genre_id) VALUES (284054, 28);
INSERT INTO movie_genres (movie_id, genre_id) VALUES (284054, 12);
INSERT INTO movie_genres (movie_id, genre_id) VALUES (284054, 878);
INSERT INTO movies (id, title, release_date, description, poster_path) VALUES (481533, 'When Jeff Tried to Save the World', '2018-04-16', 'When Jeff discovers that the bowling alley he manages is being sold, he must do everything he can to save the place he''s come to call home.', '/oKkgWHmOU98V8caEtE6Isv5cVab.jpg');
INSERT INTO movie_genres (movie_id, genre_id) VALUES (481533, 35);
INSERT INTO movie_genres (movie_id, genre_id) VALUES (481533, 18);
INSERT INTO movies (id, title, release_date, description, poster_path) VALUES (260346, 'Taken 3', '2014-12-16', 'Ex-government operative Bryan Mills finds his life is shattered when he''s falsely accused of a murder that hits close to home. As he''s pursued by a savvy police inspector, Mills employs his particular set of skills to track the real killer and exact his unique brand of justice.', '/vzvMXMypMq7ieDofKThsxjHj9hn.jpg');
INSERT INTO movie_genres (movie_id, genre_id) VALUES (260346, 53);
INSERT INTO movie_genres (movie_id, genre_id) VALUES (260346, 28);
INSERT INTO movies (id, title, release_date, description, poster_path) VALUES (23202, 'Trick ''r Treat', '2007-12-09', 'Four interwoven stories that occur on Halloween: an everyday high school principal has a secret life as a serial killer; a college virgin might have just met the one guy for her; a group of teenagers pull a mean prank, and a bitter old recluse receives an uninvited guest.', '/w0nmol4g7n6MFfhfphV7GzHHYjB.jpg');
INSERT INTO movie_genres (movie_id, genre_id) VALUES (23202, 27);
INSERT INTO movie_genres (movie_id, genre_id) VALUES (23202, 35);
INSERT INTO movies (id, title, release_date, description, poster_path) VALUES (373571, 'Godzilla: King of the Monsters', '2019-05-29', 'Follows the heroic efforts of the crypto-zoological agency Monarch as its members face off against a battery of god-sized monsters, including the mighty Godzilla, who collides with Mothra, Rodan, and his ultimate nemesis, the three-headed King Ghidorah. When these ancient super-species, thought to be mere myths, rise again, they all vie for supremacy, leaving humanity''s very existence hanging in the balance.', '/mzOHg7Q5q9yUmY0b9Esu8Qe6Nnm.jpg');
INSERT INTO movie_genres (movie_id, genre_id) VALUES (373571, 878);
INSERT INTO movie_genres (movie_id, genre_id) VALUES (373571, 28);
INSERT INTO movies (id, title, release_date, description, poster_path) VALUES (800158, 'The Killer', '2023-10-25', 'After a fateful miss, an assassin battles his employers, and himself, on an international manhunt he insists isn''t personal.', '/e7Jvsry47JJQruuezjU2X1Z6J77.jpg');
INSERT INTO movie_genres (movie_id, genre_id) VALUES (800158, 80);
INSERT INTO movie_genres (movie_id, genre_id) VALUES (800158, 53);
INSERT INTO movies (id, title, release_date, description, poster_path) VALUES (9769, 'Lolita', '1997-09-27', 'Humbert Humbert is a middle-aged British novelist who is both appalled by and attracted to the vulgarity of American culture. When he comes to stay at the boarding house run by Charlotte Haze, he soon becomes obsessed with Lolita, the woman''s teenaged daughter.', '/9INcC14WZjCMKGE360VXmklCLdZ.jpg');
INSERT INTO movie_genres (movie_id, genre_id) VALUES (9769, 18);
INSERT INTO movie_genres (movie_id, genre_id) VALUES (9769, 10749);
INSERT INTO movies (id, title, release_date, description, poster_path) VALUES (350, 'The Devil Wears Prada', '2006-06-29', 'Andy moves to New York to work in the fashion industry. Her boss is extremely demanding, cruel and won''t let her succeed if she doesn''t fit into the high class elegant look of their magazine.', '/8912AsVuS7Sj915apArUFbv6F9L.jpg');
INSERT INTO movie_genres (movie_id, genre_id) VALUES (350, 18);
INSERT INTO movie_genres (movie_id, genre_id) VALUES (350, 35);
INSERT INTO movies (id, title, release_date, description, poster_path) VALUES (1042834, 'Eden', '2025-04-03', 'A group of disillusioned outsiders abandon modern society in search of a new beginning. Settling on a remote, uninhabited island, their utopian dream quickly unravels as they discover that the greatest threat isn’t the brutal climate or deadly wildlife, but each other.', '/jbFEESMVbpJU8IjZBjiWGJdEsxR.jpg');
INSERT INTO movie_genres (movie_id, genre_id) VALUES (1042834, 53);
INSERT INTO movie_genres (movie_id, genre_id) VALUES (1042834, 18);
INSERT INTO movies (id, title, release_date, description, poster_path) VALUES (524434, 'Eternals', '2021-11-03', 'The Eternals are a team of ancient aliens who have been living on Earth in secret for thousands of years. When an unexpected tragedy forces them out of the shadows, they are forced to reunite against mankind’s most ancient enemy, the Deviants.', '/lFByFSLV5WDJEv3KabbdAF959F2.jpg');
INSERT INTO movie_genres (movie_id, genre_id) VALUES (524434, 878);
INSERT INTO movie_genres (movie_id, genre_id) VALUES (524434, 28);
INSERT INTO movie_genres (movie_id, genre_id) VALUES (524434, 12);
INSERT INTO movies (id, title, release_date, description, poster_path) VALUES (949423, 'Pearl', '2022-09-16', 'Trapped on her family’s isolated farm, Pearl must tend to her ailing father under the bitter and overbearing watch of her devout mother. Lusting for a glamorous life like she’s seen in the movies, Pearl’s ambitions, temptations, and repressions collide.', '/z5uIG81pXyHKg7cUFIu84Wjn4NS.jpg');
INSERT INTO movie_genres (movie_id, genre_id) VALUES (949423, 27);
INSERT INTO movie_genres (movie_id, genre_id) VALUES (949423, 53);
INSERT INTO movies (id, title, release_date, description, poster_path) VALUES (420634, 'Terrifier', '2018-01-25', 'A maniacal clown named Art terrorizes three young women on Halloween night and everyone else who stands in his way.', '/fjXqhGmaeQpB73WerhrYU6HlyV5.jpg');
INSERT INTO movie_genres (movie_id, genre_id) VALUES (420634, 27);
INSERT INTO movie_genres (movie_id, genre_id) VALUES (420634, 53);
INSERT INTO movies (id, title, release_date, description, poster_path) VALUES (1014590, 'Upgraded', '2024-02-07', 'Ana is an ambitious intern dreaming of a career in the art world while trying to impress her demanding boss Claire. When she''s upgraded to first class on a work trip, she meets handsome Will, and Ana pretends to be her boss– a white lie that sets off a glamorous chain of events, romance and opportunity, until her fib threatens to surface.', '/uhOXS17gRpTwA85WsZLlYFK3rz0.jpg');
INSERT INTO movie_genres (movie_id, genre_id) VALUES (1014590, 10749);
INSERT INTO movie_genres (movie_id, genre_id) VALUES (1014590, 35);
INSERT INTO movies (id, title, release_date, description, poster_path) VALUES (1140535, 'Presence', '2025-01-17', 'A couple and their children move into a seemingly normal suburban home. When strange events occur, they begin to believe there is something else in the house with them. The presence is about to disrupt their lives in unimaginable ways.', '/hZ8dTeBzigV5SVgwG1ikSROAFiS.jpg');
INSERT INTO movie_genres (movie_id, genre_id) VALUES (1140535, 27);
INSERT INTO movie_genres (movie_id, genre_id) VALUES (1140535, 53);
INSERT INTO movie_genres (movie_id, genre_id) VALUES (1140535, 18);
INSERT INTO movies (id, title, release_date, description, poster_path) VALUES (70, 'Million Dollar Baby', '2004-12-05', 'Despondent over a painful estrangement from his daughter, trainer Frankie Dunn isn''t prepared for boxer Maggie Fitzgerald to enter his life. But Maggie''s determined to go pro and to convince Dunn and his cohort to help her.', '/jcfEqKdWF1zeyvECPqp3mkWLct2.jpg');
INSERT INTO movie_genres (movie_id, genre_id) VALUES (70, 18);
INSERT INTO movies (id, title, release_date, description, poster_path) VALUES (336843, 'Maze Runner: The Death Cure', '2018-01-10', 'Thomas leads his group of escaped Gladers on their final and most dangerous mission yet. To save their friends, they must break into the legendary Last City, a WCKD-controlled labyrinth that may turn out to be the deadliest maze of all. Anyone who makes it out alive will get answers to the questions the Gladers have been asking since they first arrived in the maze.', '/drbERzlA4cuRWhsTXfFOY4mRR4f.jpg');
INSERT INTO movie_genres (movie_id, genre_id) VALUES (336843, 878);
INSERT INTO movie_genres (movie_id, genre_id) VALUES (336843, 28);
INSERT INTO movie_genres (movie_id, genre_id) VALUES (336843, 12);
INSERT INTO movie_genres (movie_id, genre_id) VALUES (336843, 53);
INSERT INTO movies (id, title, release_date, description, poster_path) VALUES (453, 'A Beautiful Mind', '2001-12-14', 'From the heights of notoriety to the depths of depravity, John Forbes Nash Jr. experiences it all. As a brilliant but socially awkward mathematician, he made a groundbreaking discovery early in his career and stands on the brink of international acclaim. But as the handsome and arrogant Nash accepts secret work in cryptography, he becomes entangled in a mysterious conspiracy. His life takes a nightmarish turn and he soon finds himself on a painful and harrowing journey of self-discovery.', '/rEIg5yJdNOt9fmX4P8gU9LeNoTQ.jpg');
INSERT INTO movie_genres (movie_id, genre_id) VALUES (453, 18);
INSERT INTO movie_genres (movie_id, genre_id) VALUES (453, 10749);
INSERT INTO movies (id, title, release_date, description, poster_path) VALUES (66485, 'Viva Max!', '1969-12-01', 'In order to prove his greatness to his unimpressed girlfriend, Mexican general Max takes a group of men across the border and recaptures the Alamo - international hijinks ensue!', '/9FRqnAuDNKmMtESwv98RaGMLgsE.jpg');
INSERT INTO movie_genres (movie_id, genre_id) VALUES (66485, 35);
INSERT INTO movies (id, title, release_date, description, poster_path) VALUES (713704, 'Evil Dead Rise', '2023-04-12', 'A reunion between two estranged sisters gets cut short by the rise of flesh-possessing demons, thrusting them into a primal battle for survival as they face the most nightmarish version of family imaginable.', '/5ik4ATKmNtmJU6AYD0bLm56BCVM.jpg');
INSERT INTO movie_genres (movie_id, genre_id) VALUES (713704, 27);
INSERT INTO movie_genres (movie_id, genre_id) VALUES (713704, 53);
INSERT INTO movies (id, title, release_date, description, poster_path) VALUES (207703, 'Kingsman: The Secret Service', '2015-01-24', 'The story of a super-secret spy organization that recruits an unrefined but promising street kid into the agency''s ultra-competitive training program just as a global threat emerges from a twisted tech genius.', '/r6q9wZK5a2K51KFj4LWVID6Ja1r.jpg');
INSERT INTO movie_genres (movie_id, genre_id) VALUES (207703, 80);
INSERT INTO movie_genres (movie_id, genre_id) VALUES (207703, 35);
INSERT INTO movie_genres (movie_id, genre_id) VALUES (207703, 28);
INSERT INTO movie_genres (movie_id, genre_id) VALUES (207703, 12);
INSERT INTO movies (id, title, release_date, description, poster_path) VALUES (785542, 'The Outrun', '2024-09-27', 'Fresh out of rehab, Rona returns to the Orkney Islands—a place both wild and beautiful, right off the Scottish coast. Now 29 and after more than a decade of living life on the edge in London, where she both found and lost love, Rona attempts to come to terms with her troubled past. As she reconnects with the dramatic landscape where she grew up, memories of her traumatic childhood merge with more recent challenging events that have set her on the path to recovery.', '/zfRR2CkbvYrLuOPQFm8vBaENyMy.jpg');
INSERT INTO movie_genres (movie_id, genre_id) VALUES (785542, 18);
INSERT INTO movies (id, title, release_date, description, poster_path) VALUES (335977, 'Indiana Jones and the Dial of Destiny', '2023-06-25', 'Finding himself in a new era, and approaching retirement, Indy wrestles with fitting into a world that seems to have outgrown him. But as the tentacles of an all-too-familiar evil return in the form of an old rival, Indy must don his hat and pick up his whip once more to make sure an ancient and powerful artifact doesn''t fall into the wrong hands.', '/Af4bXE63pVsb2FtbW8uYIyPBadD.jpg');
INSERT INTO movie_genres (movie_id, genre_id) VALUES (335977, 12);
INSERT INTO movie_genres (movie_id, genre_id) VALUES (335977, 28);
INSERT INTO movies (id, title, release_date, description, poster_path) VALUES (9358, 'Final Destination 2', '2003-01-31', 'When Kimberly has a violent premonition of a highway pileup she blocks the freeway, keeping a few others meant to die, safe...Or are they? The survivors mysteriously start dying and it''s up to Kimberly to stop it before she''s next.', '/dg6Tf98InieJSClSKQJTQevYWmB.jpg');
INSERT INTO movie_genres (movie_id, genre_id) VALUES (9358, 27);
INSERT INTO movie_genres (movie_id, genre_id) VALUES (9358, 9648);
INSERT INTO movies (id, title, release_date, description, poster_path) VALUES (701387, 'Bugonia', '2025-10-23', 'Two conspiracy obsessed young men kidnap the high-powered CEO of a major company, convinced that she is an alien intent on destroying planet Earth.', '/oxgsAQDAAxA92mFGYCZllgWkH9J.jpg');
INSERT INTO movie_genres (movie_id, genre_id) VALUES (701387, 35);
INSERT INTO movie_genres (movie_id, genre_id) VALUES (701387, 878);
INSERT INTO movie_genres (movie_id, genre_id) VALUES (701387, 53);
INSERT INTO movies (id, title, release_date, description, poster_path) VALUES (8363, 'Superbad', '2007-08-17', 'Two co-dependent high school seniors are forced to deal with separation anxiety after their plan to stage a booze-soaked party goes awry.', '/ek8e8txUyUwd2BNqj6lFEerJfbq.jpg');
INSERT INTO movie_genres (movie_id, genre_id) VALUES (8363, 35);
INSERT INTO movies (id, title, release_date, description, poster_path) VALUES (639720, 'IF', '2024-05-08', 'After discovering she can see everyone''s imaginary friends, a girl embarks on a magical adventure to reconnect forgotten imaginary friends with their kids.', '/xbKFv4KF3sVYuWKllLlwWDmuZP7.jpg');
INSERT INTO movie_genres (movie_id, genre_id) VALUES (639720, 35);
INSERT INTO movie_genres (movie_id, genre_id) VALUES (639720, 14);
INSERT INTO movie_genres (movie_id, genre_id) VALUES (639720, 10751);
INSERT INTO movies (id, title, release_date, description, poster_path) VALUES (688, 'The Bridges of Madison County', '1995-06-02', 'Photographer Robert Kincaid wanders into the life of housewife Francesca Johnson for four days in the 1960s.', '/teGMLWvCnJqvtPYCSuUKRM9MvFe.jpg');
INSERT INTO movie_genres (movie_id, genre_id) VALUES (688, 18);
INSERT INTO movie_genres (movie_id, genre_id) VALUES (688, 10749);
INSERT INTO movies (id, title, release_date, description, poster_path) VALUES (62, '2001: A Space Odyssey', '1968-04-02', 'Humanity finds a mysterious object buried beneath the lunar surface and sets off to find its origins with the help of HAL 9000, the world''s most advanced super computer.', '/ve72VxNqjGM69Uky4WTo2bK6rfq.jpg');
INSERT INTO movie_genres (movie_id, genre_id) VALUES (62, 878);
INSERT INTO movie_genres (movie_id, genre_id) VALUES (62, 9648);
INSERT INTO movie_genres (movie_id, genre_id) VALUES (62, 12);
INSERT INTO movies (id, title, release_date, description, poster_path) VALUES (103, 'Taxi Driver', '1976-02-09', 'Suffering from insomnia, disturbed loner Travis Bickle takes a job as a New York City cabbie, haunting the streets nightly, growing increasingly detached from reality as he dreams of cleaning up the filthy city.', '/ekstpH614fwDX8DUln1a2Opz0N8.jpg');
INSERT INTO movie_genres (movie_id, genre_id) VALUES (103, 80);
INSERT INTO movie_genres (movie_id, genre_id) VALUES (103, 18);
INSERT INTO movies (id, title, release_date, description, poster_path) VALUES (508442, 'Soul', '2020-12-25', 'Joe Gardner is a middle school teacher with a love for jazz music. After a successful audition at the Half Note Club, he suddenly gets into an accident that separates his soul from his body and is transported to the You Seminar, a center in which souls develop and gain passions before being transported to a newborn child. Joe must enlist help from the other souls-in-training, like 22, a soul who has spent eons in the You Seminar, in order to get back to Earth.', '/pEz5aROvfy5FBW1OTlrDO3VryWO.jpg');
INSERT INTO movie_genres (movie_id, genre_id) VALUES (508442, 16);
INSERT INTO movie_genres (movie_id, genre_id) VALUES (508442, 10751);
INSERT INTO movie_genres (movie_id, genre_id) VALUES (508442, 35);
INSERT INTO movie_genres (movie_id, genre_id) VALUES (508442, 14);
INSERT INTO movie_genres (movie_id, genre_id) VALUES (508442, 18);
INSERT INTO movies (id, title, release_date, description, poster_path) VALUES (497698, 'Black Widow', '2021-07-07', 'Natasha Romanoff, also known as Black Widow, confronts the darker parts of her ledger when a dangerous conspiracy with ties to her past arises. Pursued by a force that will stop at nothing to bring her down, Natasha must deal with her history as a spy and the broken relationships left in her wake long before she became an Avenger.', '/7JPpIjhD2V0sKyFvhB9khUMa30d.jpg');
INSERT INTO movie_genres (movie_id, genre_id) VALUES (497698, 28);
INSERT INTO movie_genres (movie_id, genre_id) VALUES (497698, 12);
INSERT INTO movie_genres (movie_id, genre_id) VALUES (497698, 878);
INSERT INTO movies (id, title, release_date, description, poster_path) VALUES (82690, 'Wreck-It Ralph', '2012-11-01', 'Wreck-It Ralph is the 9-foot-tall, 643-pound villain of an arcade video game named Fix-It Felix Jr., in which the game''s titular hero fixes buildings that Ralph destroys. Wanting to prove he can be a good guy and not just a villain, Ralph escapes his game and lands in Hero''s Duty, a first-person shooter where he helps the game''s hero battle against alien invaders. He later enters Sugar Rush, a kart racing game set on tracks made of candies, cookies and other sweets. There, Ralph meets Vanellope von Schweetz who has learned that her game is faced with a dire threat that could affect the entire arcade, and one that Ralph may have inadvertently started.', '/zWoIgZ7mgmPkaZjG0102BSKFIqQ.jpg');
INSERT INTO movie_genres (movie_id, genre_id) VALUES (82690, 10751);
INSERT INTO movie_genres (movie_id, genre_id) VALUES (82690, 16);
INSERT INTO movie_genres (movie_id, genre_id) VALUES (82690, 35);
INSERT INTO movie_genres (movie_id, genre_id) VALUES (82690, 12);
INSERT INTO movies (id, title, release_date, description, poster_path) VALUES (1048241, 'My Spy The Eternal City', '2024-07-18', 'JJ, a veteran CIA agent, reunites with his protégé Sophie, in order to prevent a catastrophic nuclear plot targeting the Vatican.', '/Bf3vCfM94bSJ1saZlyi0UW0e0U.jpg');
INSERT INTO movie_genres (movie_id, genre_id) VALUES (1048241, 28);
INSERT INTO movie_genres (movie_id, genre_id) VALUES (1048241, 35);
INSERT INTO movie_genres (movie_id, genre_id) VALUES (1048241, 10751);
INSERT INTO movies (id, title, release_date, description, poster_path) VALUES (6145, 'Fracture', '2007-04-19', 'A husband is on trial for the attempted murder of his wife, in what is seemingly an open/shut case for the ambitious district attorney trying to put him away. However, there are surprises for both around every corner, and, as a suspenseful game of cat-and-mouse is played out, each must manipulate and outwit the other.', '/qNen8x5gaikjIg9CFihgxYcJwQe.jpg');
INSERT INTO movie_genres (movie_id, genre_id) VALUES (6145, 53);
INSERT INTO movies (id, title, release_date, description, poster_path) VALUES (11836, 'The SpongeBob SquarePants Movie', '2004-11-19', 'There''s trouble brewing in Bikini Bottom. Someone has stolen King Neptune''s crown, and it looks like Mr. Krab, SpongeBob''s boss, is the culprit. Though he''s just been passed over for the promotion of his dreams, SpongeBob stands by his boss, and along with his best pal Patrick, sets out on a treacherous mission to Shell City to reclaim the crown and save Mr. Krab''s life.', '/1rvzKV1d18EbDVaEd4VDzK3cgnY.jpg');
INSERT INTO movie_genres (movie_id, genre_id) VALUES (11836, 10751);
INSERT INTO movie_genres (movie_id, genre_id) VALUES (11836, 35);
INSERT INTO movie_genres (movie_id, genre_id) VALUES (11836, 12);
INSERT INTO movie_genres (movie_id, genre_id) VALUES (11836, 16);
INSERT INTO movies (id, title, release_date, description, poster_path) VALUES (766507, 'Prey', '2022-08-02', 'When danger threatens her camp, the fierce and highly skilled Comanche warrior Naru sets out to protect her people. But the prey she stalks turns out to be a highly evolved alien predator with a technically advanced arsenal.', '/h58U7d1OZyuWaCWMYvw4mfnv6H3.jpg');
INSERT INTO movie_genres (movie_id, genre_id) VALUES (766507, 53);
INSERT INTO movie_genres (movie_id, genre_id) VALUES (766507, 28);
INSERT INTO movie_genres (movie_id, genre_id) VALUES (766507, 878);
INSERT INTO movies (id, title, release_date, description, poster_path) VALUES (436270, 'Black Adam', '2022-10-19', 'Nearly 5,000 years after he was bestowed with the almighty powers of the Egyptian gods—and imprisoned just as quickly—Black Adam is freed from his earthly tomb, ready to unleash his unique form of justice on the modern world.', '/rCtreCr4xiYEWDQTebybolIh6Xe.jpg');
INSERT INTO movie_genres (movie_id, genre_id) VALUES (436270, 28);
INSERT INTO movie_genres (movie_id, genre_id) VALUES (436270, 12);
INSERT INTO movie_genres (movie_id, genre_id) VALUES (436270, 878);
INSERT INTO movies (id, title, release_date, description, poster_path) VALUES (624860, 'The Matrix Resurrections', '2021-12-16', 'Plagued by strange memories, Neo''s life takes an unexpected turn when he finds himself back inside the Matrix.', '/8c4a8kE7PizaGQQnditMmI1xbRp.jpg');
INSERT INTO movie_genres (movie_id, genre_id) VALUES (624860, 878);
INSERT INTO movie_genres (movie_id, genre_id) VALUES (624860, 28);
INSERT INTO movie_genres (movie_id, genre_id) VALUES (624860, 12);
INSERT INTO movies (id, title, release_date, description, poster_path) VALUES (562, 'Die Hard', '1988-07-15', 'NYPD cop John McClane''s plan to reconcile with his estranged wife is thrown for a serious loop when, minutes after he arrives at her offices Christmas Party, the entire building is overtaken by a group of terrorists. With little help from the LAPD, wisecracking McClane sets out to single-handedly rescue the hostages and bring the bad guys down.', '/aJCpHDC6RoGz7d1Fzayl019xnxX.jpg');
INSERT INTO movie_genres (movie_id, genre_id) VALUES (562, 28);
INSERT INTO movie_genres (movie_id, genre_id) VALUES (562, 53);
INSERT INTO movies (id, title, release_date, description, poster_path) VALUES (1235746, 'Dead of Winter', '2025-09-23', 'A widowed fisherwoman, travelling alone through snowbound northern Minnesota, interrupts the kidnapping of a teenage girl. Hours from the nearest town and with no phone service, she realizes that she is the young girl''s only hope.', '/5DcrN62sGAiRJxt8rXSRlSRLwIE.jpg');
INSERT INTO movie_genres (movie_id, genre_id) VALUES (1235746, 28);
INSERT INTO movie_genres (movie_id, genre_id) VALUES (1235746, 53);
INSERT INTO movies (id, title, release_date, description, poster_path) VALUES (419430, 'Get Out', '2017-02-24', 'Chris and his girlfriend Rose go upstate to visit her parents for the weekend. At first, Chris reads the family''s overly accommodating behavior as nervous attempts to deal with their daughter''s interracial relationship, but as the weekend progresses, a series of increasingly disturbing discoveries lead him to a truth that he never could have imagined.', '/tFXcEccSQMf3lfhfXKSU9iRBpa3.jpg');
INSERT INTO movie_genres (movie_id, genre_id) VALUES (419430, 9648);
INSERT INTO movie_genres (movie_id, genre_id) VALUES (419430, 53);
INSERT INTO movie_genres (movie_id, genre_id) VALUES (419430, 27);
INSERT INTO movies (id, title, release_date, description, poster_path) VALUES (447332, 'A Quiet Place', '2018-04-03', 'A family is forced to live in silence while hiding from creatures that hunt by sound.', '/nAU74GmpUk7t5iklEp3bufwDq4n.jpg');
INSERT INTO movie_genres (movie_id, genre_id) VALUES (447332, 27);
INSERT INTO movie_genres (movie_id, genre_id) VALUES (447332, 18);
INSERT INTO movie_genres (movie_id, genre_id) VALUES (447332, 878);
INSERT INTO movies (id, title, release_date, description, poster_path) VALUES (1366, 'Rocky', '1976-11-20', 'Rocky Balboa is a Philadelphia club fighter who seems to be going nowhere. But when a stroke of fate puts him in the ring with a world heavyweight champion, Rocky knows that it''s his one shot at the big time — a once-in-a-lifetime opportunity to go the distance and come out a winner!', '/8kEun6U9hTddM7NEfLLCGQKU2Mp.jpg');
INSERT INTO movie_genres (movie_id, genre_id) VALUES (1366, 18);
INSERT INTO movies (id, title, release_date, description, poster_path) VALUES (9297, 'Monster House', '2006-06-30', 'Monsters under the bed are scary enough, but what happens when an entire house is out to get you? Three teens aim to find out when they go up against a decrepit neighboring home and unlock its frightening secrets.', '/zCRPr4bkO3ae0U1134vJ39xZnAG.jpg');
INSERT INTO movie_genres (movie_id, genre_id) VALUES (9297, 16);
INSERT INTO movie_genres (movie_id, genre_id) VALUES (9297, 35);
INSERT INTO movie_genres (movie_id, genre_id) VALUES (9297, 10751);
INSERT INTO movie_genres (movie_id, genre_id) VALUES (9297, 14);
INSERT INTO movies (id, title, release_date, description, poster_path) VALUES (9738, 'Fantastic Four', '2005-06-29', 'During a space voyage, four scientists are altered by cosmic rays: Reed Richards gains the ability to stretch his body; Sue Storm can become invisible; Johnny Storm controls fire; and Ben Grimm is turned into a super-strong … thing. Together, these "Fantastic Four" must now thwart the evil plans of Dr. Doom and save the world from certain destruction.', '/5qLP3JVg8NE3zdZd48lqhx7iN5Q.jpg');
INSERT INTO movie_genres (movie_id, genre_id) VALUES (9738, 28);
INSERT INTO movie_genres (movie_id, genre_id) VALUES (9738, 14);
INSERT INTO movie_genres (movie_id, genre_id) VALUES (9738, 878);
INSERT INTO movies (id, title, release_date, description, poster_path) VALUES (530385, 'Midsommar', '2019-07-03', 'Several friends travel to Sweden to study as anthropologists a summer festival that is held every ninety years in the remote hometown of one of them. What begins as a dream vacation in a place where the sun never sets, gradually turns into a dark nightmare as the mysterious inhabitants invite them to participate in their disturbing festive activities.', '/7LEI8ulZzO5gy9Ww2NVCrKmHeDZ.jpg');
INSERT INTO movie_genres (movie_id, genre_id) VALUES (530385, 27);
INSERT INTO movie_genres (movie_id, genre_id) VALUES (530385, 18);
INSERT INTO movie_genres (movie_id, genre_id) VALUES (530385, 9648);
INSERT INTO movies (id, title, release_date, description, poster_path) VALUES (1379587, 'Utopia', '2024-12-09', 'A soldier searching for his missing wife breaks into a high-tech facility, believing she''s been caught in a human trafficking ring. But beyond its walls, he finds a surreal, futuristic fantasy park where reality and illusion blur. As he navigates this seductive and dangerous world, a shocking truth pulls him deeper into a deadly game where nothing is as it seems.', '/yef0tY1Nw3BX8PJTfBLieqHj5Hw.jpg');
INSERT INTO movie_genres (movie_id, genre_id) VALUES (1379587, 9648);
INSERT INTO movie_genres (movie_id, genre_id) VALUES (1379587, 53);
INSERT INTO movie_genres (movie_id, genre_id) VALUES (1379587, 28);
INSERT INTO movie_genres (movie_id, genre_id) VALUES (1379587, 878);
INSERT INTO movies (id, title, release_date, description, poster_path) VALUES (1124, 'The Prestige', '2006-10-17', 'A mysterious story of two magicians whose intense rivalry leads them on a life-long battle for supremacy -- full of obsession, deceit and jealousy with dangerous and deadly consequences.', '/2ZOzyhoW08neG27DVySMCcq2emd.jpg');
INSERT INTO movie_genres (movie_id, genre_id) VALUES (1124, 18);
INSERT INTO movie_genres (movie_id, genre_id) VALUES (1124, 9648);
INSERT INTO movie_genres (movie_id, genre_id) VALUES (1124, 878);
INSERT INTO movies (id, title, release_date, description, poster_path) VALUES (254128, 'San Andreas', '2015-05-27', 'In the aftermath of a massive earthquake in California, a rescue-chopper pilot makes a dangerous journey across the state in order to rescue his estranged daughter.', '/2Gfjn962aaFSD6eST6QU3oLDZTo.jpg');
INSERT INTO movie_genres (movie_id, genre_id) VALUES (254128, 28);
INSERT INTO movie_genres (movie_id, genre_id) VALUES (254128, 18);
INSERT INTO movie_genres (movie_id, genre_id) VALUES (254128, 53);
INSERT INTO movies (id, title, release_date, description, poster_path) VALUES (447277, 'The Little Mermaid', '2023-05-18', 'The youngest of King Triton’s daughters, and the most defiant, Ariel longs to find out more about the world beyond the sea, and while visiting the surface, falls for the dashing Prince Eric. With mermaids forbidden to interact with humans, Ariel makes a deal with the evil sea witch, Ursula, which gives her a chance to experience life on land, but ultimately places her life – and her father’s crown – in jeopardy.', '/ym1dxyOk4jFcSl4Q2zmRrA5BEEN.jpg');
INSERT INTO movie_genres (movie_id, genre_id) VALUES (447277, 12);
INSERT INTO movie_genres (movie_id, genre_id) VALUES (447277, 10751);
INSERT INTO movie_genres (movie_id, genre_id) VALUES (447277, 14);
INSERT INTO movie_genres (movie_id, genre_id) VALUES (447277, 10749);
INSERT INTO movies (id, title, release_date, description, poster_path) VALUES (176, 'Saw', '2004-10-01', 'Two men wake up to find themselves shackled in a grimy, abandoned bathroom. As they struggle to comprehend their predicament, they discover a disturbing tape left behind by the sadistic mastermind known as Jigsaw. With a chilling voice and cryptic instructions, Jigsaw informs them that they must partake in a gruesome game in order to secure their freedom.', '/rLNSOudrayDBo1uqXjrhxcjODIC.jpg');
INSERT INTO movie_genres (movie_id, genre_id) VALUES (176, 27);
INSERT INTO movie_genres (movie_id, genre_id) VALUES (176, 9648);
INSERT INTO movie_genres (movie_id, genre_id) VALUES (176, 80);
INSERT INTO movies (id, title, release_date, description, poster_path) VALUES (1734, 'The Mummy Returns', '2001-05-04', 'Rick and Evelyn O’Connell, along with their 8-year-old son Alex, discover the key to the legendary Scorpion King’s might: the fabled Bracelet of Anubis. Unfortunately, a newly resurrected Imhotep has designs on the bracelet as well, and isn’t above kidnapping its new bearer, Alex, to gain control of Anubis’s otherworldly army.', '/kdJsW7hcy1lrj7tdMPycTAQPAiR.jpg');
INSERT INTO movie_genres (movie_id, genre_id) VALUES (1734, 12);
INSERT INTO movie_genres (movie_id, genre_id) VALUES (1734, 28);
INSERT INTO movie_genres (movie_id, genre_id) VALUES (1734, 14);
INSERT INTO movies (id, title, release_date, description, poster_path) VALUES (791373, 'Zack Snyder''s Justice League', '2021-03-18', 'Determined to ensure Superman''s ultimate sacrifice was not in vain, Bruce Wayne aligns forces with Diana Prince with plans to recruit a team of metahumans to protect the world from an approaching threat of catastrophic proportions.', '/tnAuB8q5vv7Ax9UAEje5Xi4BXik.jpg');
INSERT INTO movie_genres (movie_id, genre_id) VALUES (791373, 28);
INSERT INTO movie_genres (movie_id, genre_id) VALUES (791373, 12);
INSERT INTO movie_genres (movie_id, genre_id) VALUES (791373, 14);
INSERT INTO movies (id, title, release_date, description, poster_path) VALUES (246655, 'X-Men: Apocalypse', '2016-05-18', 'After the re-emergence of the world''s first mutant, world-destroyer Apocalypse, the X-Men must unite to defeat his extinction level plan.', '/ikA8UhYdTGpqbatFa93nIf6noSr.jpg');
INSERT INTO movie_genres (movie_id, genre_id) VALUES (246655, 28);
INSERT INTO movie_genres (movie_id, genre_id) VALUES (246655, 12);
INSERT INTO movie_genres (movie_id, genre_id) VALUES (246655, 878);
INSERT INTO movie_genres (movie_id, genre_id) VALUES (246655, 14);
INSERT INTO movies (id, title, release_date, description, poster_path) VALUES (1104845, 'Plankton: The Movie', '2025-03-08', 'Plankton''s tangled love story with his sentient computer wife goes sideways when she takes a stand — and decides to destroy the world without him.', '/hGaUNLF5VZbg9ovPTyjm9Rv5xWz.jpg');
INSERT INTO movie_genres (movie_id, genre_id) VALUES (1104845, 10751);
INSERT INTO movie_genres (movie_id, genre_id) VALUES (1104845, 35);
INSERT INTO movie_genres (movie_id, genre_id) VALUES (1104845, 12);
INSERT INTO movie_genres (movie_id, genre_id) VALUES (1104845, 16);
INSERT INTO movies (id, title, release_date, description, poster_path) VALUES (1216191, 'Oddity', '2024-07-19', 'After the brutal murder of her twin sister, Darcy goes after those responsible by using haunted items as her tools for revenge.', '/3Z9c1tbUhP0QruRjczPHnbx3U2D.jpg');
INSERT INTO movie_genres (movie_id, genre_id) VALUES (1216191, 27);
INSERT INTO movie_genres (movie_id, genre_id) VALUES (1216191, 9648);
INSERT INTO movies (id, title, release_date, description, poster_path) VALUES (98368, 'Ritual', '2012-04-26', 'A father on vacation wakes up separated from his family and races through the woods to find them.', '/70txMynjkXC0hJsO6OMoD5FGDxm.jpg');
INSERT INTO movie_genres (movie_id, genre_id) VALUES (98368, 27);
INSERT INTO movie_genres (movie_id, genre_id) VALUES (98368, 9648);
INSERT INTO movies (id, title, release_date, description, poster_path) VALUES (10585, 'Child''s Play', '1988-11-09', 'An innocent-looking doll is inhabited by the soul of a serial killer who refuses to die.', '/wvpgvcWNkF2HLuTEMIM7K83MvZ.jpg');
INSERT INTO movie_genres (movie_id, genre_id) VALUES (10585, 27);
INSERT INTO movies (id, title, release_date, description, poster_path) VALUES (1353328, 'Hook', '2025-04-04', 'Driven by a hallucinogenic drug and a thirst for revenge, James Hook murders John Darling and loses his hand to Peter Pan. Eighteen years later, Wendy, now married to Peter, has a daughter, Lily. Lily discovers Hook is her biological father, leading her to a remote birthday retreat. Hook escapes prison and embarks on a killing spree, targeting Lily and her friends at the manor.', '/uMCGeXaiCHQNBgh7em4Gaf73e0i.jpg');
INSERT INTO movie_genres (movie_id, genre_id) VALUES (1353328, 27);
INSERT INTO movies (id, title, release_date, description, poster_path) VALUES (115290, 'Blue Lagoon: The Awakening', '2012-06-16', 'Two high school students become stranded on a tropical island and must rely on each other for survival. They learn more about themselves and each other while falling in love.', '/ptsBY9Aqo4Mn0V1krI5s8WfFxzW.jpg');
INSERT INTO movie_genres (movie_id, genre_id) VALUES (115290, 18);
INSERT INTO movie_genres (movie_id, genre_id) VALUES (115290, 12);
INSERT INTO movie_genres (movie_id, genre_id) VALUES (115290, 10749);
INSERT INTO movie_genres (movie_id, genre_id) VALUES (115290, 10770);
INSERT INTO movies (id, title, release_date, description, poster_path) VALUES (181533, 'Night at the Museum: Secret of the Tomb', '2014-12-17', 'When the magic powers of The Tablet of Ahkmenrah begin to die out, Larry Daley spans the globe, uniting favorite and new characters while embarking on an epic quest to save the magic before it is gone forever.', '/xwgy305K6qDs3D20xUO4OZu1HPY.jpg');
INSERT INTO movie_genres (movie_id, genre_id) VALUES (181533, 12);
INSERT INTO movie_genres (movie_id, genre_id) VALUES (181533, 35);
INSERT INTO movie_genres (movie_id, genre_id) VALUES (181533, 14);
INSERT INTO movie_genres (movie_id, genre_id) VALUES (181533, 10751);
INSERT INTO movies (id, title, release_date, description, poster_path) VALUES (1223690, 'Pretty Thing', '2025-07-03', 'A successful executive fights back when a scorned young lover takes his obsession too far.', '/xWVbtqUvuhAOYzkZV6YDQOnN5fQ.jpg');
INSERT INTO movie_genres (movie_id, genre_id) VALUES (1223690, 18);
INSERT INTO movie_genres (movie_id, genre_id) VALUES (1223690, 53);
INSERT INTO movies (id, title, release_date, description, poster_path) VALUES (1278, 'The Dreamers', '2003-10-10', 'When Isabelle and Theo invite Matthew to stay with them, what begins as a casual friendship ripens into a sensual voyage of discovery and desire in which nothing is off limits and everything is possible.', '/8xYTTQVCxVXkMtPitvwEudNrgtd.jpg');
INSERT INTO movie_genres (movie_id, genre_id) VALUES (1278, 18);
INSERT INTO movie_genres (movie_id, genre_id) VALUES (1278, 10749);
INSERT INTO movies (id, title, release_date, description, poster_path) VALUES (585511, 'Luck', '2022-08-05', 'Suddenly finding herself in the never-before-seen Land of Luck, the unluckiest person in the world must unite with the magical creatures there to turn her luck around.', '/9OpVlfJGNvX3lUqdzY0nGoA6wQa.jpg');
INSERT INTO movie_genres (movie_id, genre_id) VALUES (585511, 16);
INSERT INTO movie_genres (movie_id, genre_id) VALUES (585511, 12);
INSERT INTO movie_genres (movie_id, genre_id) VALUES (585511, 35);
INSERT INTO movie_genres (movie_id, genre_id) VALUES (585511, 14);
INSERT INTO movies (id, title, release_date, description, poster_path) VALUES (710295, 'Wolf Man', '2025-01-15', 'With his marriage fraying, Blake persuades his wife Charlotte to take a break from the city and visit his remote childhood home in rural Oregon. As they arrive at the farmhouse in the dead of night, they''re attacked by an unseen animal and barricade themselves inside the home as the creature prowls the perimeter. But as the night stretches on, Blake begins to behave strangely, transforming into something unrecognizable.', '/wpSDzTBfF0Eeo5lzu2w9FTujGqd.jpg');
INSERT INTO movie_genres (movie_id, genre_id) VALUES (710295, 27);
INSERT INTO movie_genres (movie_id, genre_id) VALUES (710295, 53);
INSERT INTO movies (id, title, release_date, description, poster_path) VALUES (284052, 'Doctor Strange', '2016-10-25', 'After his career is destroyed, a brilliant but arrogant surgeon gets a new lease on life when a sorcerer takes him under her wing and trains him to defend the world against evil.', '/xf8PbyQcR5ucXErmZNzdKR0s8ya.jpg');
INSERT INTO movie_genres (movie_id, genre_id) VALUES (284052, 14);
INSERT INTO movie_genres (movie_id, genre_id) VALUES (284052, 12);
INSERT INTO movie_genres (movie_id, genre_id) VALUES (284052, 28);
INSERT INTO movies (id, title, release_date, description, poster_path) VALUES (1607, 'A Bronx Tale', '1993-10-01', 'Set in the Bronx during the tumultuous 1960s, an adolescent boy is torn between his honest, working-class father and a violent yet charismatic crime boss. Complicating matters is the youngster''s growing attraction - forbidden in his neighborhood - for a beautiful black girl.', '/sDbO6LmLYtyqAoFTPpRcMgPSCEO.jpg');
INSERT INTO movie_genres (movie_id, genre_id) VALUES (1607, 18);
INSERT INTO movie_genres (movie_id, genre_id) VALUES (1607, 80);
INSERT INTO movies (id, title, release_date, description, poster_path) VALUES (75780, 'Jack Reacher', '2012-12-20', 'One morning in an ordinary town, five people are shot dead in a seemingly random attack. All evidence points to a single suspect: an ex-military sniper who is quickly brought into custody. The interrogation yields one written note: ''Get Jack Reacher!''. Reacher, an enigmatic ex-Army investigator, believes the authorities have the right man but agrees to help the sniper''s defense attorney. However, the more Reacher delves into the case, the less clear-cut it appears. So begins an extraordinary chase for the truth, pitting Jack Reacher against an unexpected enemy, with a skill for violence and a secret to keep.', '/uQBbjrLVsUibWxNDGA4Czzo8lwz.jpg');
INSERT INTO movie_genres (movie_id, genre_id) VALUES (75780, 80);
INSERT INTO movie_genres (movie_id, genre_id) VALUES (75780, 18);
INSERT INTO movie_genres (movie_id, genre_id) VALUES (75780, 53);
INSERT INTO movie_genres (movie_id, genre_id) VALUES (75780, 28);
INSERT INTO movies (id, title, release_date, description, poster_path) VALUES (9902, 'Wrong Turn', '2003-05-30', 'Chris crashes into a carload of other young people, and the group of stranded motorists is soon lost in the woods of West Virginia, where they''re hunted by three cannibalistic mountain men who are grossly disfigured by generations of inbreeding.', '/7lyxwOg7SdGff79yKCQmJ3AKWSf.jpg');
INSERT INTO movie_genres (movie_id, genre_id) VALUES (9902, 27);
INSERT INTO movie_genres (movie_id, genre_id) VALUES (9902, 53);
INSERT INTO movies (id, title, release_date, description, poster_path) VALUES (60304, 'Hansel & Gretel: Witch Hunters', '2013-01-17', 'After getting a taste for blood as children, Hansel and Gretel have become the ultimate vigilantes, hell-bent on retribution. Now, unbeknownst to them, Hansel and Gretel have become the hunted, and must face an evil far greater than witches... their past.', '/j343Rpj3WeNvP0SV80zveve70io.jpg');
INSERT INTO movie_genres (movie_id, genre_id) VALUES (60304, 14);
INSERT INTO movie_genres (movie_id, genre_id) VALUES (60304, 27);
INSERT INTO movie_genres (movie_id, genre_id) VALUES (60304, 28);
INSERT INTO movies (id, title, release_date, description, poster_path) VALUES (787747, 'Shell', '2025-10-01', 'Desperate to reclaim her career, once-beloved actress Samantha Lake is drawn into the glamorous world of wellness mogul Zoe Shannon -only to uncover a monstrous truth beneath its flawless surface.', '/2XBNS8DxMFP7qOoTOY7cc8OYFwI.jpg');
INSERT INTO movie_genres (movie_id, genre_id) VALUES (787747, 18);
INSERT INTO movie_genres (movie_id, genre_id) VALUES (787747, 27);
INSERT INTO movie_genres (movie_id, genre_id) VALUES (787747, 53);
INSERT INTO movies (id, title, release_date, description, poster_path) VALUES (270303, 'It Follows', '2015-02-04', 'A young woman is followed by an unknown supernatural force after a sexual encounter.', '/iwnQ1JH1wdWrGYkgWySptJ5284A.jpg');
INSERT INTO movie_genres (movie_id, genre_id) VALUES (270303, 27);
INSERT INTO movie_genres (movie_id, genre_id) VALUES (270303, 9648);
INSERT INTO movies (id, title, release_date, description, poster_path) VALUES (8355, 'Ice Age: Dawn of the Dinosaurs', '2009-06-26', 'Times are changing for Manny the moody mammoth, Sid the motor mouthed sloth and Diego the crafty saber-toothed tiger. Life heats up for our heroes when they meet some new and none-too-friendly neighbors – the mighty dinosaurs.', '/cXOLaxcNjNAYmEx1trZxOTKhK3Q.jpg');
INSERT INTO movie_genres (movie_id, genre_id) VALUES (8355, 16);
INSERT INTO movie_genres (movie_id, genre_id) VALUES (8355, 35);
INSERT INTO movie_genres (movie_id, genre_id) VALUES (8355, 10751);
INSERT INTO movie_genres (movie_id, genre_id) VALUES (8355, 12);
INSERT INTO movies (id, title, release_date, description, poster_path) VALUES (1043905, 'Dirty Angels', '2024-12-11', 'During the United States'' 2021 withdrawal from Afghanistan, a group of female soldiers posing as medical relief are sent back in to rescue a group of kidnapped teenagers caught between ISIS and the Taliban.', '/1y3TG8N8zwwMxqh0qzdyDs3IyCq.jpg');
INSERT INTO movie_genres (movie_id, genre_id) VALUES (1043905, 28);
INSERT INTO movie_genres (movie_id, genre_id) VALUES (1043905, 18);
INSERT INTO movie_genres (movie_id, genre_id) VALUES (1043905, 53);
INSERT INTO movie_genres (movie_id, genre_id) VALUES (1043905, 10752);
INSERT INTO movies (id, title, release_date, description, poster_path) VALUES (425274, 'Now You See Me: Now You Don''t', '2025-11-12', 'The Four Horsemen return along with a new generation of illusionists performing mind-melding twists, turns, surprises, and magic unlike anything ever captured on film.', '/oD3Eey4e4Z259XLm3eD3WGcoJAh.jpg');
INSERT INTO movie_genres (movie_id, genre_id) VALUES (425274, 53);
INSERT INTO movie_genres (movie_id, genre_id) VALUES (425274, 80);
INSERT INTO movie_genres (movie_id, genre_id) VALUES (425274, 9648);
INSERT INTO movies (id, title, release_date, description, poster_path) VALUES (184345, 'A Haunted House 2', '2014-04-17', 'After exorcising the demons of his ex, Malcolm starts afresh with his new girlfriend and her two children. After moving into their dream home, Malcolm is once again plagued by bizarre paranormal events.', '/oV7M00fPXy5P0nbdeMbSUjYv0vx.jpg');
INSERT INTO movie_genres (movie_id, genre_id) VALUES (184345, 35);
INSERT INTO movie_genres (movie_id, genre_id) VALUES (184345, 27);
INSERT INTO movies (id, title, release_date, description, poster_path) VALUES (974573, 'Another Simple Favor', '2025-03-07', 'Stephanie and Emily reunite on the beautiful island of Capri, Italy for Emily''s extravagant wedding to a rich Italian businessman. Along with the glamorous guests, expect murder and betrayal to RSVP for a wedding with more twists and turns than the road from the Marina Grande to the Capri town square.', '/zboCGZ4aIqPMd7VFI4HWnmc7KYJ.jpg');
INSERT INTO movie_genres (movie_id, genre_id) VALUES (974573, 35);
INSERT INTO movie_genres (movie_id, genre_id) VALUES (974573, 53);
INSERT INTO movie_genres (movie_id, genre_id) VALUES (974573, 9648);
INSERT INTO movies (id, title, release_date, description, poster_path) VALUES (2907, 'The Addams Family', '1991-11-22', 'When a man claiming to be long-lost Uncle Fester reappears after 25 years lost, the family plans a celebration to wake the dead. But the kids barely have time to warm up the electric chair before Morticia begins to suspect Fester is fraud when he can''t recall any of the details of Fester''s life.', '/qFf8anju5f2epI0my8RdwwIXFIP.jpg');
INSERT INTO movie_genres (movie_id, genre_id) VALUES (2907, 35);
INSERT INTO movie_genres (movie_id, genre_id) VALUES (2907, 14);
INSERT INTO movies (id, title, release_date, description, poster_path) VALUES (262500, 'Insurgent', '2015-03-18', 'Beatrice Prior must confront her inner demons and continue her fight against a powerful alliance which threatens to tear her society apart.', '/dP5Fb6YRfzmCQtRbHOr2kO7tJW9.jpg');
INSERT INTO movie_genres (movie_id, genre_id) VALUES (262500, 28);
INSERT INTO movie_genres (movie_id, genre_id) VALUES (262500, 878);
INSERT INTO movie_genres (movie_id, genre_id) VALUES (262500, 53);
INSERT INTO movies (id, title, release_date, description, poster_path) VALUES (46195, 'Rio', '2011-04-03', 'Captured by smugglers when he was just a hatchling, a macaw named Blu never learned to fly and lives a happily domesticated life in Minnesota with his human friend, Linda. Blu is thought to be the last of his kind, but when word comes that Jewel, a lone female, lives in Rio de Janeiro, Blu and Linda go to meet her. Animal smugglers kidnap Blu and Jewel, but the pair soon escape and begin a perilous adventure back to freedom -- and Linda.', '/4nJxhUknKV8Gqdhov8pU1YWDYfb.jpg');
INSERT INTO movie_genres (movie_id, genre_id) VALUES (46195, 16);
INSERT INTO movie_genres (movie_id, genre_id) VALUES (46195, 12);
INSERT INTO movie_genres (movie_id, genre_id) VALUES (46195, 35);
INSERT INTO movie_genres (movie_id, genre_id) VALUES (46195, 10751);
INSERT INTO movies (id, title, release_date, description, poster_path) VALUES (1330421, 'Bone Lake', '2025-10-02', 'A couple’s romantic vacation at a secluded lakeside estate is upended when they are forced to share the mansion with a mysterious and attractive couple. In this darkly hilarious and seductive horror story, a dream getaway spirals into a nightmarish maze of sex, lies, and manipulation—bringing terrifying secrets to light and triggering a bloody battle for survival.', '/nLRw4mqclC1oRDtJz61e6iSmfKu.jpg');
INSERT INTO movie_genres (movie_id, genre_id) VALUES (1330421, 27);
INSERT INTO movie_genres (movie_id, genre_id) VALUES (1330421, 53);
INSERT INTO movie_genres (movie_id, genre_id) VALUES (1330421, 9648);
INSERT INTO movies (id, title, release_date, description, poster_path) VALUES (461053, 'S.W.A.T.: Under Siege', '2017-08-01', 'When a D.E.A. and S.W.A.T. cartel takedown ends in a shootout, S.W.A.T. Agent Travis Hall seizes a mysterious prisoner taking him into custody. Before long, the S.W.A.T. compound is under siege by wave-after-wave of assault teams attempting to recover the prisoner known as “The Scorpion” for the tattoo blazed across his back. When Travis discovers that his prisoner is a Secret Ops double agent planted within the cartel, it’s up to him and his expert S.W.A.T. team to keep “The Scorpion” and his billion dollar secrets safe.', '/sGcDltZ2aUgLV7oFxGlpO1oGmc0.jpg');
INSERT INTO movie_genres (movie_id, genre_id) VALUES (461053, 28);
INSERT INTO movie_genres (movie_id, genre_id) VALUES (461053, 80);
INSERT INTO movie_genres (movie_id, genre_id) VALUES (461053, 53);
INSERT INTO movies (id, title, release_date, description, poster_path) VALUES (956, 'Mission: Impossible III', '2006-04-25', 'Retired from active duty, and training recruits for the Impossible Mission Force, agent Ethan Hunt faces the toughest foe of his career: Owen Davian, an international broker of arms and information, who''s as cunning as he is ruthless. Davian emerges to threaten Hunt and all that he holds dear – including the woman Hunt loves.', '/vKGYCpmQyV9uHybWDzXuII8Los5.jpg');
INSERT INTO movie_genres (movie_id, genre_id) VALUES (956, 12);
INSERT INTO movie_genres (movie_id, genre_id) VALUES (956, 28);
INSERT INTO movie_genres (movie_id, genre_id) VALUES (956, 53);
INSERT INTO movies (id, title, release_date, description, poster_path) VALUES (1084153, 'Sneaks', '2025-04-17', 'Ty, a misguided, one-of-a-kind designer sneaker, doesn’t know life outside the comforts of his velvet-lined shoebox. After his sister is stolen by a shady collector, Ty must venture into New York City to find and rescue her. In his adventure, Ty meets a ragtag group of footwear friends from all walks of life who help him find the courage to step outside of his shoebox and find his sole-mate.', '/3SipvmtH9VOyLmII9JLs34qFfil.jpg');
INSERT INTO movie_genres (movie_id, genre_id) VALUES (1084153, 10751);
INSERT INTO movie_genres (movie_id, genre_id) VALUES (1084153, 35);
INSERT INTO movie_genres (movie_id, genre_id) VALUES (1084153, 12);
INSERT INTO movie_genres (movie_id, genre_id) VALUES (1084153, 16);
INSERT INTO movies (id, title, release_date, description, poster_path) VALUES (158015, 'The Purge', '2013-05-31', 'Given the country''s overcrowded prisons, the U.S. government begins to allow 12-hour periods of time in which all illegal activity is legal. During one of these free-for-alls, a family must protect themselves from a home invasion.', '/46X1ei9uf13nkkr0OhWldGyr5Uh.jpg');
INSERT INTO movie_genres (movie_id, genre_id) VALUES (158015, 878);
INSERT INTO movie_genres (movie_id, genre_id) VALUES (158015, 27);
INSERT INTO movie_genres (movie_id, genre_id) VALUES (158015, 53);
INSERT INTO movies (id, title, release_date, description, poster_path) VALUES (11224, 'Cinderella', '1950-02-22', 'Cinderella has faith her dreams of a better life will come true. With help from her loyal mice friends and a wave of her Fairy Godmother''s wand, Cinderella''s rags are magically turned into a glorious gown and off she goes to the Royal Ball. But when the clock strikes midnight, the spell is broken, leaving a single glass slipper... the only key to the ultimate fairy-tale ending!', '/4nssBcQUBadCTBjrAkX46mVEKts.jpg');
INSERT INTO movie_genres (movie_id, genre_id) VALUES (11224, 10751);
INSERT INTO movie_genres (movie_id, genre_id) VALUES (11224, 14);
INSERT INTO movie_genres (movie_id, genre_id) VALUES (11224, 16);
INSERT INTO movie_genres (movie_id, genre_id) VALUES (11224, 10749);
INSERT INTO movies (id, title, release_date, description, poster_path) VALUES (1079485, 'Winnie-the-Pooh: Blood and Honey 2', '2024-03-26', 'Five months following the murders, Christopher Robin struggles to maintain a regular life while dealing with PTSD. However, deep within the 100-Acre-Wood, a destructive rage grows as Pooh, Piglet, Owl, and Tigger find their home and their lives endangered after their existence is revealed.', '/2sADrLwMQof6yYmrJRSa04tFZuS.jpg');
INSERT INTO movie_genres (movie_id, genre_id) VALUES (1079485, 27);
INSERT INTO movie_genres (movie_id, genre_id) VALUES (1079485, 53);
INSERT INTO movies (id, title, release_date, description, poster_path) VALUES (934433, 'Scream VI', '2023-03-08', 'Following the latest Ghostface killings, the four survivors leave Woodsboro behind and start a fresh chapter.', '/wDWwtvkRRlgTiUr6TyLSMX8FCuZ.jpg');
INSERT INTO movie_genres (movie_id, genre_id) VALUES (934433, 27);
INSERT INTO movie_genres (movie_id, genre_id) VALUES (934433, 80);
INSERT INTO movie_genres (movie_id, genre_id) VALUES (934433, 53);
INSERT INTO movies (id, title, release_date, description, poster_path) VALUES (71672, 'Wrong Turn 4: Bloody Beginnings', '2011-10-17', 'A group of friends take refuge in a deserted sanatorium after they are left stranded in a snowstorm. Later, the place becomes a death trap when man-eating cannibals surround them.', '/r1JNXwJkKO696NlGTyqkw96yoT9.jpg');
INSERT INTO movie_genres (movie_id, genre_id) VALUES (71672, 27);
INSERT INTO movie_genres (movie_id, genre_id) VALUES (71672, 53);
INSERT INTO movies (id, title, release_date, description, poster_path) VALUES (787, 'Mr. & Mrs. Smith', '2005-06-07', 'A husband and wife struggle to keep their marriage alive until they realize they are both secretly working as assassins. Now, their respective assignments require them to kill each other.', '/kjD700RtyhveN3ZbOnSvUSne0Qj.jpg');
INSERT INTO movie_genres (movie_id, genre_id) VALUES (787, 28);
INSERT INTO movie_genres (movie_id, genre_id) VALUES (787, 35);
INSERT INTO movie_genres (movie_id, genre_id) VALUES (787, 18);
INSERT INTO movie_genres (movie_id, genre_id) VALUES (787, 53);
INSERT INTO movies (id, title, release_date, description, poster_path) VALUES (1290159, 'A House of Dynamite', '2025-10-02', 'When a single, unattributed missile is launched at the United States, a race begins to determine who is responsible and how to respond.', '/AiJ8L90ftPAwVf3SDx7Fj9IMZoy.jpg');
INSERT INTO movie_genres (movie_id, genre_id) VALUES (1290159, 10752);
INSERT INTO movie_genres (movie_id, genre_id) VALUES (1290159, 18);
INSERT INTO movie_genres (movie_id, genre_id) VALUES (1290159, 53);
INSERT INTO movies (id, title, release_date, description, poster_path) VALUES (454626, 'Sonic the Hedgehog', '2020-02-12', 'Powered with incredible speed, Sonic The Hedgehog embraces his new home on Earth. That is, until Sonic sparks the attention of super-uncool evil genius Dr. Robotnik. Now it’s super-villain vs. super-sonic in an all-out race across the globe to stop Robotnik from using Sonic’s unique power for world domination.', '/aQvJ5WPzZgYVDrxLX4R6cLJCEaQ.jpg');
INSERT INTO movie_genres (movie_id, genre_id) VALUES (454626, 28);
INSERT INTO movie_genres (movie_id, genre_id) VALUES (454626, 878);
INSERT INTO movie_genres (movie_id, genre_id) VALUES (454626, 35);
INSERT INTO movie_genres (movie_id, genre_id) VALUES (454626, 10751);
INSERT INTO movies (id, title, release_date, description, poster_path) VALUES (1114513, 'Speak No Evil', '2024-09-11', 'When an American family is invited to spend the weekend at the idyllic country estate of a charming British family they befriended on vacation, what begins as a dream holiday soon warps into a snarled psychological nightmare.', '/dA4N6uWOnEMgbxXwFX7qX7adzs8.jpg');
INSERT INTO movie_genres (movie_id, genre_id) VALUES (1114513, 27);
INSERT INTO movie_genres (movie_id, genre_id) VALUES (1114513, 53);
INSERT INTO movies (id, title, release_date, description, poster_path) VALUES (524047, 'Greenland', '2020-07-29', 'John Garrity, his estranged wife and their young son embark on a perilous journey to find sanctuary as a planet-killing comet hurtles toward Earth. Amid terrifying accounts of cities getting levelled, the Garritys experience the best and worst in humanity. As the countdown to the global apocalypse approaches zero, their incredible trek culminates in a desperate and last-minute flight to a possible safe haven.', '/bNo2mcvSwIvnx8K6y1euAc1TLVq.jpg');
INSERT INTO movie_genres (movie_id, genre_id) VALUES (524047, 28);
INSERT INTO movie_genres (movie_id, genre_id) VALUES (524047, 12);
INSERT INTO movie_genres (movie_id, genre_id) VALUES (524047, 53);
INSERT INTO movie_genres (movie_id, genre_id) VALUES (524047, 878);
INSERT INTO movies (id, title, release_date, description, poster_path) VALUES (1064028, 'Subservience', '2024-08-15', 'With his wife out sick, a struggling father brings home a lifelike AI, only to have his self-aware new help want everything her new family has to offer... Like the affection of her owner and she''ll kill to get it.', '/gBenxR01Uy0Ev9RTIw6dVBPoyQU.jpg');
INSERT INTO movie_genres (movie_id, genre_id) VALUES (1064028, 878);
INSERT INTO movie_genres (movie_id, genre_id) VALUES (1064028, 27);
INSERT INTO movie_genres (movie_id, genre_id) VALUES (1064028, 53);
INSERT INTO movies (id, title, release_date, description, poster_path) VALUES (420818, 'The Lion King', '2019-07-12', 'Simba idolizes his father, King Mufasa, and takes to heart his own royal destiny. But not everyone in the kingdom celebrates the new cub''s arrival. Scar, Mufasa''s brother—and former heir to the throne—has plans of his own. The battle for Pride Rock is ravaged with betrayal, tragedy and drama, ultimately resulting in Simba''s exile. With help from a curious pair of newfound friends, Simba will have to figure out how to grow up and take back what is rightfully his.', '/dzBtMocZuJbjLOXvrl4zGYigDzh.jpg');
INSERT INTO movie_genres (movie_id, genre_id) VALUES (420818, 12);
INSERT INTO movie_genres (movie_id, genre_id) VALUES (420818, 18);
INSERT INTO movie_genres (movie_id, genre_id) VALUES (420818, 10751);
INSERT INTO movie_genres (movie_id, genre_id) VALUES (420818, 16);
INSERT INTO movies (id, title, release_date, description, poster_path) VALUES (161, 'Ocean''s Eleven', '2001-12-07', 'Less than 24 hours into his parole, charismatic thief Danny Ocean is already rolling out his next plan: In one night, Danny''s hand-picked crew of specialists will attempt to steal more than $150 million from three Las Vegas casinos. But to score the cash, Danny risks his chances of reconciling with ex-wife, Tess.', '/hQQCdZrsHtZyR6NbKH2YyCqd2fR.jpg');
INSERT INTO movie_genres (movie_id, genre_id) VALUES (161, 53);
INSERT INTO movie_genres (movie_id, genre_id) VALUES (161, 80);
INSERT INTO movies (id, title, release_date, description, poster_path) VALUES (329697, 'Raiders!: The Story of the Greatest Fan Film Ever Made', '2015-03-14', 'In 1982, three 11 year-olds in Mississippi set out to remake their favorite film: Raiders of the Lost Ark. It took seven turbulent years that tested the limits of their friendship and nearly burned down their mother''s house. By the end, they had completed every scene except one... the explosive airplane scene. 30 years later, they attempt to finally realize their childhood dream by building a replica of the 75 foot "Flying Wing" plane from Raiders in a mud pit in the backwoods of Mississippi... and then blow it up! This is the story behind the making of what is known as "the greatest fan film ever made."', '/kaFbT76lzFpPhwX3vHWEgNGSgkU.jpg');
INSERT INTO movie_genres (movie_id, genre_id) VALUES (329697, 99);
INSERT INTO movies (id, title, release_date, description, poster_path) VALUES (296, 'Terminator 3: Rise of the Machines', '2003-07-02', 'It''s been 10 years since John Connor saved Earth from Judgment Day, and he''s now living under the radar, steering clear of using anything Skynet can trace. That is, until he encounters T-X, a robotic assassin ordered to finish what T-1000 started. Good thing Connor''s former nemesis, the Terminator, is back to aid the now-adult Connor … just like he promised.', '/vvevzdYIrk2636maNW4qeWmlPFG.jpg');
INSERT INTO movie_genres (movie_id, genre_id) VALUES (296, 28);
INSERT INTO movie_genres (movie_id, genre_id) VALUES (296, 53);
INSERT INTO movie_genres (movie_id, genre_id) VALUES (296, 878);
INSERT INTO movies (id, title, release_date, description, poster_path) VALUES (615777, 'Babylon', '2022-12-22', 'A tale of outsized ambition and outrageous excess, tracing the rise and fall of multiple characters in an era of unbridled decadence and depravity during Hollywood''s transition from silent films to sound films in the late 1920s.', '/wjOHjWCUE0YzDiEzKv8AfqHj3ir.jpg');
INSERT INTO movie_genres (movie_id, genre_id) VALUES (615777, 18);
INSERT INTO movie_genres (movie_id, genre_id) VALUES (615777, 35);
INSERT INTO movies (id, title, release_date, description, poster_path) VALUES (138697, 'Don Jon', '2013-09-12', 'A New Jersey guy dedicated to his family, friends, and church, develops unrealistic expectations from watching porn and works to find happiness and intimacy with his potential true love.', '/uh8bwvgGXeUKzdL4oSul9zxyTcd.jpg');
INSERT INTO movie_genres (movie_id, genre_id) VALUES (138697, 10749);
INSERT INTO movie_genres (movie_id, genre_id) VALUES (138697, 35);
INSERT INTO movie_genres (movie_id, genre_id) VALUES (138697, 18);
INSERT INTO movies (id, title, release_date, description, poster_path) VALUES (140607, 'Star Wars: The Force Awakens', '2015-12-15', 'Thirty years after defeating the Galactic Empire, Han Solo and his allies face a new threat from the evil Kylo Ren and his army of Stormtroopers.', '/wqnLdwVXoBjKibFRR5U3y0aDUhs.jpg');
INSERT INTO movie_genres (movie_id, genre_id) VALUES (140607, 12);
INSERT INTO movie_genres (movie_id, genre_id) VALUES (140607, 28);
INSERT INTO movie_genres (movie_id, genre_id) VALUES (140607, 878);
INSERT INTO movies (id, title, release_date, description, poster_path) VALUES (2758, 'Addams Family Values', '1993-11-19', 'Siblings Wednesday and Pugsley Addams will stop at nothing to get rid of Pubert, the new baby boy adored by parents Gomez and Morticia. Things go from bad to worse when the new "black widow" nanny, Debbie Jellinsky, launches her plan to add Fester to her collection of dead husbands.', '/sdxT2VjVSx9DRicwnuECUdBHeE7.jpg');
INSERT INTO movie_genres (movie_id, genre_id) VALUES (2758, 35);
INSERT INTO movie_genres (movie_id, genre_id) VALUES (2758, 10751);
INSERT INTO movie_genres (movie_id, genre_id) VALUES (2758, 14);
INSERT INTO movies (id, title, release_date, description, poster_path) VALUES (335787, 'Uncharted', '2022-02-10', 'A young street-smart, Nathan Drake and his wisecracking partner Victor “Sully” Sullivan embark on a dangerous pursuit of “the greatest treasure never found” while also tracking clues that may lead to Nathan’s long-lost brother.', '/rJHC1RUORuUhtfNb4Npclx0xnOf.jpg');
INSERT INTO movie_genres (movie_id, genre_id) VALUES (335787, 28);
INSERT INTO movie_genres (movie_id, genre_id) VALUES (335787, 12);
INSERT INTO movies (id, title, release_date, description, poster_path) VALUES (13448, 'Angels & Demons', '2009-04-20', 'Harvard symbologist Robert Langdon is recruited by the Vatican to investigate the apparent return of the Illuminati – a secret, underground organization – after four cardinals are kidnapped on the night of the papal conclave.', '/tFZQAuulEOtFTp0gHbVdEXwGrYe.jpg');
INSERT INTO movie_genres (movie_id, genre_id) VALUES (13448, 53);
INSERT INTO movie_genres (movie_id, genre_id) VALUES (13448, 9648);
INSERT INTO movies (id, title, release_date, description, poster_path) VALUES (593643, 'The Menu', '2022-11-17', 'A young couple travels to a remote island to eat at an exclusive restaurant where the chef has prepared a lavish menu, with some shocking surprises.', '/fPtUgMcLIboqlTlPrq0bQpKK8eq.jpg');
INSERT INTO movie_genres (movie_id, genre_id) VALUES (593643, 35);
INSERT INTO movie_genres (movie_id, genre_id) VALUES (593643, 27);
INSERT INTO movie_genres (movie_id, genre_id) VALUES (593643, 53);
INSERT INTO movies (id, title, release_date, description, poster_path) VALUES (9732, 'The Lion King II: Simba''s Pride', '1998-10-24', 'The circle of life continues for Simba, now fully grown and in his rightful place as the king of Pride Rock. Simba and Nala have given birth to a daughter, Kiara who''s as rebellious as her father was. But Kiara drives her parents to distraction when she catches the eye of Kovu, the son of the evil lioness, Zira. Will Kovu steal Kiara''s heart?', '/sWR1x6UCMCGN9xEf8RGhPS934X0.jpg');
INSERT INTO movie_genres (movie_id, genre_id) VALUES (9732, 10751);
INSERT INTO movie_genres (movie_id, genre_id) VALUES (9732, 12);
INSERT INTO movie_genres (movie_id, genre_id) VALUES (9732, 16);
INSERT INTO movie_genres (movie_id, genre_id) VALUES (9732, 18);
INSERT INTO movie_genres (movie_id, genre_id) VALUES (9732, 10749);
INSERT INTO movies (id, title, release_date, description, poster_path) VALUES (7340, 'Carrie', '1976-11-03', 'Withdrawn and sensitive teen Carrie White faces taunting from classmates at school and abuse from her fanatically pious mother. When strange occurrences start happening around Carrie, she begins to suspect that she has supernatural powers.', '/uc3OvgmbnYaS5Y0BOjSmC1EmSz1.jpg');
INSERT INTO movie_genres (movie_id, genre_id) VALUES (7340, 27);
INSERT INTO movie_genres (movie_id, genre_id) VALUES (7340, 53);
INSERT INTO movies (id, title, release_date, description, poster_path) VALUES (1236471, 'Everyone Is Going to Die', '2025-02-21', 'On his daughter''s birthday, a wealthy father''s reconciliation attempt is hijacked by two female burglars. A shakedown evolves into a lethal cat-and-mouse as hidden motives emerge, culminating in a life-altering revelation.', '/EgTrSbVPLFesQySBsEpGrrj7gn.jpg');
INSERT INTO movie_genres (movie_id, genre_id) VALUES (1236471, 27);
INSERT INTO movie_genres (movie_id, genre_id) VALUES (1236471, 53);
INSERT INTO movie_genres (movie_id, genre_id) VALUES (1236471, 18);
INSERT INTO movies (id, title, release_date, description, poster_path) VALUES (1200320, 'Killing Faith', '2025-10-03', 'In the summer of 1859, a widowed physician reluctantly agrees to take a recently freed slave and her mysterious Caucasian daughter on a five-day journey through the bloody West to find a distant town''s Faith Healer. The woman believes her daughter is possessed. The doctor believes she simply carries The Sickness. Either way the fact remains that every living thing the girl touches mysteriously dies.', '/1SotID63YLOSKgOb7DUfHgWo1dX.jpg');
INSERT INTO movie_genres (movie_id, genre_id) VALUES (1200320, 53);
INSERT INTO movie_genres (movie_id, genre_id) VALUES (1200320, 37);
INSERT INTO movies (id, title, release_date, description, poster_path) VALUES (353081, 'Mission: Impossible - Fallout', '2018-07-25', 'When an IMF mission ends badly, the world is faced with dire consequences. As Ethan Hunt takes it upon himself to fulfill his original briefing, the CIA begin to question his loyalty and his motives. The IMF team find themselves in a race against time, hunted by assassins while trying to prevent a global catastrophe.', '/AkJQpZp9WoNdj7pLYSj1L0RcMMN.jpg');
INSERT INTO movie_genres (movie_id, genre_id) VALUES (353081, 28);
INSERT INTO movie_genres (movie_id, genre_id) VALUES (353081, 12);
INSERT INTO movies (id, title, release_date, description, poster_path) VALUES (159824, 'Hotel Transylvania 2', '2015-09-21', 'When the old-old-old-fashioned vampire Vlad arrives at the hotel for an impromptu family get-together, Hotel Transylvania is in for a collision of supernatural old-school and modern day cool.', '/3nFnrivNgipSKZ8LZJJbRSlAcTR.jpg');
INSERT INTO movie_genres (movie_id, genre_id) VALUES (159824, 16);
INSERT INTO movie_genres (movie_id, genre_id) VALUES (159824, 35);
INSERT INTO movie_genres (movie_id, genre_id) VALUES (159824, 10751);
INSERT INTO movie_genres (movie_id, genre_id) VALUES (159824, 14);
INSERT INTO movies (id, title, release_date, description, poster_path) VALUES (1081012, 'Aftermath', '2024-09-27', 'A returning war veteran, stricken with PTSD, gets trapped with his teenage sister on Boston''s Tobin Memorial Bridge when a heavily armed group of ex-military revolutionaries take everyone hostage.', '/v9knhuvYKwMUAta6fltNOuun3zF.jpg');
INSERT INTO movie_genres (movie_id, genre_id) VALUES (1081012, 28);
INSERT INTO movie_genres (movie_id, genre_id) VALUES (1081012, 53);
INSERT INTO movies (id, title, release_date, description, poster_path) VALUES (339148, 'Already Tomorrow in Hong Kong', '2016-02-12', 'Ruby, a Chinese American toy designer from LA, visits Hong Kong for the first time on business. Finding herself stranded, she meets Josh, an American expat who shows her the city.', '/t29XqPXlN5LBtzBoRo2pDsljrou.jpg');
INSERT INTO movie_genres (movie_id, genre_id) VALUES (339148, 10749);
INSERT INTO movies (id, title, release_date, description, poster_path) VALUES (4011, 'Beetlejuice', '1988-03-30', 'A newly dead New England couple seeks help from a deranged demon exorcist to scare an affluent New York family out of their home.', '/nnl6OWkyPpuMm595hmAxNW3rZFn.jpg');
INSERT INTO movie_genres (movie_id, genre_id) VALUES (4011, 14);
INSERT INTO movie_genres (movie_id, genre_id) VALUES (4011, 35);
INSERT INTO movies (id, title, release_date, description, poster_path) VALUES (76338, 'Thor: The Dark World', '2013-10-30', 'Thor fights to restore order across the cosmos… but an ancient race led by the vengeful Malekith returns to plunge the universe back into darkness. Faced with an enemy that even Odin and Asgard cannot withstand, Thor must embark on his most perilous and personal journey yet, one that will reunite him with Jane Foster and force him to sacrifice everything to save us all.', '/wp6OxE4poJ4G7c0U2ZIXasTSMR7.jpg');
INSERT INTO movie_genres (movie_id, genre_id) VALUES (76338, 28);
INSERT INTO movie_genres (movie_id, genre_id) VALUES (76338, 12);
INSERT INTO movie_genres (movie_id, genre_id) VALUES (76338, 14);
INSERT INTO movies (id, title, release_date, description, poster_path) VALUES (62213, 'Dark Shadows', '2012-05-09', 'Vampire Barnabas Collins is inadvertently freed from his tomb and emerges into the very changed world of 1972. He returns to Collinwood Manor to find that his once-grand estate and family have fallen into ruin.', '/fd9Ck4cxVlmtXsbeGtQW7WFuUFI.jpg');
INSERT INTO movie_genres (movie_id, genre_id) VALUES (62213, 35);
INSERT INTO movie_genres (movie_id, genre_id) VALUES (62213, 14);
INSERT INTO movies (id, title, release_date, description, poster_path) VALUES (763215, 'Damsel', '2024-03-07', 'A young woman''s marriage to a charming prince turns into a fierce fight for survival when she''s offered up as a sacrifice to a fire-breathing dragon.', '/290Lsuy4GJF3VEVqMbJqHs7xFdv.jpg');
INSERT INTO movie_genres (movie_id, genre_id) VALUES (763215, 14);
INSERT INTO movie_genres (movie_id, genre_id) VALUES (763215, 28);
INSERT INTO movie_genres (movie_id, genre_id) VALUES (763215, 12);
INSERT INTO movies (id, title, release_date, description, poster_path) VALUES (263115, 'Logan', '2017-02-28', 'In the near future, a weary Logan cares for an ailing Professor X in a hideout on the Mexican border. But Logan''s attempts to hide from the world and his legacy are upended when a young mutant arrives, pursued by dark forces.', '/fnbjcRDYn6YviCcePDnGdyAkYsB.jpg');
INSERT INTO movie_genres (movie_id, genre_id) VALUES (263115, 28);
INSERT INTO movie_genres (movie_id, genre_id) VALUES (263115, 18);
INSERT INTO movie_genres (movie_id, genre_id) VALUES (263115, 878);
INSERT INTO movies (id, title, release_date, description, poster_path) VALUES (1188423, 'Site', '2025-08-08', 'After a terrifying encounter at an abandoned government test site, a small town family man begins seeing haunting visions of a past that threatens to destroy his present.', '/wydPRb0Zs4lBANfvu0iEEpxULyv.jpg');
INSERT INTO movie_genres (movie_id, genre_id) VALUES (1188423, 878);
INSERT INTO movie_genres (movie_id, genre_id) VALUES (1188423, 53);
INSERT INTO movie_genres (movie_id, genre_id) VALUES (1188423, 27);
INSERT INTO movies (id, title, release_date, description, poster_path) VALUES (964943, 'Marvel Studios Assembled: The Making of Moon Knight', '2022-05-24', 'Join the likes of Oscar Isaac and Ethan Hawke as they reveal how Marvel Studios'' Moon Knight was painstakingly brought to life. Through insightful interviews with cast and crew, along with immersive footage from the set, and a  candid "roundtable discussion" with the series'' directors, this "making-of" pulls back the curtain on the groundbreaking series of Marvel Studios'' newest hero.', '/dM6Y4uLzeF4rqbmKBzR0wAsTxby.jpg');
INSERT INTO movie_genres (movie_id, genre_id) VALUES (964943, 99);
INSERT INTO movies (id, title, release_date, description, poster_path) VALUES (1508191, 'Ozzy: No Escape from Now', '2025-10-07', 'Ozzy Osbourne faces his identity and mortality after his world stops. Dealing with health issues and Parkinson''s, he questions if he can perform again while music remains his life''s cornerstone.', '/7xlmn0xpEYiqGN7bINAbEUjNqbr.jpg');
INSERT INTO movie_genres (movie_id, genre_id) VALUES (1508191, 99);
INSERT INTO movies (id, title, release_date, description, poster_path) VALUES (957119, 'Sidelined: The QB and Me', '2025-02-06', 'Dallas, a burdened but headstrong dancer, is determined to get into the best dance school in the country—her late mother’s alma mater. However, that dream is suddenly derailed when the cheeky yet secretly grieving football star, Drayton, crashes into her life with a unique story of his own. Will the two of them be able to grow into their dreams together, or will their dreams be sidelined?', '/mSL6truNrWP1Bn9ng1rN0SkMI4f.jpg');
INSERT INTO movie_genres (movie_id, genre_id) VALUES (957119, 35);
INSERT INTO movie_genres (movie_id, genre_id) VALUES (957119, 10749);
INSERT INTO movies (id, title, release_date, description, poster_path) VALUES (81188, 'Rise of the Guardians', '2012-11-21', 'When an evil spirit known as Pitch lays down the gauntlet to take over the world, the immortal Guardians must join forces for the first time to protect the hopes, beliefs and imagination of children all over the world.', '/sW4qOa9yF0Ikg7lppncQ0n5UhKX.jpg');
INSERT INTO movie_genres (movie_id, genre_id) VALUES (81188, 16);
INSERT INTO movie_genres (movie_id, genre_id) VALUES (81188, 10751);
INSERT INTO movie_genres (movie_id, genre_id) VALUES (81188, 14);
INSERT INTO movie_genres (movie_id, genre_id) VALUES (81188, 28);
INSERT INTO movie_genres (movie_id, genre_id) VALUES (81188, 12);
INSERT INTO movies (id, title, release_date, description, poster_path) VALUES (1083968, 'Locked', '2025-03-20', 'When Eddie breaks into a luxury SUV, he steps into a deadly trap set by William, a self-proclaimed vigilante delivering his own brand of twisted justice. With no means of escape, Eddie must fight to survive in a ride where escape is an illusion, survival is a nightmare, and justice shifts into high gear.', '/hhkiqXpfpufwxVrdSftzeKIANl3.jpg');
INSERT INTO movie_genres (movie_id, genre_id) VALUES (1083968, 27);
INSERT INTO movie_genres (movie_id, genre_id) VALUES (1083968, 53);
INSERT INTO movies (id, title, release_date, description, poster_path) VALUES (360920, 'The Grinch', '2018-11-08', 'The Grinch hatches a scheme to ruin Christmas when the residents of Whoville plan their annual holiday celebration.', '/1Bc9VNd9CIHIyJtPKFqSQzrXWru.jpg');
INSERT INTO movie_genres (movie_id, genre_id) VALUES (360920, 10751);
INSERT INTO movie_genres (movie_id, genre_id) VALUES (360920, 35);
INSERT INTO movie_genres (movie_id, genre_id) VALUES (360920, 16);
INSERT INTO movies (id, title, release_date, description, poster_path) VALUES (335797, 'Sing', '2016-11-23', 'A koala named Buster recruits his best friend to help him drum up business for his theater by hosting a singing competition.', '/b8UiFXwMrSXVTHM0fb2twl8uE8a.jpg');
INSERT INTO movie_genres (movie_id, genre_id) VALUES (335797, 10751);
INSERT INTO movie_genres (movie_id, genre_id) VALUES (335797, 35);
INSERT INTO movie_genres (movie_id, genre_id) VALUES (335797, 10402);
INSERT INTO movie_genres (movie_id, genre_id) VALUES (335797, 16);
INSERT INTO movies (id, title, release_date, description, poster_path) VALUES (89, 'Indiana Jones and the Last Crusade', '1989-05-24', 'In 1938, an art collector appeals to eminent archaeologist Dr. Indiana Jones to embark on a search for the Holy Grail. Indy learns that a medieval historian has vanished while searching for it, and the missing man is his own father, Dr. Henry Jones Sr.. He sets out to rescue his father by following clues in the old man''s notebook, which his father had mailed to him before he went missing. Indy arrives in Venice, where he enlists the help of a beautiful academic, Dr. Elsa Schneider, along with Marcus Brody and Sallah. Together they must stop the Nazis from recovering the power of eternal life and taking over the world!', '/sizg1AU8f8JDZX4QIgE4pjUMBvx.jpg');
INSERT INTO movie_genres (movie_id, genre_id) VALUES (89, 12);
INSERT INTO movie_genres (movie_id, genre_id) VALUES (89, 28);
INSERT INTO movies (id, title, release_date, description, poster_path) VALUES (2567, 'The Aviator', '2004-12-17', 'A biopic depicting the life of filmmaker and aviation pioneer Howard Hughes from 1927 to 1947, during which time he became a successful film producer and an aviation magnate, while simultaneously growing more unstable due to severe obsessive-compulsive disorder.', '/lx4kWcZc3o9PaNxlQpEJZM17XUI.jpg');
INSERT INTO movie_genres (movie_id, genre_id) VALUES (2567, 18);
INSERT INTO movies (id, title, release_date, description, poster_path) VALUES (339964, 'Valerian and the City of a Thousand Planets', '2017-07-19', 'In the 28th century, Valerian and Laureline are special operatives charged with keeping order throughout the human territories. On assignment from the Minister of Defense, the two undertake a mission to Alpha, an ever-expanding metropolis where species from across the universe have converged over centuries to share knowledge, intelligence, and cultures. At the center of Alpha is a mysterious dark force which threatens the peaceful existence of the City of a Thousand Planets, and Valerian and Laureline must race to identify the menace and safeguard not just Alpha, but the future of the universe.', '/vlc95gl3PtrjxSEuM8RhTtSm2xU.jpg');
INSERT INTO movie_genres (movie_id, genre_id) VALUES (339964, 12);
INSERT INTO movie_genres (movie_id, genre_id) VALUES (339964, 878);
INSERT INTO movie_genres (movie_id, genre_id) VALUES (339964, 28);
INSERT INTO movies (id, title, release_date, description, poster_path) VALUES (193893, 'Let''s Be Cops', '2014-08-13', 'Best pals Ryan and Justin are stalled in their respective careers -- a fact that is painfully driven home when they go to a college reunion. Dressed as police in the mistaken belief that they were to attend a costume party, Ryan and Justin find that the uniforms earn them much respect and attention. Although Justin is uncomfortable with the idea, Ryan decides to continue with the charade, putting them both in increasingly dangerous situations. When these newly-minted “heroes” get tangled in a real life web of mobsters and dirty detectives, they must put their fake badges on the line.', '/pf4FoUr2phn5WyZjU7rLXSiW1Ve.jpg');
INSERT INTO movie_genres (movie_id, genre_id) VALUES (193893, 35);
INSERT INTO movies (id, title, release_date, description, poster_path) VALUES (10144, 'The Little Mermaid', '1989-11-17', 'This colorful adventure tells the story of an impetuous mermaid princess named Ariel who falls in love with the very human Prince Eric and puts everything on the line for the chance to be with him. Memorable songs and characters -- including the villainous sea witch Ursula.', '/plcZXvI310FkbwIptvd6rqk63LP.jpg');
INSERT INTO movie_genres (movie_id, genre_id) VALUES (10144, 16);
INSERT INTO movie_genres (movie_id, genre_id) VALUES (10144, 10751);
INSERT INTO movie_genres (movie_id, genre_id) VALUES (10144, 14);
INSERT INTO movies (id, title, release_date, description, poster_path) VALUES (35, 'The Simpsons Movie', '2007-07-25', 'After Homer accidentally pollutes the town''s water supply, Springfield is encased in a gigantic dome by the EPA and the Simpsons are declared fugitives.', '/s3b8TZWwmkYc2KoJ5zk77qB6PzY.jpg');
INSERT INTO movie_genres (movie_id, genre_id) VALUES (35, 16);
INSERT INTO movie_genres (movie_id, genre_id) VALUES (35, 35);
INSERT INTO movie_genres (movie_id, genre_id) VALUES (35, 10751);
INSERT INTO movies (id, title, release_date, description, poster_path) VALUES (423204, 'Angel Has Fallen', '2019-08-21', 'After a treacherous attack, Secret Service agent Mike Banning is charged with attempting to assassinate President Trumbull. Chased by his own colleagues and the FBI, Banning begins a race against the clock to clear his name.', '/fapXd3v9qTcNBTm39ZC4KUVQDNf.jpg');
INSERT INTO movie_genres (movie_id, genre_id) VALUES (423204, 28);
INSERT INTO movie_genres (movie_id, genre_id) VALUES (423204, 53);
INSERT INTO movies (id, title, release_date, description, poster_path) VALUES (459151, 'The Boss Baby: Family Business', '2021-07-01', 'The Templeton brothers — Tim and his Boss Baby little bro Ted — have become adults and drifted away from each other. But a new boss baby with a cutting-edge approach and a can-do attitude is about to bring them together again … and inspire a new family business.', '/kv2Qk9MKFFQo4WQPaYta599HkJP.jpg');
INSERT INTO movie_genres (movie_id, genre_id) VALUES (459151, 16);
INSERT INTO movie_genres (movie_id, genre_id) VALUES (459151, 35);
INSERT INTO movie_genres (movie_id, genre_id) VALUES (459151, 12);
INSERT INTO movie_genres (movie_id, genre_id) VALUES (459151, 10751);
INSERT INTO movies (id, title, release_date, description, poster_path) VALUES (10555, 'Shark Tale', '2004-09-20', 'Oscar is a small fish whose big aspirations often get him into trouble. Meanwhile, Lenny is a great white shark with a surprising secret that no sea creature would guess: He''s a vegetarian. When a lie turns Oscar into an improbable hero and Lenny becomes an outcast, the two form an unlikely friendship.', '/r08DpyPyhXcJTfNZAICNGMzcQ8l.jpg');
INSERT INTO movie_genres (movie_id, genre_id) VALUES (10555, 16);
INSERT INTO movie_genres (movie_id, genre_id) VALUES (10555, 28);
INSERT INTO movie_genres (movie_id, genre_id) VALUES (10555, 35);
INSERT INTO movie_genres (movie_id, genre_id) VALUES (10555, 10751);
INSERT INTO movies (id, title, release_date, description, poster_path) VALUES (15512, 'Monsters vs Aliens', '2009-03-19', 'When Susan Murphy is unwittingly clobbered by a meteor full of outer space gunk on her wedding day, she mysteriously grows to 49-feet-11-inches. The military jumps into action and captures Susan, secreting her away to a covert government compound. She is renamed Ginormica and placed in confinement with a ragtag group of Monsters...', '/hpHarddVj34j53T7NsoUGdKj4mP.jpg');
INSERT INTO movie_genres (movie_id, genre_id) VALUES (15512, 16);
INSERT INTO movie_genres (movie_id, genre_id) VALUES (15512, 10751);
INSERT INTO movie_genres (movie_id, genre_id) VALUES (15512, 12);
INSERT INTO movie_genres (movie_id, genre_id) VALUES (15512, 878);
INSERT INTO movies (id, title, release_date, description, poster_path) VALUES (102651, 'Maleficent', '2014-05-28', 'A beautiful, pure-hearted young woman, Maleficent has an idyllic life growing up in a peaceable forest kingdom, until one day when an invading army threatens the harmony of the land. She rises to be the land''s fiercest protector, but she ultimately suffers a ruthless betrayal – an act that begins to turn her heart into stone. Bent on revenge, Maleficent faces an epic battle with the invading King''s successor and, as a result, places a curse upon his newborn infant Aurora. As the child grows, Maleficent realizes that Aurora holds the key to peace in the kingdom – and to Maleficent''s true happiness as well.', '/bDG3yei6AJlEAK3A5wN7RwFXQ7V.jpg');
INSERT INTO movie_genres (movie_id, genre_id) VALUES (102651, 14);
INSERT INTO movie_genres (movie_id, genre_id) VALUES (102651, 12);
INSERT INTO movie_genres (movie_id, genre_id) VALUES (102651, 28);
INSERT INTO movie_genres (movie_id, genre_id) VALUES (102651, 10751);
INSERT INTO movie_genres (movie_id, genre_id) VALUES (102651, 10749);
INSERT INTO movies (id, title, release_date, description, poster_path) VALUES (67659, 'Guns for San Sebastian', '1968-03-20', 'Leon Alastray is an outlaw who has been given sanctuary by Father John, whom he then escorts to the village of San Sebastian. The village is deserted, with its cowardly residents hiding in the hills from Indians, who regularly attack the village and steal all their supplies. When Father John is murdered, the villagers mistakenly think the outlaw is the priest. Alastray at first tells them he is not a priest, but they don''t believe it, and an apparent miracle seems to prove they are correct. Eventually, he assists them in regaining their confidence and defending themselves.', '/2vxVQVdYD25o7oAdp7HQBDZ5Y6K.jpg');
INSERT INTO movie_genres (movie_id, genre_id) VALUES (67659, 37);
INSERT INTO movies (id, title, release_date, description, poster_path) VALUES (580489, 'Venom: Let There Be Carnage', '2021-09-30', 'After finding a host body in investigative reporter Eddie Brock, the alien symbiote must face a new enemy, Carnage, the alter ego of serial killer Cletus Kasady.', '/pzKsRuKLFmYrW5Q0q8E8G78Tcgo.jpg');
INSERT INTO movie_genres (movie_id, genre_id) VALUES (580489, 878);
INSERT INTO movie_genres (movie_id, genre_id) VALUES (580489, 28);
INSERT INTO movie_genres (movie_id, genre_id) VALUES (580489, 12);
INSERT INTO movies (id, title, release_date, description, poster_path) VALUES (561, 'Constantine', '2005-02-08', 'John Constantine has literally been to Hell and back. When he teams up with a policewoman to solve the mysterious suicide of her twin sister, their investigation takes them through the world of demons and angels that exists beneath the landscape of contemporary Los Angeles.', '/vPYgvd2MwHlxTamAOjwVQp4qs1W.jpg');
INSERT INTO movie_genres (movie_id, genre_id) VALUES (561, 14);
INSERT INTO movie_genres (movie_id, genre_id) VALUES (561, 28);
INSERT INTO movie_genres (movie_id, genre_id) VALUES (561, 27);
INSERT INTO movies (id, title, release_date, description, poster_path) VALUES (337339, 'The Fate of the Furious', '2017-04-12', 'When a mysterious woman seduces Dom into the world of crime and a betrayal of those closest to him, the crew face trials that will test them as never before.', '/dImWM7GJqryWJO9LHa3XQ8DD5NH.jpg');
INSERT INTO movie_genres (movie_id, genre_id) VALUES (337339, 28);
INSERT INTO movie_genres (movie_id, genre_id) VALUES (337339, 80);
INSERT INTO movie_genres (movie_id, genre_id) VALUES (337339, 53);
INSERT INTO movies (id, title, release_date, description, poster_path) VALUES (1440, 'Little Children', '2006-10-06', 'The lives of two lovelorn spouses from separate marriages, a registered sex offender, and a disgraced ex-police officer intersect as they struggle to resist their vulnerabilities and temptations.', '/l2wTSP0Ifo9vY03nJEfkFBbT2S9.jpg');
INSERT INTO movie_genres (movie_id, genre_id) VALUES (1440, 18);
INSERT INTO movie_genres (movie_id, genre_id) VALUES (1440, 10749);
INSERT INTO movies (id, title, release_date, description, poster_path) VALUES (1212742, 'The Rule of Jenny Pen', '2025-03-07', 'Confined to a secluded rest home and trapped within his stroke-ridden body, a former Judge must stop an elderly psychopath who employs a child''s puppet to abuse the home''s residents with deadly consequences.', '/5vqK1wbrgmUvqHn6yPt9b6qT9iL.jpg');
INSERT INTO movie_genres (movie_id, genre_id) VALUES (1212742, 27);
INSERT INTO movie_genres (movie_id, genre_id) VALUES (1212742, 53);
INSERT INTO movies (id, title, release_date, description, poster_path) VALUES (1272149, 'Bridget Jones: Mad About the Boy', '2025-02-12', 'Bridget Jones navigates life as a widow and single mum with the help of her family, friends, and former lover, Daniel. Back to work and on the apps, she''s pursued by a younger man and maybe – just maybe – her son''s science teacher.', '/e5VR3nhLYG60znxaqU84wv4VSCb.jpg');
INSERT INTO movie_genres (movie_id, genre_id) VALUES (1272149, 10749);
INSERT INTO movie_genres (movie_id, genre_id) VALUES (1272149, 35);
INSERT INTO movie_genres (movie_id, genre_id) VALUES (1272149, 18);
INSERT INTO movies (id, title, release_date, description, poster_path) VALUES (913290, 'Barbarian', '2022-09-08', 'In town for a job interview, a young woman arrives at her Airbnb late at night only to find that it has been mistakenly double-booked and a strange man is already staying there. Against her better judgement, she decides to stay the night anyway.', '/idT5mnqPcJgSkvpDX7pJffBzdVH.jpg');
INSERT INTO movie_genres (movie_id, genre_id) VALUES (913290, 27);
INSERT INTO movie_genres (movie_id, genre_id) VALUES (913290, 53);
INSERT INTO movies (id, title, release_date, description, poster_path) VALUES (142, 'Brokeback Mountain', '2005-10-22', 'In 1960s Wyoming, two men develop a strong emotional and sexual relationship that endures as a lifelong connection complicating their lives as they get married and start families of their own.', '/aByfQOQBNa4CMFwIgq3QrqY2ZHh.jpg');
INSERT INTO movie_genres (movie_id, genre_id) VALUES (142, 18);
INSERT INTO movie_genres (movie_id, genre_id) VALUES (142, 10749);
INSERT INTO movies (id, title, release_date, description, poster_path) VALUES (9286, 'Final Destination 3', '2006-02-09', 'High school senior Wendy''s premonition of a deadly rollercoaster ride saves her life and a lucky few, but not from death itself — which seeks out those who escaped their fate.', '/p7ARuNKUGPGvkBiDtIDvAzYzonX.jpg');
INSERT INTO movie_genres (movie_id, genre_id) VALUES (9286, 27);
INSERT INTO movie_genres (movie_id, genre_id) VALUES (9286, 9648);
INSERT INTO movies (id, title, release_date, description, poster_path) VALUES (480414, 'The Curse of La Llorona', '2019-04-17', 'In 1970s Los Angeles, the legendary ghost La Llorona is stalking the night -- and the children. Ignoring the eerie warning of a troubled mother, a social worker and her own kids are drawn into a frightening supernatural realm. Their only hope of surviving La Llorona''s deadly wrath is a disillusioned priest who practices mysticism to keep evil at bay.', '/hETrPpoKs6BwoilK64YJ7Z5GcRT.jpg');
INSERT INTO movie_genres (movie_id, genre_id) VALUES (480414, 27);
INSERT INTO movies (id, title, release_date, description, poster_path) VALUES (82695, 'Les Misérables', '2012-12-18', 'An adaptation of the successful stage musical based on Victor Hugo''s classic novel set in 19th-century France. Jean Valjean, a man imprisoned for stealing bread, must flee a relentless policeman named Javert. The pursuit consumes both men''s lives, and soon Valjean finds himself in the midst of the student revolutions in France.', '/6CuzBs2Lb8At7qQr64mLXg2RYRb.jpg');
INSERT INTO movie_genres (movie_id, genre_id) VALUES (82695, 36);
INSERT INTO movie_genres (movie_id, genre_id) VALUES (82695, 18);
INSERT INTO movies (id, title, release_date, description, poster_path) VALUES (670292, 'The Creator', '2023-09-27', 'Amid a future war between the human race and the forces of artificial intelligence, a hardened ex-special forces agent grieving the disappearance of his wife, is recruited to hunt down and kill the Creator, the elusive architect of advanced AI who has developed a mysterious weapon with the power to end the war—and mankind itself.', '/3dSivDtOuyxLDxPH4v2tcNG1fP7.jpg');
INSERT INTO movie_genres (movie_id, genre_id) VALUES (670292, 878);
INSERT INTO movie_genres (movie_id, genre_id) VALUES (670292, 28);
INSERT INTO movie_genres (movie_id, genre_id) VALUES (670292, 12);
INSERT INTO movies (id, title, release_date, description, poster_path) VALUES (9794, 'Employee of the Month', '2006-10-06', 'When he hears that the new female employee digs ambitious men who are the store employee of the month, a slacker gets his act together but finds himself in competition with his rival, an ambitious co-worker.', '/vfALEF9wz4CEep071iOwM5Qqd17.jpg');
INSERT INTO movie_genres (movie_id, genre_id) VALUES (9794, 35);
INSERT INTO movie_genres (movie_id, genre_id) VALUES (9794, 10749);
INSERT INTO movies (id, title, release_date, description, poster_path) VALUES (509, 'Notting Hill', '1999-05-21', 'London bookstore owner William Thacker''s quiet life turns upside down when a chance encounter with famous actress Anna Scott sparks an unlikely romance challenged by their vastly different worlds.', '/hHRIf2XHeQMbyRb3HUx19SF5Ujw.jpg');
INSERT INTO movie_genres (movie_id, genre_id) VALUES (509, 10749);
INSERT INTO movie_genres (movie_id, genre_id) VALUES (509, 35);
INSERT INTO movies (id, title, release_date, description, poster_path) VALUES (1272837, '28 Years Later: The Bone Temple', '2026-01-14', 'Dr. Kelson finds himself in a shocking new relationship - with consequences that could change the world as they know it - and Spike''s encounter with Jimmy Crystal becomes a nightmare he can''t escape.', '/r9JPGoCtlMfhy47gtFs1wUMX2mB.jpg');
INSERT INTO movie_genres (movie_id, genre_id) VALUES (1272837, 27);
INSERT INTO movie_genres (movie_id, genre_id) VALUES (1272837, 53);
INSERT INTO movie_genres (movie_id, genre_id) VALUES (1272837, 878);
INSERT INTO movies (id, title, release_date, description, poster_path) VALUES (10009, 'Brother Bear', '2003-10-23', 'When an impulsive boy named Kenai is magically transformed into a bear, he must literally walk in another''s footsteps until he learns some valuable life lessons. His courageous and often zany journey introduces him to a forest full of wildlife, including the lovable bear cub Koda, hilarious moose Rutt and Tuke, woolly mammoths and rambunctious rams.', '/otptPbEY0vBostmo95xwiiumMJm.jpg');
INSERT INTO movie_genres (movie_id, genre_id) VALUES (10009, 12);
INSERT INTO movie_genres (movie_id, genre_id) VALUES (10009, 16);
INSERT INTO movie_genres (movie_id, genre_id) VALUES (10009, 10751);
INSERT INTO movies (id, title, release_date, description, poster_path) VALUES (2655, 'What Lies Beneath', '2000-07-21', 'When Claire Spencer starts hearing ghostly voices and seeing spooky images, she wonders if an otherworldly spirit is trying to contact her. All the while, her husband tries to reassure her by telling her it''s all in her head. But as Claire investigates, she discovers that the man she loves might know more than he''s letting on.', '/2L3Cn0CizbSy2E9KJt1SiOSyb6p.jpg');
INSERT INTO movie_genres (movie_id, genre_id) VALUES (2655, 18);
INSERT INTO movie_genres (movie_id, genre_id) VALUES (2655, 27);
INSERT INTO movie_genres (movie_id, genre_id) VALUES (2655, 9648);
INSERT INTO movie_genres (movie_id, genre_id) VALUES (2655, 53);
INSERT INTO movies (id, title, release_date, description, poster_path) VALUES (581726, 'Infinite', '2021-09-09', 'Evan McCauley has skills he never learned and memories of places he has never visited. Self-medicated and on the brink of a mental breakdown, a secret group that call themselves “Infinites” come to his rescue, revealing that his memories are real.', '/niw2AKHz6XmwiRMLWaoyAOAti0G.jpg');
INSERT INTO movie_genres (movie_id, genre_id) VALUES (581726, 878);
INSERT INTO movie_genres (movie_id, genre_id) VALUES (581726, 28);
INSERT INTO movie_genres (movie_id, genre_id) VALUES (581726, 12);
INSERT INTO movies (id, title, release_date, description, poster_path) VALUES (38575, 'The Karate Kid', '2010-06-10', '12-year-old Dre Parker could''ve been the most popular kid in Detroit, but his mother''s latest career move has landed him in China. Dre immediately falls for his classmate Mei Ying but the cultural differences make such a friendship impossible. Even worse, Dre''s feelings make him an enemy of the class bully, Cheng. With no friends in a strange land, Dre has nowhere to turn but maintenance man Mr. Han, who is a kung fu master. As Han teaches Dre that kung fu is not about punches and parries, but maturity and calm, Dre realizes that facing down the bullies will be the fight of his life.', '/b1RBy3l297N0c7PHjlz35cClWju.jpg');
INSERT INTO movie_genres (movie_id, genre_id) VALUES (38575, 28);
INSERT INTO movie_genres (movie_id, genre_id) VALUES (38575, 12);
INSERT INTO movie_genres (movie_id, genre_id) VALUES (38575, 18);
INSERT INTO movie_genres (movie_id, genre_id) VALUES (38575, 10751);
INSERT INTO movies (id, title, release_date, description, poster_path) VALUES (609681, 'The Marvels', '2023-11-08', 'When her duties send her to an anomalous wormhole linked to a Kree revolutionary, Carol''s powers become entangled with that of Jersey City super-fan Kamala Khan, aka Ms. Marvel, and Carol''s estranged niece, now S.A.B.E.R. astronaut Captain Monica Rambeau. Together, this unlikely trio must team up and learn to work in concert to save the universe.', '/9GBhzXMFjgcZ3FdR9w3bUMMTps5.jpg');
INSERT INTO movie_genres (movie_id, genre_id) VALUES (609681, 878);
INSERT INTO movie_genres (movie_id, genre_id) VALUES (609681, 12);
INSERT INTO movie_genres (movie_id, genre_id) VALUES (609681, 28);
INSERT INTO movies (id, title, release_date, description, poster_path) VALUES (758323, 'The Pope''s Exorcist', '2023-04-05', 'Father Gabriele Amorth, Chief Exorcist of the Vatican, investigates a young boy''s terrifying possession and ends up uncovering a centuries-old conspiracy the Vatican has desperately tried to keep hidden.', '/jFC4LS5qTAT3PinzdEzINfu1CV9.jpg');
INSERT INTO movie_genres (movie_id, genre_id) VALUES (758323, 27);
INSERT INTO movie_genres (movie_id, genre_id) VALUES (758323, 53);
INSERT INTO movies (id, title, release_date, description, poster_path) VALUES (899382, 'Christmas Is Canceled', '2021-12-23', 'A father begins dating his 29-year-old daughter Emma''s high school frenemy soon after his wife passes away. His daughter embarks on a mission to break up the happy couple.', '/2Vivy2G7Kx8duhN35eUG74B8JXK.jpg');
INSERT INTO movie_genres (movie_id, genre_id) VALUES (899382, 35);
INSERT INTO movie_genres (movie_id, genre_id) VALUES (899382, 10749);
INSERT INTO movies (id, title, release_date, description, poster_path) VALUES (1368337, 'The Odyssey', '2026-07-15', 'Odysseus, the legendary Greek king of Ithaca, embarks on a long and perilous journey home following the Trojan War, chronicling his encounters with mythical beings such as the Cyclops Polyphemus, the Sirens, and the witch-goddess Circe.', '/x5JKwcrl7NzaSWfTFh6bIPCsqJd.jpg');
INSERT INTO movie_genres (movie_id, genre_id) VALUES (1368337, 12);
INSERT INTO movie_genres (movie_id, genre_id) VALUES (1368337, 18);
INSERT INTO movie_genres (movie_id, genre_id) VALUES (1368337, 14);
INSERT INTO movies (id, title, release_date, description, poster_path) VALUES (87101, 'Terminator Genisys', '2015-06-23', 'The year is 2029. John Connor, leader of the resistance continues the war against the machines. At the Los Angeles offensive, John''s fears of the unknown future begin to emerge when TECOM spies reveal a new plot by SkyNet that will attack him from both fronts; past and future, and will ultimately change warfare forever.', '/oZRVDpNtmHk8M1VYy1aeOWUXgbC.jpg');
INSERT INTO movie_genres (movie_id, genre_id) VALUES (87101, 878);
INSERT INTO movie_genres (movie_id, genre_id) VALUES (87101, 28);
INSERT INTO movie_genres (movie_id, genre_id) VALUES (87101, 53);
INSERT INTO movie_genres (movie_id, genre_id) VALUES (87101, 12);
INSERT INTO movies (id, title, release_date, description, poster_path) VALUES (577922, 'Tenet', '2020-08-22', 'Armed with only one word - Tenet - and fighting for the survival of the entire world, the Protagonist journeys through a twilight world of international espionage on a mission that will unfold in something beyond real time.', '/aCIFMriQh8rvhxpN1IWGgvH0Tlg.jpg');
INSERT INTO movie_genres (movie_id, genre_id) VALUES (577922, 28);
INSERT INTO movie_genres (movie_id, genre_id) VALUES (577922, 53);
INSERT INTO movie_genres (movie_id, genre_id) VALUES (577922, 878);
INSERT INTO movies (id, title, release_date, description, poster_path) VALUES (601, 'E.T. the Extra-Terrestrial', '1982-06-11', 'An alien is left behind on Earth and saved by the 10-year-old Elliott who decides to keep him hidden in his home. While a task force hunts for the extra-terrestrial, Elliott, his brother, and his little sister Gertie form an emotional bond with their new friend, and try to help him find his way home.', '/an0nD6uq6byfxXCfk6lQBzdL2J1.jpg');
INSERT INTO movie_genres (movie_id, genre_id) VALUES (601, 878);
INSERT INTO movie_genres (movie_id, genre_id) VALUES (601, 12);
INSERT INTO movie_genres (movie_id, genre_id) VALUES (601, 10751);
INSERT INTO movie_genres (movie_id, genre_id) VALUES (601, 14);
INSERT INTO movies (id, title, release_date, description, poster_path) VALUES (57214, 'Project X', '2012-03-01', 'Three high school seniors throw a party to make a name for themselves. As the night progresses, things spiral out of control as word of the party spreads.', '/lUPDGT3lyRrq8SvWuNWG2DP64bR.jpg');
INSERT INTO movie_genres (movie_id, genre_id) VALUES (57214, 35);
INSERT INTO movies (id, title, release_date, description, poster_path) VALUES (813, 'Airplane!', '1980-06-27', 'An ex-fighter pilot forced to take over the controls of an airliner when the flight crew succumbs to food poisoning.', '/7Q3efxd3AF1vQjlSxnlerSA7RzN.jpg');
INSERT INTO movie_genres (movie_id, genre_id) VALUES (813, 35);
INSERT INTO movies (id, title, release_date, description, poster_path) VALUES (299537, 'Captain Marvel', '2019-03-06', 'The story follows Carol Danvers as she becomes one of the universe’s most powerful heroes when Earth is caught in the middle of a galactic war between two alien races. Set in the 1990s, Captain Marvel is an all-new adventure from a previously unseen period in the history of the Marvel Cinematic Universe.', '/w9RDaz2dnnpY8RzuW9zdv77tDhZ.jpg');
INSERT INTO movie_genres (movie_id, genre_id) VALUES (299537, 28);
INSERT INTO movie_genres (movie_id, genre_id) VALUES (299537, 12);
INSERT INTO movie_genres (movie_id, genre_id) VALUES (299537, 878);
INSERT INTO movies (id, title, release_date, description, poster_path) VALUES (137113, 'Edge of Tomorrow', '2014-05-27', 'Major Bill Cage is an officer who has never seen a day of combat when he is unceremoniously demoted and dropped into combat. Cage is killed within minutes, managing to take an alpha alien down with him. He awakens back at the beginning of the same day and is forced to fight and die again... and again - as physical contact with the alien has thrown him into a time loop.', '/nBM9MMa2WCwvMG4IJ3eiGUdbPe6.jpg');
INSERT INTO movie_genres (movie_id, genre_id) VALUES (137113, 28);
INSERT INTO movie_genres (movie_id, genre_id) VALUES (137113, 878);
INSERT INTO movies (id, title, release_date, description, poster_path) VALUES (78080, 'Beethoven''s Christmas Adventure', '2011-11-07', 'A Christmas elf accidentally takes off in Santa''s sleigh, crash lands in a small town, and loses the magic toy bag. Beethoven must rescue the elf, recover the bag from greedy crooks, and return the sleigh to Santa in time to save Christmas.', '/wuBKbz0bZUdTAhU26A62AIlvE5A.jpg');
INSERT INTO movie_genres (movie_id, genre_id) VALUES (78080, 10751);
INSERT INTO movie_genres (movie_id, genre_id) VALUES (78080, 35);
INSERT INTO movie_genres (movie_id, genre_id) VALUES (78080, 14);
INSERT INTO movies (id, title, release_date, description, poster_path) VALUES (1052280, 'It''s What''s Inside', '2024-01-19', 'A pre-wedding reunion descends into a psychological nightmare for a group of college friends when a surprise guest arrives with a mysterious suitcase.', '/32Lfs4nbLehgbXI8VTeYg5jgIQt.jpg');
INSERT INTO movie_genres (movie_id, genre_id) VALUES (1052280, 35);
INSERT INTO movie_genres (movie_id, genre_id) VALUES (1052280, 9648);
INSERT INTO movie_genres (movie_id, genre_id) VALUES (1052280, 878);
INSERT INTO movies (id, title, release_date, description, poster_path) VALUES (976734, 'Canary Black', '2024-10-10', 'Top level CIA agent Avery Graves is blackmailed by terrorists into betraying her own country to save her kidnapped husband. Cut off from her team, she turns to her underworld contacts to survive and help locate the coveted intelligence that the kidnappers want.', '/hhiR6uUbTYYvKoACkdAIQPS5c6f.jpg');
INSERT INTO movie_genres (movie_id, genre_id) VALUES (976734, 28);
INSERT INTO movie_genres (movie_id, genre_id) VALUES (976734, 53);
INSERT INTO movie_genres (movie_id, genre_id) VALUES (976734, 80);
INSERT INTO movies (id, title, release_date, description, poster_path) VALUES (396422, 'Annabelle: Creation', '2017-08-03', 'Several years after the tragic death of their little girl, a doll maker and his wife welcome a nun and several girls from a shuttered orphanage into their home, soon becoming the target of the doll maker''s possessed creation—Annabelle.', '/tb86j8jVCVsdZnzf8I6cIi65IeM.jpg');
INSERT INTO movie_genres (movie_id, genre_id) VALUES (396422, 27);
INSERT INTO movies (id, title, release_date, description, poster_path) VALUES (41446, 'Scream 4', '2011-04-13', 'Ten years have passed, and Sidney Prescott has put herself back together thanks to her writing. However, her return to Woodsboro sparks the return of the Ghostface Killer.', '/tcrI37K98TVopLbcZBa55mWhLT1.jpg');
INSERT INTO movie_genres (movie_id, genre_id) VALUES (41446, 27);
INSERT INTO movie_genres (movie_id, genre_id) VALUES (41446, 9648);
INSERT INTO movies (id, title, release_date, description, poster_path) VALUES (417859, 'Puss in Boots', '2011-10-27', 'Long before he even met Shrek, the notorious fighter, lover and outlaw Puss in Boots becomes a hero when he sets off on an adventure with the tough and street smart Kitty Softpaws and the mastermind Humpty Dumpty to save his town. This is the true story of The Cat, The Myth, The Legend... The Boots.', '/n4UkIqNYSTr4DPoHCVfLrL8mbre.jpg');
INSERT INTO movie_genres (movie_id, genre_id) VALUES (417859, 16);
INSERT INTO movie_genres (movie_id, genre_id) VALUES (417859, 10751);
INSERT INTO movie_genres (movie_id, genre_id) VALUES (417859, 14);
INSERT INTO movie_genres (movie_id, genre_id) VALUES (417859, 12);
INSERT INTO movie_genres (movie_id, genre_id) VALUES (417859, 35);
INSERT INTO movie_genres (movie_id, genre_id) VALUES (417859, 28);
INSERT INTO movies (id, title, release_date, description, poster_path) VALUES (398818, 'Call Me by Your Name', '2017-07-28', 'In the summer of 1983, a 17-year-old Elio spends his days in his family''s villa in Italy. One day Oliver, a graduate student, arrives to assist Elio''s father, a professor of Greco-Roman culture. Soon, Elio and Oliver discover a summer that will alter their lives forever.', '/mZ4gBdfkhP9tvLH1DO4m4HYtiyi.jpg');
INSERT INTO movie_genres (movie_id, genre_id) VALUES (398818, 10749);
INSERT INTO movie_genres (movie_id, genre_id) VALUES (398818, 18);
INSERT INTO movies (id, title, release_date, description, poster_path) VALUES (181812, 'Star Wars: The Rise of Skywalker', '2019-12-18', 'The surviving Resistance faces the First Order once again as the journey of Rey, Finn and Poe Dameron continues. With the power and knowledge of generations behind them, the final battle begins.', '/db32LaOibwEliAmSL2jjDF6oDdj.jpg');
INSERT INTO movie_genres (movie_id, genre_id) VALUES (181812, 12);
INSERT INTO movie_genres (movie_id, genre_id) VALUES (181812, 28);
INSERT INTO movie_genres (movie_id, genre_id) VALUES (181812, 878);
INSERT INTO movies (id, title, release_date, description, poster_path) VALUES (820525, 'After Everything', '2023-09-13', 'Besieged by writer’s block and the crushing breakup with Tessa, Hardin travels to Portugal in search of a woman he wronged in the past – and to find himself. Hoping to win back Tessa, he realizes he needs to change his ways before he can make the ultimate commitment.', '/uQxjZGU6rxSPSMeAJPJQlmfV3ys.jpg');
INSERT INTO movie_genres (movie_id, genre_id) VALUES (820525, 10749);
INSERT INTO movie_genres (movie_id, genre_id) VALUES (820525, 18);
INSERT INTO movies (id, title, release_date, description, poster_path) VALUES (2109, 'Rush Hour', '1998-09-18', 'When Hong Kong Inspector Lee is summoned to Los Angeles to investigate a kidnapping, the FBI doesn''t want any outside help and assigns cocky LAPD Detective James Carter to distract Lee from the case. Not content to watch the action from the sidelines, Lee and Carter form an unlikely partnership and investigate the case themselves.', '/we7wOLVFgxhzLzUt0qNe50xdIQZ.jpg');
INSERT INTO movie_genres (movie_id, genre_id) VALUES (2109, 28);
INSERT INTO movie_genres (movie_id, genre_id) VALUES (2109, 35);
INSERT INTO movie_genres (movie_id, genre_id) VALUES (2109, 80);
INSERT INTO movies (id, title, release_date, description, poster_path) VALUES (56292, 'Mission: Impossible - Ghost Protocol', '2011-12-07', 'Ethan Hunt and his team are racing against time to track down a dangerous terrorist named Hendricks, who has gained access to Russian nuclear launch codes and is planning a strike on the United States. An attempt to stop him ends in an explosion causing severe destruction to the Kremlin and the IMF to be implicated in the bombing, forcing the President to disavow them. No longer being aided by the government, Ethan and his team chase Hendricks around the globe, although they might still be too late to stop a disaster.', '/psiWp3VTjznfokmGQG9uqiiknQQ.jpg');
INSERT INTO movie_genres (movie_id, genre_id) VALUES (56292, 28);
INSERT INTO movie_genres (movie_id, genre_id) VALUES (56292, 53);
INSERT INTO movie_genres (movie_id, genre_id) VALUES (56292, 12);
INSERT INTO movies (id, title, release_date, description, poster_path) VALUES (197, 'Braveheart', '1995-05-24', 'Enraged at the slaughter of Murron, his new bride and childhood love, Scottish warrior William Wallace slays a platoon of the local English lord''s soldiers. This leads the village to revolt and, eventually, the entire country to rise up against English rule.', '/or1gBugydmjToAEq7OZY0owwFk.jpg');
INSERT INTO movie_genres (movie_id, genre_id) VALUES (197, 28);
INSERT INTO movie_genres (movie_id, genre_id) VALUES (197, 18);
INSERT INTO movie_genres (movie_id, genre_id) VALUES (197, 36);
INSERT INTO movie_genres (movie_id, genre_id) VALUES (197, 10752);
INSERT INTO movies (id, title, release_date, description, poster_path) VALUES (45243, 'The Hangover Part II', '2011-05-25', 'The Hangover crew heads to Thailand for Stu''s wedding. After the disaster of a bachelor party in Las Vegas last year, Stu is playing it safe with a mellow pre-wedding brunch. However, nothing goes as planned and Bangkok is the perfect setting for another adventure with the rowdy group.', '/7sGkjqorTHkaHTz8Q4WWHj8JL9t.jpg');
INSERT INTO movie_genres (movie_id, genre_id) VALUES (45243, 35);
INSERT INTO movies (id, title, release_date, description, poster_path) VALUES (882598, 'Smile', '2022-09-23', 'After witnessing a bizarre, traumatic incident involving a patient, Dr. Rose Cotter starts experiencing frightening occurrences that she can''t explain.', '/aPqcQwu4VGEewPhagWNncDbJ9Xp.jpg');
INSERT INTO movie_genres (movie_id, genre_id) VALUES (882598, 27);
INSERT INTO movie_genres (movie_id, genre_id) VALUES (882598, 9648);
INSERT INTO movies (id, title, release_date, description, poster_path) VALUES (57800, 'Ice Age: Continental Drift', '2012-06-27', 'Manny, Diego, and Sid embark upon another adventure after their continent is set adrift. Using an iceberg as a ship, they encounter sea creatures and battle pirates as they explore a new world.', '/dfp1BZF7FxbBUyzHvMOI9t8NWDD.jpg');
INSERT INTO movie_genres (movie_id, genre_id) VALUES (57800, 16);
INSERT INTO movie_genres (movie_id, genre_id) VALUES (57800, 35);
INSERT INTO movie_genres (movie_id, genre_id) VALUES (57800, 12);
INSERT INTO movie_genres (movie_id, genre_id) VALUES (57800, 10751);
INSERT INTO movies (id, title, release_date, description, poster_path) VALUES (9702, 'Bound by Honor', '1993-02-05', 'Based on the true life experiences of poet Jimmy Santiago Baca, the film focuses on half-brothers Paco and Cruz, and their bi-racial cousin Miklo. It opens in 1972, as the three are members of an East L.A. gang known as the "Vatos Locos", and the story focuses on how a violent crime and the influence of narcotics alter their lives. Miklo is incarcerated and sent to San Quentin, where he makes a "home" for himself. Cruz becomes an exceptional artist, but a heroin addiction overcomes him with tragic results. Paco becomes a cop and an enemy to his "carnal", Miklo.', '/gvP6R6juhe2IpCG7QGDgjyUvm0g.jpg');
INSERT INTO movie_genres (movie_id, genre_id) VALUES (9702, 80);
INSERT INTO movie_genres (movie_id, genre_id) VALUES (9702, 28);
INSERT INTO movie_genres (movie_id, genre_id) VALUES (9702, 18);
INSERT INTO movie_genres (movie_id, genre_id) VALUES (9702, 53);
INSERT INTO movies (id, title, release_date, description, poster_path) VALUES (47525, 'The Magic of Ordinary Days', '2005-01-30', 'Pregnant out of wedlock, an educated young woman is pressured by her father into an arranged marriage with a lonely farmer in this drama set during WWII.', '/4UAR1KJNyvBdhTXmmlxqROUCxi2.jpg');
INSERT INTO movie_genres (movie_id, genre_id) VALUES (47525, 18);
INSERT INTO movie_genres (movie_id, genre_id) VALUES (47525, 10749);
INSERT INTO movie_genres (movie_id, genre_id) VALUES (47525, 10770);
INSERT INTO movies (id, title, release_date, description, poster_path) VALUES (185, 'A Clockwork Orange', '1971-12-19', 'In a near-future Britain, young Alexander DeLarge and his pals get their kicks beating and raping anyone they please. When not destroying the lives of others, Alex swoons to the music of Beethoven. The state, eager to crack down on juvenile crime, gives an incarcerated Alex the option to undergo an invasive procedure that''ll rob him of all personal agency. In a time when conscience is a commodity, can Alex change his tune?', '/4sHeTAp65WrSSuc05nRBKddhBxO.jpg');
INSERT INTO movie_genres (movie_id, genre_id) VALUES (185, 878);
INSERT INTO movie_genres (movie_id, genre_id) VALUES (185, 80);
INSERT INTO movies (id, title, release_date, description, poster_path) VALUES (138103, 'The Expendables 3', '2014-08-07', 'Barney, Christmas and the rest of the team comes face-to-face with Conrad Stonebanks, who years ago co-founded The Expendables with Barney. Stonebanks subsequently became a ruthless arms trader and someone who Barney was forced to kill… or so he thought. Stonebanks, who eluded death once before, now is making it his mission to end The Expendables -- but Barney has other plans. Barney decides that he has to fight old blood with new blood, and brings in a new era of Expendables team members, recruiting individuals who are younger, faster and more tech-savvy. The latest mission becomes a clash of classic old-school style versus high-tech expertise in the Expendables’ most personal battle yet.', '/ruW3malZtlg66ODfg614dFbXO68.jpg');
INSERT INTO movie_genres (movie_id, genre_id) VALUES (138103, 28);
INSERT INTO movie_genres (movie_id, genre_id) VALUES (138103, 12);
INSERT INTO movie_genres (movie_id, genre_id) VALUES (138103, 53);
INSERT INTO movies (id, title, release_date, description, poster_path) VALUES (639933, 'The Northman', '2022-04-07', 'Prince Amleth is on the verge of becoming a man when his father is brutally murdered by his uncle, who kidnaps the boy''s mother. Two decades later, Amleth is now a Viking who''s on a mission to save his mother, kill his uncle and avenge his father.', '/aSSJMnHknzKjlZ6zybwD7eyJ4Po.jpg');
INSERT INTO movie_genres (movie_id, genre_id) VALUES (639933, 28);
INSERT INTO movie_genres (movie_id, genre_id) VALUES (639933, 12);
INSERT INTO movie_genres (movie_id, genre_id) VALUES (639933, 14);
INSERT INTO movies (id, title, release_date, description, poster_path) VALUES (5255, 'The Polar Express', '2004-11-10', 'When a doubting young boy takes an extraordinary train ride to the North Pole, he embarks on a journey of self-discovery that shows him that the wonder of life never fades for those who believe.', '/eOoCzH0MqeGr2taUZO4SwG416PF.jpg');
INSERT INTO movie_genres (movie_id, genre_id) VALUES (5255, 16);
INSERT INTO movie_genres (movie_id, genre_id) VALUES (5255, 12);
INSERT INTO movie_genres (movie_id, genre_id) VALUES (5255, 10751);
INSERT INTO movie_genres (movie_id, genre_id) VALUES (5255, 14);
INSERT INTO movies (id, title, release_date, description, poster_path) VALUES (666277, 'Past Lives', '2023-06-02', 'After decades apart, childhood friends Nora and Hae Sung are reunited in New York for one fateful weekend as they confront notions of destiny, love, and the choices that make a life.', '/k3waqVXSnvCZWfJYNtdamTgTtTA.jpg');
INSERT INTO movie_genres (movie_id, genre_id) VALUES (666277, 18);
INSERT INTO movie_genres (movie_id, genre_id) VALUES (666277, 10749);
INSERT INTO movies (id, title, release_date, description, poster_path) VALUES (27578, 'The Expendables', '2010-08-07', 'Barney Ross leads a band of highly skilled mercenaries including knife enthusiast Lee Christmas, a martial arts expert Yin Yang, heavy weapons specialist Hale Caesar, demolitionist Toll Road, and a loose-cannon sniper Gunner Jensen. When the group is commissioned by the mysterious Mr. Church to assassinate the dictator of a small South American island, Barney and Lee visit the remote locale to scout out their opposition and discover the true nature of the conflict engulfing the city.', '/j09ZkH6R4JWVylBcDai1laCmGw7.jpg');
INSERT INTO movie_genres (movie_id, genre_id) VALUES (27578, 53);
INSERT INTO movie_genres (movie_id, genre_id) VALUES (27578, 12);
INSERT INTO movie_genres (movie_id, genre_id) VALUES (27578, 28);
INSERT INTO movies (id, title, release_date, description, poster_path) VALUES (157350, 'Divergent', '2014-03-14', 'In a world divided into factions based on personality types, Tris learns that she''s been classified as Divergent and won''t fit in. When she discovers a plot to destroy Divergents, Tris and the mysterious Four must find out what makes Divergents dangerous before it''s too late.', '/aNh4Q3iuPKDMPi2SL7GgOpiLukX.jpg');
INSERT INTO movie_genres (movie_id, genre_id) VALUES (157350, 28);
INSERT INTO movie_genres (movie_id, genre_id) VALUES (157350, 12);
INSERT INTO movie_genres (movie_id, genre_id) VALUES (157350, 878);
INSERT INTO movies (id, title, release_date, description, poster_path) VALUES (6957, 'The 40 Year Old Virgin', '2005-08-11', 'Andy Stitzer has a pleasant life with a nice apartment and a job stamping invoices at an electronics store. But at age 40, there''s one thing Andy hasn''t done, and it''s really bothering his sex-obsessed male co-workers: Andy is still a virgin. Determined to help Andy get laid, the guys make it their mission to de-virginize him. But it all seems hopeless until Andy meets small business owner Trish, a single mom.', '/mVeoqL37gzhMXQVpONi9DGOQ3tZ.jpg');
INSERT INTO movie_genres (movie_id, genre_id) VALUES (6957, 35);
INSERT INTO movie_genres (movie_id, genre_id) VALUES (6957, 10749);
INSERT INTO movies (id, title, release_date, description, poster_path) VALUES (1427, 'Perfume: The Story of a Murderer', '2006-09-13', 'Jean-Baptiste Grenouille, born in the stench of 18th century Paris, develops a superior olfactory sense, which he uses to create the world''s finest perfumes. However, his work takes a dark turn as he tries to preserve scents in the search for the ultimate perfume.', '/2wrFrUej8ri5EpjgIkjKTAnr686.jpg');
INSERT INTO movie_genres (movie_id, genre_id) VALUES (1427, 80);
INSERT INTO movie_genres (movie_id, genre_id) VALUES (1427, 14);
INSERT INTO movie_genres (movie_id, genre_id) VALUES (1427, 18);
INSERT INTO movies (id, title, release_date, description, poster_path) VALUES (114, 'Pretty Woman', '1990-03-23', 'While on a business trip in Los Angeles, Edward Lewis, a millionaire entrepreneur who makes a living buying and breaking up companies, picks up a prostitute, Vivian, while asking for directions; after, Edward hires Vivian to stay with him for the weekend to accompany him to a few social events, and the two get closer only to discover there are significant hurdles to overcome as they try to bridge the gap between their very different worlds.', '/hVHUfT801LQATGd26VPzhorIYza.jpg');
INSERT INTO movie_genres (movie_id, genre_id) VALUES (114, 10749);
INSERT INTO movie_genres (movie_id, genre_id) VALUES (114, 35);
INSERT INTO movies (id, title, release_date, description, poster_path) VALUES (937278, 'A Man Called Otto', '2022-12-28', 'When a lively young family moves in next door, grumpy widower Otto Anderson meets his match in a quick-witted, pregnant woman named Marisol, leading to an unlikely friendship that turns his world upside down.', '/130H1gap9lFfiTF9iDrqNIkFvC9.jpg');
INSERT INTO movie_genres (movie_id, genre_id) VALUES (937278, 35);
INSERT INTO movie_genres (movie_id, genre_id) VALUES (937278, 18);
INSERT INTO movies (id, title, release_date, description, poster_path) VALUES (871, 'Planet of the Apes', '1968-02-07', 'Astronaut Taylor crash lands on a distant planet ruled by apes who use a primitive race of humans for experimentation and sport. Soon Taylor finds himself among the hunted, his life in the hands of a benevolent chimpanzee scientist.', '/2r9iKnlSYEk4daQadsXfcjHfIjQ.jpg');
INSERT INTO movie_genres (movie_id, genre_id) VALUES (871, 878);
INSERT INTO movie_genres (movie_id, genre_id) VALUES (871, 12);
INSERT INTO movie_genres (movie_id, genre_id) VALUES (871, 18);
INSERT INTO movie_genres (movie_id, genre_id) VALUES (871, 28);
INSERT INTO movies (id, title, release_date, description, poster_path) VALUES (348350, 'Solo: A Star Wars Story', '2018-05-15', 'Through a series of daring escapades deep within a dark and dangerous criminal underworld, Han Solo meets his mighty future copilot Chewbacca and encounters the notorious gambler Lando Calrissian.', '/4oD6VEccFkorEBTEDXtpLAaz0Rl.jpg');
INSERT INTO movie_genres (movie_id, genre_id) VALUES (348350, 878);
INSERT INTO movie_genres (movie_id, genre_id) VALUES (348350, 12);
INSERT INTO movie_genres (movie_id, genre_id) VALUES (348350, 28);
INSERT INTO movies (id, title, release_date, description, poster_path) VALUES (19913, '(500) Days of Summer', '2009-07-17', 'Tom, greeting-card writer and hopeless romantic, is caught completely off-guard when his girlfriend, Summer, suddenly dumps him. He reflects on their 500 days together to try to figure out where their love affair went sour, and in doing so, Tom rediscovers his true passions in life.', '/qXAuQ9hF30sQRsXf40OfRVl0MJZ.jpg');
INSERT INTO movie_genres (movie_id, genre_id) VALUES (19913, 35);
INSERT INTO movie_genres (movie_id, genre_id) VALUES (19913, 18);
INSERT INTO movie_genres (movie_id, genre_id) VALUES (19913, 10749);
INSERT INTO movies (id, title, release_date, description, poster_path) VALUES (4348, 'Pride & Prejudice', '2005-09-16', 'A story of love and life among the landed English gentry during the Georgian era. Mr. Bennet is a gentleman living in Hertfordshire with his overbearing wife and five daughters, but if he dies their house will be inherited by a distant cousin whom they have never met, so the family''s future happiness and security is dependent on the daughters making good marriages.', '/v5gShop7147X33ytbcC2u05KDuc.jpg');
INSERT INTO movie_genres (movie_id, genre_id) VALUES (4348, 18);
INSERT INTO movie_genres (movie_id, genre_id) VALUES (4348, 10749);
INSERT INTO movies (id, title, release_date, description, poster_path) VALUES (82507, 'Sinister', '2012-03-29', 'True-crime writer Ellison Oswald is in a slump; he hasn''t had a best seller in more than 10 years and is becoming increasingly desperate for a hit. So, when he discovers the existence of a snuff film showing the deaths of a family, he vows to solve the mystery. He moves his own family into the victims'' home and gets to work. However, when old film footage and other clues hint at the presence of a supernatural force, Ellison learns that living in the house may be fatal.', '/nzx10sca3arCeYBAomHan4Q6wa1.jpg');
INSERT INTO movie_genres (movie_id, genre_id) VALUES (82507, 27);
INSERT INTO movie_genres (movie_id, genre_id) VALUES (82507, 53);
INSERT INTO movie_genres (movie_id, genre_id) VALUES (82507, 9648);
INSERT INTO movies (id, title, release_date, description, poster_path) VALUES (1400288, 'Deaf President Now!', '2025-01-28', 'Discover the story of the greatest civil rights movement most people have never heard about. During eight tumultuous days in 1988 at the world''s only Deaf university, four students must find a way to lead a revolution—and change the course of history.', '/hbTq1jfuGtLo1pdAY0gcbJcCWlF.jpg');
INSERT INTO movie_genres (movie_id, genre_id) VALUES (1400288, 99);
INSERT INTO movies (id, title, release_date, description, poster_path) VALUES (1229262, 'I Don''t Understand You', '2024-03-08', 'Stranded in rural Italy without transportation or language skills, an American couple on the verge of adopting tries to reconnect during a disastrous vacation, as their fears and relationship problems threaten to boil over.', '/rnPE7UJrM0NvmbL97vy5wY2LIdj.jpg');
INSERT INTO movie_genres (movie_id, genre_id) VALUES (1229262, 27);
INSERT INTO movie_genres (movie_id, genre_id) VALUES (1229262, 35);
INSERT INTO movies (id, title, release_date, description, poster_path) VALUES (500, 'Reservoir Dogs', '1992-09-02', 'A botched robbery indicates a police informant, and the pressure mounts in the aftermath at a warehouse. Crime begets violence as the survivors -- veteran Mr. White, newcomer Mr. Orange, psychopathic parolee Mr. Blonde, bickering weasel Mr. Pink and Nice Guy Eddie -- unravel.', '/xi8Iu6qyTfyZVDVy60raIOYJJmk.jpg');
INSERT INTO movie_genres (movie_id, genre_id) VALUES (500, 80);
INSERT INTO movie_genres (movie_id, genre_id) VALUES (500, 53);
INSERT INTO movies (id, title, release_date, description, poster_path) VALUES (604, 'The Matrix Reloaded', '2003-05-15', 'The Resistance builds in numbers as humans are freed from the Matrix and brought to the city of Zion. Neo discovers his superpowers, including the ability to see the code inside the Matrix. With machine sentinels digging to Zion in 72 hours, Neo, Morpheus and Trinity must find the Keymaker to ultimately reach the Source.', '/9TGHDvWrqKBzwDxDodHYXEmOE6J.jpg');
INSERT INTO movie_genres (movie_id, genre_id) VALUES (604, 12);
INSERT INTO movie_genres (movie_id, genre_id) VALUES (604, 28);
INSERT INTO movie_genres (movie_id, genre_id) VALUES (604, 53);
INSERT INTO movie_genres (movie_id, genre_id) VALUES (604, 878);
INSERT INTO movies (id, title, release_date, description, poster_path) VALUES (115724, 'Do You Know Me', '2009-05-17', 'Ellie Carter is recently graduated and has it all. While celebrating with friend and boyfriend, she comes across a milk carton with a picture of a missing child that looks a lot like her. As a prank, they call the toll free number and she realizes that this person could be her. The more she finds out, the closer she gets to getting herself and beloved ones killed.', '/uY2yDcBvTl86RJ6Qg3sBsrYBMBi.jpg');
INSERT INTO movie_genres (movie_id, genre_id) VALUES (115724, 80);
INSERT INTO movie_genres (movie_id, genre_id) VALUES (115724, 9648);
INSERT INTO movie_genres (movie_id, genre_id) VALUES (115724, 53);
INSERT INTO movies (id, title, release_date, description, poster_path) VALUES (669384, 'Acquitted by Faith', '2020-02-20', 'Attorney Benjamin Stills is nearly sentenced to prison and finds faith in God after killing a teenage girl in an accidental car crash from texting while driving.', '/wp8tShWPBT7kr8q8JeUX1ci0NXY.jpg');
INSERT INTO movie_genres (movie_id, genre_id) VALUES (669384, 18);
INSERT INTO movies (id, title, release_date, description, poster_path) VALUES (855, 'Black Hawk Down', '2001-12-28', 'When U.S. Rangers and an elite Delta Force team attempt to kidnap two underlings of a Somali warlord, their Black Hawk helicopters are shot down, and the Americans suffer heavy casualties, facing intense fighting from the militia on the ground.', '/imGygQbmuc7gC1JZiAVhJLsUWXq.jpg');
INSERT INTO movie_genres (movie_id, genre_id) VALUES (855, 28);
INSERT INTO movie_genres (movie_id, genre_id) VALUES (855, 10752);
INSERT INTO movie_genres (movie_id, genre_id) VALUES (855, 36);
INSERT INTO movies (id, title, release_date, description, poster_path) VALUES (1267, 'Meet the Robinsons', '2007-03-23', 'Lewis, a brilliant young inventor, is keen on creating a time machine to find his mother, who abandoned him in an orphanage. Things take a turn when he meets Wilbur Robinson and his family.', '/naya0zF4kT401Sx15AtwB9vpcJr.jpg');
INSERT INTO movie_genres (movie_id, genre_id) VALUES (1267, 16);
INSERT INTO movie_genres (movie_id, genre_id) VALUES (1267, 35);
INSERT INTO movie_genres (movie_id, genre_id) VALUES (1267, 10751);
INSERT INTO movies (id, title, release_date, description, poster_path) VALUES (274857, 'King Arthur: Legend of the Sword', '2017-05-10', 'When the child Arthur’s father is murdered, Vortigern, Arthur’s uncle, seizes the crown. Robbed of his birthright and with no idea who he truly is, Arthur comes up the hard way in the back alleys of the city. But once he pulls the sword Excalibur from the stone, his life is turned upside down and he is forced to acknowledge his true legacy... whether he likes it or not.', '/9kKXH6eJpzoFGhCbTN3FVwSQK3n.jpg');
INSERT INTO movie_genres (movie_id, genre_id) VALUES (274857, 28);
INSERT INTO movie_genres (movie_id, genre_id) VALUES (274857, 18);
INSERT INTO movie_genres (movie_id, genre_id) VALUES (274857, 14);
INSERT INTO movies (id, title, release_date, description, poster_path) VALUES (62177, 'Brave', '2012-06-21', 'In the mystical Scottish Highlands, Merida is the princess of a kingdom ruled by King Fergus and Queen Elinor. An unruly daughter and an accomplished archer, Merida one day defies a sacred custom of the land and inadvertently brings turmoil to the kingdom. In an attempt to set things right, Merida seeks out an eccentric old Wise Woman and is granted an ill-fated wish. Also figuring into Merida''s quest — and serving as comic relief — are the kingdom''s three lords: the enormous Lord MacGuffin, the surly Lord Macintosh, and the disagreeable Lord Dingwall.', '/1XAuDtMWpL0sYSFK0R6EZate2Ux.jpg');
INSERT INTO movie_genres (movie_id, genre_id) VALUES (62177, 16);
INSERT INTO movie_genres (movie_id, genre_id) VALUES (62177, 12);
INSERT INTO movie_genres (movie_id, genre_id) VALUES (62177, 35);
INSERT INTO movie_genres (movie_id, genre_id) VALUES (62177, 10751);
INSERT INTO movie_genres (movie_id, genre_id) VALUES (62177, 28);
INSERT INTO movie_genres (movie_id, genre_id) VALUES (62177, 14);
INSERT INTO movies (id, title, release_date, description, poster_path) VALUES (840464, 'Greenland 2: Migration', '2026-01-08', 'Having found the safety of the Greenland bunker after the comet Clarke decimated the Earth, the Garrity family must now risk everything to embark on a perilous journey across the wasteland of Europe to find a new home.', '/tavHXD6ef95uZBxjHI2UakKXGnf.jpg');
INSERT INTO movie_genres (movie_id, genre_id) VALUES (840464, 28);
INSERT INTO movie_genres (movie_id, genre_id) VALUES (840464, 12);
INSERT INTO movie_genres (movie_id, genre_id) VALUES (840464, 53);
INSERT INTO movie_genres (movie_id, genre_id) VALUES (840464, 878);
INSERT INTO movies (id, title, release_date, description, poster_path) VALUES (72559, 'G.I. Joe: Retaliation', '2013-03-27', 'Framed for crimes against the country, the G.I. Joe team is terminated by Presidential order. This forces the G.I. Joes into not only fighting their mortal enemy Cobra; they are forced to contend with threats from within the government that jeopardize their very existence.', '/nZKk8XA0VrvRSdMQvBAF5Nzniwo.jpg');
INSERT INTO movie_genres (movie_id, genre_id) VALUES (72559, 28);
INSERT INTO movie_genres (movie_id, genre_id) VALUES (72559, 878);
INSERT INTO movie_genres (movie_id, genre_id) VALUES (72559, 12);
INSERT INTO movie_genres (movie_id, genre_id) VALUES (72559, 53);
INSERT INTO movies (id, title, release_date, description, poster_path) VALUES (333484, 'The Magnificent Seven', '2016-09-14', 'Looking to mine for gold, greedy industrialist Bartholomew Bogue seizes control of the Old West town of Rose Creek. With their lives in jeopardy, Emma Cullen and other desperate residents turn to bounty hunter Sam Chisolm for help. Chisolm recruits an eclectic group of gunslingers to take on Bogue and his ruthless henchmen. With a deadly showdown on the horizon, the seven mercenaries soon find themselves fighting for more than just money once the bullets start to fly.', '/ezcS78TIjgr85pVdaPDd2rSPVNs.jpg');
INSERT INTO movie_genres (movie_id, genre_id) VALUES (333484, 12);
INSERT INTO movie_genres (movie_id, genre_id) VALUES (333484, 28);
INSERT INTO movie_genres (movie_id, genre_id) VALUES (333484, 37);
INSERT INTO movies (id, title, release_date, description, poster_path) VALUES (23168, 'The Town', '2010-09-15', 'Doug MacRay is a longtime thief, who, smarter than the rest of his crew, is looking for his chance to exit the game. When a bank job leads to the group kidnapping an attractive branch manager, he takes on the role of monitoring her – but their burgeoning relationship threatens to unveil the identities of Doug and his crew to the FBI Agent who is on their case.', '/3NIzyXkfylsjflRKSz8Fts3lXzm.jpg');
INSERT INTO movie_genres (movie_id, genre_id) VALUES (23168, 80);
INSERT INTO movie_genres (movie_id, genre_id) VALUES (23168, 18);
INSERT INTO movie_genres (movie_id, genre_id) VALUES (23168, 53);
INSERT INTO movies (id, title, release_date, description, poster_path) VALUES (878361, 'Big George Foreman', '2023-04-27', 'Fueled by an impoverished childhood, George Foreman channeled his anger into becoming an Olympic Gold medalist and World Heavyweight Champion, followed by a near-death experience that took him from the boxing ring to the pulpit. But when he sees his community struggling spiritually and financially, Foreman returns to the ring and makes history by reclaiming his title, becoming the oldest and most improbable World Heavyweight Boxing Champion ever.', '/fdVd6thTstt0MQ4dUC1IXiOXpxv.jpg');
INSERT INTO movie_genres (movie_id, genre_id) VALUES (878361, 36);
INSERT INTO movie_genres (movie_id, genre_id) VALUES (878361, 18);
INSERT INTO movies (id, title, release_date, description, poster_path) VALUES (820446, 'Downton Abbey: A New Era', '2022-04-27', 'The Crawley family goes on a grand journey to the south of France to uncover the mystery of the dowager countess''s newly inherited villa. Meanwhile, a Hollywood director seeks to film his latest production at Downton.', '/r5n4CLoIjUcnT3shWDi6MHdJ25a.jpg');
INSERT INTO movie_genres (movie_id, genre_id) VALUES (820446, 18);
INSERT INTO movie_genres (movie_id, genre_id) VALUES (820446, 10749);
INSERT INTO movies (id, title, release_date, description, poster_path) VALUES (10665, 'The Strangers', '2008-05-29', 'After a 4 a.m. knock at the door and haunting voices, Kristen McKay and James Hoyt’s remote getaway becomes a psychological night of terror as three masked strangers invade. Now they must go far beyond what they thought themselves capable of if they hope to survive.', '/gwsg4qFmLOvlhwXj4OZuxfFUdP0.jpg');
INSERT INTO movie_genres (movie_id, genre_id) VALUES (10665, 27);
INSERT INTO movie_genres (movie_id, genre_id) VALUES (10665, 53);
INSERT INTO movies (id, title, release_date, description, poster_path) VALUES (1593, 'Night at the Museum', '2006-12-20', 'Chaos reigns at the natural history museum when night watchman Larry Daley accidentally stirs up an ancient curse, awakening Attila the Hun, an army of gladiators, a Tyrannosaurus rex and other exhibits.', '/pDsAAYf6Zn0yiAGJ6lYGs6hoZ4E.jpg');
INSERT INTO movie_genres (movie_id, genre_id) VALUES (1593, 28);
INSERT INTO movie_genres (movie_id, genre_id) VALUES (1593, 12);
INSERT INTO movie_genres (movie_id, genre_id) VALUES (1593, 35);
INSERT INTO movie_genres (movie_id, genre_id) VALUES (1593, 10751);
INSERT INTO movie_genres (movie_id, genre_id) VALUES (1593, 14);
INSERT INTO movies (id, title, release_date, description, poster_path) VALUES (7131, 'Van Helsing', '2004-05-03', 'Famed monster slayer Gabriel Van Helsing is dispatched to Transylvania to assist the last of the Valerious bloodline in defeating Count Dracula. Anna Valerious reveals that Dracula has formed an unholy alliance with Dr. Frankenstein''s monster and is hell-bent on exacting a centuries-old curse on her family.', '/gsFun8nATm52aGHeT8ueAel98nE.jpg');
INSERT INTO movie_genres (movie_id, genre_id) VALUES (7131, 27);
INSERT INTO movie_genres (movie_id, genre_id) VALUES (7131, 12);
INSERT INTO movie_genres (movie_id, genre_id) VALUES (7131, 28);
INSERT INTO movies (id, title, release_date, description, poster_path) VALUES (566011, 'Curse of the Blind Dead', '2019-10-31', 'In the Thirteenth century, a group of Satan worshipers, the Knights Templar, are captured during a ritual and brutally murdered by the locals. Just before the execution, the Knights swear to return from their graves to haunt the village and the nearby forest. Centuries later, in a post-apocalyptic future, a man and his daughter try to survive against both the undead Knights and a sect commanded by a mad preacher.', '/jLVpZFG6oWBhbyTvp8SNWbMHJpY.jpg');
INSERT INTO movie_genres (movie_id, genre_id) VALUES (566011, 27);
INSERT INTO movies (id, title, release_date, description, poster_path) VALUES (1090007, 'First Shift', '2024-08-30', 'NYPD veteran Mike and rookie Angela tackle a high-stakes day on New York''s toughest streets, diving headfirst into a vortex of danger and action. Their adrenaline-fueled pursuits and unexpected threats unfold as they navigate perilous encounters. Amidst the chaos, intense challenges forge unbreakable bonds.', '/ajsGI4JYaciPIe3gPgiJ3Vw5Vre.jpg');
INSERT INTO movie_genres (movie_id, genre_id) VALUES (1090007, 80);
INSERT INTO movie_genres (movie_id, genre_id) VALUES (1090007, 53);
INSERT INTO movie_genres (movie_id, genre_id) VALUES (1090007, 28);
INSERT INTO movies (id, title, release_date, description, poster_path) VALUES (341174, 'Fifty Shades Darker', '2017-02-08', 'When a wounded Christian Grey tries to entice a cautious Ana Steele back into his life, she demands a new arrangement before she will give him another chance. As the two begin to build trust and find stability, shadowy figures from Christian’s past start to circle the couple, determined to destroy their hopes for a future together.', '/w3qa274gvca9t8pkUoG8nfQgTU3.jpg');
INSERT INTO movie_genres (movie_id, genre_id) VALUES (341174, 18);
INSERT INTO movie_genres (movie_id, genre_id) VALUES (341174, 10749);
INSERT INTO movies (id, title, release_date, description, poster_path) VALUES (6877, 'Failure to Launch', '2006-03-10', 'At 35, Tripp has an interesting job, a hip car, a passion for sailing, an active dating life, and a great house - trouble is, he still lives with his parents, Al and Sue, who are not happy about it. Al and Sue are fascinated when friends whose adult son has recently moved away from home reveal they hired an expert to help. In desperation to push Tripp out of the nest once and for all, Al and Sue hatch a plan to hire Paula, an "interventionist," who has a formula in these cases.', '/omReuKQ8ItWYD5pOLmsKh3MF24w.jpg');
INSERT INTO movie_genres (movie_id, genre_id) VALUES (6877, 10749);
INSERT INTO movie_genres (movie_id, genre_id) VALUES (6877, 35);
INSERT INTO movies (id, title, release_date, description, poster_path) VALUES (1051896, 'Arcadian', '2024-04-12', 'In the near future, on a decimated Earth, Paul and his twin sons face terror at night when ferocious creatures awaken. When Paul is nearly killed, the boys come up with a plan for survival, using everything their father taught them to keep him alive.', '/h4T8Xeydkw53h9uIbulYsss25UF.jpg');
INSERT INTO movie_genres (movie_id, genre_id) VALUES (1051896, 28);
INSERT INTO movie_genres (movie_id, genre_id) VALUES (1051896, 27);
INSERT INTO movie_genres (movie_id, genre_id) VALUES (1051896, 53);
INSERT INTO movie_genres (movie_id, genre_id) VALUES (1051896, 878);
INSERT INTO movies (id, title, release_date, description, poster_path) VALUES (71677, 'Assassination Games', '2011-07-28', 'Brazil is a contract killer, willing to take any job if the price is right. Flint left the assassin game when a ruthless drug dealer’s brutal attack left his wife in a coma. When a contract is put out on the same coldblooded drug dealer, both Brazil and Flint want him dead – one for the money, the other for revenge. With crooked Interpol agents and vicious members of the criminal underworld hot on their trail, these two assassins reluctantly join forces to quickly take out their target before they themselves are terminated.', '/quJ0kXiQmP7rOg1m6WGmallQiJQ.jpg');
INSERT INTO movie_genres (movie_id, genre_id) VALUES (71677, 28);
INSERT INTO movie_genres (movie_id, genre_id) VALUES (71677, 80);
INSERT INTO movie_genres (movie_id, genre_id) VALUES (71677, 18);
INSERT INTO movie_genres (movie_id, genre_id) VALUES (71677, 53);
INSERT INTO movies (id, title, release_date, description, poster_path) VALUES (510, 'One Flew Over the Cuckoo''s Nest', '1975-11-19', 'A petty criminal fakes insanity to serve his sentence in a mental ward rather than prison. He soon finds himself as a leader to the other patients—and an enemy to the cruel, domineering nurse who runs the ward.', '/kjWsMh72V6d8KRLV4EOoSJLT1H7.jpg');
INSERT INTO movie_genres (movie_id, genre_id) VALUES (510, 18);
INSERT INTO movies (id, title, release_date, description, poster_path) VALUES (1359, 'American Psycho', '2000-04-13', 'A wealthy New York investment banking executive hides his alternate psychopathic ego from his co-workers and friends as he escalates deeper into his illogical, gratuitous fantasies.', '/9uGHEgsiUXjCNq8wdq4r49YL8A1.jpg');
INSERT INTO movie_genres (movie_id, genre_id) VALUES (1359, 53);
INSERT INTO movie_genres (movie_id, genre_id) VALUES (1359, 18);
INSERT INTO movie_genres (movie_id, genre_id) VALUES (1359, 80);
INSERT INTO movies (id, title, release_date, description, poster_path) VALUES (402, 'Basic Instinct', '1992-03-20', 'Catherine, a novelist with an insatiable sexual appetite, becomes a prime suspect when her boyfriend is brutally murdered -- a crime she had described in her latest story.', '/76Ts0yoHk8kVQj9MMnoMixhRWoh.jpg');
INSERT INTO movie_genres (movie_id, genre_id) VALUES (402, 53);
INSERT INTO movie_genres (movie_id, genre_id) VALUES (402, 9648);
INSERT INTO movies (id, title, release_date, description, poster_path) VALUES (1134055, 'Kill Shot', '2023-08-15', 'Posing as hunters, a group of terrorists are in search of $100 million that was stolen and lost in a plane crash en route from Afghanistan.', '/5kCEHZnUeAZFJvE3l8K5OYjIwjj.jpg');
INSERT INTO movie_genres (movie_id, genre_id) VALUES (1134055, 28);
INSERT INTO movies (id, title, release_date, description, poster_path) VALUES (974931, 'Totally Killer', '2023-09-28', 'When the infamous "Sweet Sixteen Killer" returns 35 years after his first murder spree to claim another victim, 17-year-old Jamie accidentally travels back in time to 1987, determined to stop the killer before he can start.', '/52YBwGJ3cJs54fpBzwnT1lnqgTo.jpg');
INSERT INTO movie_genres (movie_id, genre_id) VALUES (974931, 27);
INSERT INTO movie_genres (movie_id, genre_id) VALUES (974931, 35);
INSERT INTO movie_genres (movie_id, genre_id) VALUES (974931, 878);
INSERT INTO movies (id, title, release_date, description, poster_path) VALUES (4256, 'Scary Movie 3', '2003-10-24', 'In the third installment of the Scary Movie franchise, news anchorwoman Cindy Campbell has to investigate mysterious crop circles and killing video tapes, and help the President stop an alien invasion in the process.', '/lpNG1nx67rvYze1b1R9q0YoSzrC.jpg');
INSERT INTO movie_genres (movie_id, genre_id) VALUES (4256, 35);
INSERT INTO movies (id, title, release_date, description, poster_path) VALUES (10037, 'The Hunt for Eagle One: Crash Point', '2006-06-27', 'The Strike Force team is back in this action-packed sequel to "The Hunt For Eagle One"! Terrorists have stolen a Ground Control Encoder...', '/ltOL7KkaecCYp8mDHaQqscqRN2h.jpg');
INSERT INTO movie_genres (movie_id, genre_id) VALUES (10037, 28);
INSERT INTO movie_genres (movie_id, genre_id) VALUES (10037, 12);
INSERT INTO movie_genres (movie_id, genre_id) VALUES (10037, 53);
INSERT INTO movies (id, title, release_date, description, poster_path) VALUES (346910, 'The Predator', '2018-09-05', 'When a young boy accidentally triggers the universe''s most lethal hunters'' return to Earth, only a ragtag crew of ex-soldiers and a disgruntled scientist can prevent the end of the human race.', '/a3eWGF6YPF7No5Rbtjc8QpDvz7l.jpg');
INSERT INTO movie_genres (movie_id, genre_id) VALUES (346910, 878);
INSERT INTO movie_genres (movie_id, genre_id) VALUES (346910, 28);
INSERT INTO movie_genres (movie_id, genre_id) VALUES (346910, 53);
INSERT INTO movies (id, title, release_date, description, poster_path) VALUES (18943, 'Ernest Goes to Jail', '1990-04-06', 'Bumbling bank janitor Ernest P. Worrell is assigned to jury duty, and soon finds himself in trouble when he is covertly switched with a look-a-like crime boss. Ernest must escape from jail to expose the mix-up.', '/w1k8SgODFQOk9wHjX4mi8QdkYAO.jpg');
INSERT INTO movie_genres (movie_id, genre_id) VALUES (18943, 35);
INSERT INTO movie_genres (movie_id, genre_id) VALUES (18943, 10751);
INSERT INTO movie_genres (movie_id, genre_id) VALUES (18943, 80);
INSERT INTO movies (id, title, release_date, description, poster_path) VALUES (122906, 'About Time', '2013-09-04', 'The night after another unsatisfactory New Year''s party, Tim''s father tells his son that the men in his family have always had the ability to travel through time. They can''t change history, but they can change what happens and has happened in their own lives. Thus begins the start of a lesson in learning to appreciate life itself as it is, as it comes, and most importantly, the people living alongside us.', '/iR1bVfURbN7r1C46WHFbwCkVve.jpg');
INSERT INTO movie_genres (movie_id, genre_id) VALUES (122906, 18);
INSERT INTO movie_genres (movie_id, genre_id) VALUES (122906, 10749);
INSERT INTO movie_genres (movie_id, genre_id) VALUES (122906, 14);
INSERT INTO movies (id, title, release_date, description, poster_path) VALUES (1222064, 'River of Blood', '2024-08-29', 'Four kayakers take the wrong river into a jungle inhabited by a tribe of merciless cannibals.', '/7lkm4eAvHy1uCs48GEwMxgwNdgd.jpg');
INSERT INTO movie_genres (movie_id, genre_id) VALUES (1222064, 27);
INSERT INTO movie_genres (movie_id, genre_id) VALUES (1222064, 53);
INSERT INTO movies (id, title, release_date, description, poster_path) VALUES (365177, 'Borderlands', '2024-08-07', 'Returning to her home planet, an infamous bounty hunter forms an unexpected alliance with a team of unlikely heroes. Together, they battle monsters and dangerous bandits to protect a young girl who holds the key to unimaginable power.', '/4JGoZu1ZKFpMJTWAP35PCfkMgu8.jpg');
INSERT INTO movie_genres (movie_id, genre_id) VALUES (365177, 28);
INSERT INTO movie_genres (movie_id, genre_id) VALUES (365177, 878);
INSERT INTO movie_genres (movie_id, genre_id) VALUES (365177, 35);
INSERT INTO movies (id, title, release_date, description, poster_path) VALUES (812583, 'Wake Up Dead Man: A Knives Out Mystery', '2025-11-26', 'When young priest Jud Duplenticy is sent to assist charismatic firebrand Monsignor Jefferson Wicks, it’s clear that all is not well in the pews. After a sudden and seemingly impossible murder rocks the town, the lack of an obvious suspect prompts local police chief Geraldine Scott to join forces with renowned detective Benoit Blanc to unravel a mystery that defies all logic.', '/s353N9qz0RvmwGT8v8jDRQz0T9i.jpg');
INSERT INTO movie_genres (movie_id, genre_id) VALUES (812583, 35);
INSERT INTO movie_genres (movie_id, genre_id) VALUES (812583, 18);
INSERT INTO movie_genres (movie_id, genre_id) VALUES (812583, 9648);
INSERT INTO movies (id, title, release_date, description, poster_path) VALUES (1243341, 'Z-O-M-B-I-E-S 4: Dawn of the Vampires', '2025-07-10', 'A new adventure dawns for Zed and Addison when their summer road trip takes an unexpected detour, landing them in the middle of yet another monster rivalry: Daywalkers vs. Vampires. Tensions flare when Zed and Addison find themselves acting as camp counselors between the two opposing supernatural factions. With the help of Eliza and Willa, they must convince sworn enemies Nova and Victor to try to unite their warring worlds before an even greater threat endangers them all.', '/krrfKguKiToDlwRexetLsRsNtH6.jpg');
INSERT INTO movie_genres (movie_id, genre_id) VALUES (1243341, 10402);
INSERT INTO movie_genres (movie_id, genre_id) VALUES (1243341, 12);
INSERT INTO movie_genres (movie_id, genre_id) VALUES (1243341, 10749);
INSERT INTO movie_genres (movie_id, genre_id) VALUES (1243341, 35);
INSERT INTO movie_genres (movie_id, genre_id) VALUES (1243341, 10751);
INSERT INTO movies (id, title, release_date, description, poster_path) VALUES (637415, 'Enhanced', '2019-10-24', 'A group of mutant outcasts including a young woman with enhanced super strength find themselves being hunted down, one by one by a sinister government organization. But when an even stronger enhanced serial killer emerges on the scene, agents and mutants are forced to question their allegiances.', '/b0vSMHuwXatB7V7ck6NdogCQrPW.jpg');
INSERT INTO movie_genres (movie_id, genre_id) VALUES (637415, 28);
INSERT INTO movie_genres (movie_id, genre_id) VALUES (637415, 878);
INSERT INTO movies (id, title, release_date, description, poster_path) VALUES (9273, 'Ace Ventura: When Nature Calls', '1995-11-10', 'Summoned from an ashram in Tibet, Ace finds himself on a perilous journey into the jungles of Africa to find Shikaka, the missing sacred animal of the friendly Wachati tribe. He must accomplish this before the wedding of the Wachati''s Princess to the prince of the warrior Wachootoos. If Ace fails, the result will be a vicious tribal war.', '/wcinCf1ov2D6M3P7BBZkzQFOiIb.jpg');
INSERT INTO movie_genres (movie_id, genre_id) VALUES (9273, 80);
INSERT INTO movie_genres (movie_id, genre_id) VALUES (9273, 35);
INSERT INTO movie_genres (movie_id, genre_id) VALUES (9273, 12);
INSERT INTO movies (id, title, release_date, description, poster_path) VALUES (2454, 'The Chronicles of Narnia: Prince Caspian', '2008-05-15', 'One year after their incredible adventures in the Lion, the Witch and the Wardrobe, Peter, Edmund, Lucy and Susan Pevensie return to Narnia to aid a young prince whose life has been threatened by the evil King Miraz. Now, with the help of a colorful cast of new characters, including Trufflehunter the badger and Nikabrik the dwarf, the Pevensie clan embarks on an incredible quest to ensure that Narnia is returned to its rightful heir.', '/qxz3WIyjZiSKUhaTIEJ3c1GcC9z.jpg');
INSERT INTO movie_genres (movie_id, genre_id) VALUES (2454, 12);
INSERT INTO movie_genres (movie_id, genre_id) VALUES (2454, 10751);
INSERT INTO movie_genres (movie_id, genre_id) VALUES (2454, 14);
INSERT INTO movies (id, title, release_date, description, poster_path) VALUES (616, 'The Last Samurai', '2003-12-05', 'Nathan Algren is an American hired to instruct the Japanese army in the ways of modern warfare, which finds him learning to respect the samurai and the honorable principles that rule them. Pressed to destroy the samurai''s way of life in the name of modernization and open trade, Algren decides to become an ultimate warrior himself and to fight for their right to exist.', '/a8jmJPs5eZBARmnuEEvZwbjwyz4.jpg');
INSERT INTO movie_genres (movie_id, genre_id) VALUES (616, 18);
INSERT INTO movie_genres (movie_id, genre_id) VALUES (616, 28);
INSERT INTO movie_genres (movie_id, genre_id) VALUES (616, 10752);
INSERT INTO movies (id, title, release_date, description, poster_path) VALUES (646389, 'Plane', '2023-01-11', 'After a heroic job of successfully landing his storm-damaged aircraft in a war zone, a fearless pilot finds himself between the agendas of multiple militias planning to take the plane and its passengers hostage.', '/qi9r5xBgcc9KTxlOLjssEbDgO0J.jpg');
INSERT INTO movie_genres (movie_id, genre_id) VALUES (646389, 28);
INSERT INTO movie_genres (movie_id, genre_id) VALUES (646389, 12);
INSERT INTO movie_genres (movie_id, genre_id) VALUES (646389, 53);
INSERT INTO movies (id, title, release_date, description, poster_path) VALUES (901362, 'Trolls Band Together', '2023-10-12', 'When Branch''s brother, Floyd, is kidnapped for his musical talents by a pair of nefarious pop-star villains, Branch and Poppy embark on a harrowing and emotional journey to reunite the other brothers and rescue Floyd from a fate even worse than pop-culture obscurity.', '/bkpPTZUdq31UGDovmszsg2CchiI.jpg');
INSERT INTO movie_genres (movie_id, genre_id) VALUES (901362, 16);
INSERT INTO movie_genres (movie_id, genre_id) VALUES (901362, 10751);
INSERT INTO movie_genres (movie_id, genre_id) VALUES (901362, 10402);
INSERT INTO movie_genres (movie_id, genre_id) VALUES (901362, 14);
INSERT INTO movie_genres (movie_id, genre_id) VALUES (901362, 35);
INSERT INTO movies (id, title, release_date, description, poster_path) VALUES (921655, 'Rescued by Ruby', '2022-03-17', 'Chasing his dream to join an elite K-9 unit, a state trooper partners with a fellow underdog: clever but naughty shelter pup Ruby. Based on a true story.', '/tPlJEodEn0SSV4avo8KSawtlTlN.jpg');
INSERT INTO movie_genres (movie_id, genre_id) VALUES (921655, 10751);
INSERT INTO movie_genres (movie_id, genre_id) VALUES (921655, 18);
INSERT INTO movies (id, title, release_date, description, poster_path) VALUES (587792, 'Palm Springs', '2020-07-10', 'When carefree Nyles and reluctant maid of honor Sarah have a chance encounter at a Palm Springs wedding, things get complicated when they find themselves unable to escape the venue, themselves, or each other.', '/gnAfqiV7yO3Jq9IntTmwkcaICqc.jpg');
INSERT INTO movie_genres (movie_id, genre_id) VALUES (587792, 35);
INSERT INTO movie_genres (movie_id, genre_id) VALUES (587792, 10749);
INSERT INTO movie_genres (movie_id, genre_id) VALUES (587792, 878);
INSERT INTO movies (id, title, release_date, description, poster_path) VALUES (259316, 'Fantastic Beasts and Where to Find Them', '2016-11-16', 'In 1926, Newt Scamander arrives at the Magical Congress of the United States of America with a magically expanded briefcase, which houses a number of dangerous creatures and their habitats. When the creatures escape from the briefcase, it sends the American wizarding authorities after Newt, and threatens to strain even further the state of magical and non-magical relations.', '/h6NYfVUyM6CDURtZSnBpz647Ldd.jpg');
INSERT INTO movie_genres (movie_id, genre_id) VALUES (259316, 14);
INSERT INTO movie_genres (movie_id, genre_id) VALUES (259316, 12);
INSERT INTO movies (id, title, release_date, description, poster_path) VALUES (71943, 'House of Dark Shadows', '1970-09-09', 'Barnabas Collins searches for a cure for vampirism in order to marry a woman resembling his long-lost fiancée Josette.', '/uI2bfcqbuF4gowoqYx9422PzoS4.jpg');
INSERT INTO movie_genres (movie_id, genre_id) VALUES (71943, 18);
INSERT INTO movie_genres (movie_id, genre_id) VALUES (71943, 27);
INSERT INTO movie_genres (movie_id, genre_id) VALUES (71943, 53);
INSERT INTO movies (id, title, release_date, description, poster_path) VALUES (37135, 'Tarzan', '1999-06-17', 'Tarzan was a small orphan who was raised by an ape named Kala since he was a child. He believed that this was his family, but on an expedition Jane Porter is rescued by Tarzan. He then finds out that he''s human. Now Tarzan must make the decision as to which family he should belong to...', '/bTvHlcqiOjGa3lFtbrTLTM3zasY.jpg');
INSERT INTO movie_genres (movie_id, genre_id) VALUES (37135, 10751);
INSERT INTO movie_genres (movie_id, genre_id) VALUES (37135, 12);
INSERT INTO movie_genres (movie_id, genre_id) VALUES (37135, 16);
INSERT INTO movie_genres (movie_id, genre_id) VALUES (37135, 18);
INSERT INTO movies (id, title, release_date, description, poster_path) VALUES (76163, 'The Expendables 2', '2012-08-08', 'Mr. Church reunites the Expendables for what should be an easy paycheck, but when one of their men is murdered on the job, their quest for revenge puts them deep in enemy territory and up against an unexpected threat.', '/74rTIGyGoIu5KSxDVMdr8H3MtMo.jpg');
INSERT INTO movie_genres (movie_id, genre_id) VALUES (76163, 28);
INSERT INTO movie_genres (movie_id, genre_id) VALUES (76163, 12);
INSERT INTO movie_genres (movie_id, genre_id) VALUES (76163, 53);
INSERT INTO movies (id, title, release_date, description, poster_path) VALUES (2019, 'Hard Target', '1993-04-27', 'When a woman''s father goes missing, she enlists a local to aid in her search.  The pair soon discover that her father has died at the hands of a wealthy sportsman who hunts homeless men as a form of recreation.', '/mXCM7pmUFUGp7QzSmare3RITe6n.jpg');
INSERT INTO movie_genres (movie_id, genre_id) VALUES (2019, 28);
INSERT INTO movie_genres (movie_id, genre_id) VALUES (2019, 53);
INSERT INTO movie_genres (movie_id, genre_id) VALUES (2019, 80);
INSERT INTO movies (id, title, release_date, description, poster_path) VALUES (17379, 'Last Holiday', '2006-01-13', 'The discovery that she has a terminal illness prompts introverted department store saleswoman Georgia Byrd to reflect on what she realizes has been an overly cautious life. With weeks to live, she withdraws her life savings, sells all her possessions and jets off to Europe where she lives it up at a posh hotel. Upbeat and passionate, Georgia charms everybody she meets, including renowned Chef Didier. The only one missing from her new life is her longtime crush Sean Matthews.', '/hRNZszPHjIpYGlrMN3o4f6f6cVd.jpg');
INSERT INTO movie_genres (movie_id, genre_id) VALUES (17379, 12);
INSERT INTO movie_genres (movie_id, genre_id) VALUES (17379, 35);
INSERT INTO movie_genres (movie_id, genre_id) VALUES (17379, 18);
INSERT INTO movies (id, title, release_date, description, poster_path) VALUES (894169, 'Vendetta', '2022-05-17', 'When his daughter is murdered, William Duncan takes the law into his own hands, setting out on a quest for retribution. After killing the street thug responsible for her death, he finds himself in the middle of a war with the thug''s brother, father, and their gang, who are equally hell-bent on getting even. What ensues is a tense back-and-forth game of vengeance. By the end, William comes to find that the quest for revenge never has a winner.', '/bvhmqU6GUkigo6SSYL3ttkBhNER.jpg');
INSERT INTO movie_genres (movie_id, genre_id) VALUES (894169, 28);
INSERT INTO movie_genres (movie_id, genre_id) VALUES (894169, 80);
INSERT INTO movies (id, title, release_date, description, poster_path) VALUES (9737, 'Bad Boys', '1995-04-07', 'Marcus Burnett is a henpecked family man. Mike Lowrey is a footloose and fancy free ladies'' man. Both Miami policemen, they have 72 hours to reclaim a consignment of drugs stolen from under their station''s nose. To complicate matters, in order to get the assistance of the sole witness to a murder, they have to pretend to be each other.', '/x1ygBecKHfXX4M2kRhmFKWfWbJc.jpg');
INSERT INTO movie_genres (movie_id, genre_id) VALUES (9737, 28);
INSERT INTO movie_genres (movie_id, genre_id) VALUES (9737, 35);
INSERT INTO movie_genres (movie_id, genre_id) VALUES (9737, 80);
INSERT INTO movie_genres (movie_id, genre_id) VALUES (9737, 53);
INSERT INTO movies (id, title, release_date, description, poster_path) VALUES (1214931, 'Nuremberg', '2025-11-06', 'In postwar Germany, an American psychiatrist must determine whether Nazi prisoners are fit to go on trial for war crimes, and finds himself in a complex battle of intellect and ethics with Hermann Göring, Hitler’s right-hand man.', '/o6cmowTTSyzBVQGfohc20h0UGSf.jpg');
INSERT INTO movie_genres (movie_id, genre_id) VALUES (1214931, 36);
INSERT INTO movie_genres (movie_id, genre_id) VALUES (1214931, 18);
INSERT INTO movie_genres (movie_id, genre_id) VALUES (1214931, 53);
INSERT INTO movie_genres (movie_id, genre_id) VALUES (1214931, 10752);
INSERT INTO movies (id, title, release_date, description, poster_path) VALUES (49018, 'Insidious', '2011-03-31', 'A family discovers that dark spirits have invaded their home after their son inexplicably falls into an endless sleep. When they reach out to a professional for help, they learn things are a lot more personal than they thought.', '/tmlDFIUpGRKiuWm9Ixc6CYDk4y0.jpg');
INSERT INTO movie_genres (movie_id, genre_id) VALUES (49018, 27);
INSERT INTO movie_genres (movie_id, genre_id) VALUES (49018, 53);
INSERT INTO movies (id, title, release_date, description, poster_path) VALUES (11237, 'Anacondas: The Hunt for the Blood Orchid', '2004-08-25', 'A scientific expedition sets out for Borneo to seek a flower called the Blood Orchid, which could grant extended life. Meanwhile, they run afoul of snakes and each other.', '/ceMVASYCqV8dcdh20AcWf0lrJ8g.jpg');
INSERT INTO movie_genres (movie_id, genre_id) VALUES (11237, 12);
INSERT INTO movie_genres (movie_id, genre_id) VALUES (11237, 27);
INSERT INTO movie_genres (movie_id, genre_id) VALUES (11237, 53);
INSERT INTO movies (id, title, release_date, description, poster_path) VALUES (758336, 'Love Again', '2023-05-04', 'Mira Ray, dealing with the loss of her fiancé, John, sends a series of romantic texts to his old cell phone number… not realizing the number was reassigned to Rob Burns'' new work phone. Rob, a journalist, is captivated by the honesty in the beautifully confessional texts. When he’s assigned to write a profile of megastar Céline Dion, he enlists her help in figuring out how to meet Mira in person and win her heart.', '/koswMk0y7jGcyofV1sBccnNtY0B.jpg');
INSERT INTO movie_genres (movie_id, genre_id) VALUES (758336, 10749);
INSERT INTO movie_genres (movie_id, genre_id) VALUES (758336, 18);
INSERT INTO movie_genres (movie_id, genre_id) VALUES (758336, 35);
INSERT INTO movies (id, title, release_date, description, poster_path) VALUES (723072, 'Host', '2020-12-04', 'Six friends hire a medium to hold a séance via Zoom during lockdown — but they get far more than they bargained for as things quickly go wrong. When an evil spirit starts invading their homes, they begin to realise they might not survive the night.', '/h7dZpJDORYs5c56dydbrLFkEXpE.jpg');
INSERT INTO movie_genres (movie_id, genre_id) VALUES (723072, 27);
INSERT INTO movies (id, title, release_date, description, poster_path) VALUES (604685, 'Den of Thieves 2: Pantera', '2025-01-08', 'Big Nick is back on the hunt in Europe and closing in on Donnie, who is embroiled in the treacherous and unpredictable world of diamond thieves and the infamous Panther mafia, as they plot a massive heist of the world''s largest diamond exchange.', '/rxcyxxarD17xMliStDEhM6y2AYQ.jpg');
INSERT INTO movie_genres (movie_id, genre_id) VALUES (604685, 28);
INSERT INTO movie_genres (movie_id, genre_id) VALUES (604685, 80);
INSERT INTO movie_genres (movie_id, genre_id) VALUES (604685, 53);
INSERT INTO movies (id, title, release_date, description, poster_path) VALUES (1005331, 'Carry-On', '2024-12-05', 'An airport security officer races to outsmart a mysterious traveler forcing him to let a dangerous item slip onto a Christmas Eve flight.', '/sjMN7DRi4sGiledsmllEw5HJjPy.jpg');
INSERT INTO movie_genres (movie_id, genre_id) VALUES (1005331, 53);
INSERT INTO movie_genres (movie_id, genre_id) VALUES (1005331, 28);
INSERT INTO movies (id, title, release_date, description, poster_path) VALUES (697843, 'Extraction 2', '2023-06-09', 'Back from the brink of death, highly skilled commando Tyler Rake takes on another dangerous mission: saving the imprisoned family of a ruthless gangster.', '/7gKI9hpEMcZUQpNgKrkDzJpbnNS.jpg');
INSERT INTO movie_genres (movie_id, genre_id) VALUES (697843, 28);
INSERT INTO movie_genres (movie_id, genre_id) VALUES (697843, 53);
INSERT INTO movie_genres (movie_id, genre_id) VALUES (697843, 80);
INSERT INTO movies (id, title, release_date, description, poster_path) VALUES (7446, 'Tropic Thunder', '2008-08-09', 'A group of self-absorbed actors set out to make the most expensive war film ever. After ballooning costs force the studio to cancel the movie, the frustrated director refuses to stop shooting, leading his cast into the jungles of Southeast Asia, where they encounter real bad guys.', '/zAurB9mNxfYRoVrVjAJJwGV3sPg.jpg');
INSERT INTO movie_genres (movie_id, genre_id) VALUES (7446, 28);
INSERT INTO movie_genres (movie_id, genre_id) VALUES (7446, 35);
INSERT INTO movie_genres (movie_id, genre_id) VALUES (7446, 12);
INSERT INTO movie_genres (movie_id, genre_id) VALUES (7446, 10752);
INSERT INTO movies (id, title, release_date, description, poster_path) VALUES (17654, 'District 9', '2009-08-05', 'Thirty years ago, aliens arrive on Earth. Not to conquer or give aid, but to find refuge from their dying planet. Separated from humans in a South African area called District 9, the aliens are managed by Multi-National United, which is unconcerned with the aliens'' welfare but will do anything to master their advanced technology. When a company field agent contracts a mysterious virus that begins to alter his DNA, there is only one place he can hide: District 9.', '/tuGlQkqLxnodDSk6mp5c2wvxUEd.jpg');
INSERT INTO movie_genres (movie_id, genre_id) VALUES (17654, 878);
INSERT INTO movies (id, title, release_date, description, poster_path) VALUES (4257, 'Scary Movie 4', '2006-04-12', 'Cindy finds out the house she lives in is haunted by a little boy and goes on a quest to find out who killed him and why. Also, Alien "Tr-iPods" are invading the world and she has to uncover the secret in order to stop them.', '/sEqFdw1wLtY94RKCSPolsHWzn6r.jpg');
INSERT INTO movie_genres (movie_id, genre_id) VALUES (4257, 35);
INSERT INTO movies (id, title, release_date, description, poster_path) VALUES (24, 'Kill Bill: Vol. 1', '2003-10-10', 'An assassin is shot by her ruthless employer, Bill, and other members of their assassination circle – but she lives to plot her vengeance.', '/v7TaX8kXMXs5yFFGR41guUDNcnB.jpg');
INSERT INTO movie_genres (movie_id, genre_id) VALUES (24, 28);
INSERT INTO movie_genres (movie_id, genre_id) VALUES (24, 80);
INSERT INTO movies (id, title, release_date, description, poster_path) VALUES (1014779, 'The Figo Affair: The Transfer That Changed Football', '2022-08-25', 'This documentary spotlights one of the most contentious deals in football history and the extraordinary player at the center of the storm: Luís Figo.', '/cmUmwFRrgQguSPPut2SYzwNEQEY.jpg');
INSERT INTO movie_genres (movie_id, genre_id) VALUES (1014779, 99);
INSERT INTO movies (id, title, release_date, description, poster_path) VALUES (530915, '1917', '2019-12-25', 'At the height of the First World War, two young British soldiers must cross enemy territory and deliver a message that will stop a deadly attack on hundreds of soldiers.', '/iZf0KyrE25z1sage4SYFLCCrMi9.jpg');
INSERT INTO movie_genres (movie_id, genre_id) VALUES (530915, 10752);
INSERT INTO movie_genres (movie_id, genre_id) VALUES (530915, 36);
INSERT INTO movie_genres (movie_id, genre_id) VALUES (530915, 53);
INSERT INTO movies (id, title, release_date, description, poster_path) VALUES (695721, 'The Hunger Games: The Ballad of Songbirds & Snakes', '2023-11-15', '64 years before he becomes the tyrannical president of Panem, Coriolanus Snow sees a chance for a change in fortunes when he mentors Lucy Gray Baird, the female tribute from District 12.', '/lrkOYL5GBTFW9cgs9RlojxAcZZF.jpg');
INSERT INTO movie_genres (movie_id, genre_id) VALUES (695721, 18);
INSERT INTO movie_genres (movie_id, genre_id) VALUES (695721, 878);
INSERT INTO movie_genres (movie_id, genre_id) VALUES (695721, 12);
INSERT INTO movie_genres (movie_id, genre_id) VALUES (695721, 28);
INSERT INTO movies (id, title, release_date, description, poster_path) VALUES (812, 'Aladdin', '1992-11-25', 'In the boorish city of Agrabah, kind-hearted street urchin Aladdin and Princess Jasmine fall in love, although she can only marry a prince. He and power-hungry Grand Vizier Jafar vie for a magic lamp that can fulfill their wishes.', '/eLFfl7vS8dkeG1hKp5mwbm37V83.jpg');
INSERT INTO movie_genres (movie_id, genre_id) VALUES (812, 16);
INSERT INTO movie_genres (movie_id, genre_id) VALUES (812, 10751);
INSERT INTO movie_genres (movie_id, genre_id) VALUES (812, 12);
INSERT INTO movie_genres (movie_id, genre_id) VALUES (812, 14);
INSERT INTO movie_genres (movie_id, genre_id) VALUES (812, 10749);
INSERT INTO movies (id, title, release_date, description, poster_path) VALUES (312221, 'Creed', '2015-11-25', 'The former World Heavyweight Champion Rocky Balboa serves as a trainer and mentor to Adonis Johnson, the son of his late friend and former rival Apollo Creed.', '/1BfTsk5VWuw8FCocAhCyqnRbEzq.jpg');
INSERT INTO movie_genres (movie_id, genre_id) VALUES (312221, 18);
INSERT INTO movie_genres (movie_id, genre_id) VALUES (312221, 28);
INSERT INTO movies (id, title, release_date, description, poster_path) VALUES (37799, 'The Social Network', '2010-10-01', 'In 2003, Harvard undergrad and computer programmer Mark Zuckerberg begins work on a new concept that eventually turns into the global social network known as Facebook. Six years later, Mark is one of the youngest billionaires ever, but his unprecedented success leads to both personal and legal complications when he ends up on the receiving end of two lawsuits, one involving his former friend.', '/n0ybibhJtQ5icDqTp8eRytcIHJx.jpg');
INSERT INTO movie_genres (movie_id, genre_id) VALUES (37799, 18);
INSERT INTO movies (id, title, release_date, description, poster_path) VALUES (310, 'Bruce Almighty', '2003-05-23', 'Bruce Nolan toils as a "human interest" television reporter in Buffalo, NY, but despite his high ratings and the love of his beautiful girlfriend, Bruce remains unfulfilled. At the end of the worst day in his life, he angrily ridicules God — and the Almighty responds, endowing Bruce with all of His divine powers.', '/f0QqG14SZYYZcV4VWykVc5w13dz.jpg');
INSERT INTO movie_genres (movie_id, genre_id) VALUES (310, 14);
INSERT INTO movie_genres (movie_id, genre_id) VALUES (310, 35);
INSERT INTO movies (id, title, release_date, description, poster_path) VALUES (381288, 'Split', '2017-01-19', 'Though Kevin has evidenced 23 personalities to his trusted psychiatrist, Dr. Fletcher, there remains one still submerged who is set to materialize and dominate all the others. Compelled to abduct three teenage girls led by the willful, observant Casey, Kevin reaches a war for survival among all of those contained within him — as well as everyone around him — as the walls between his compartments shatter apart.', '/lli31lYTFpvxVBeFHWoe5PMfW5s.jpg');
INSERT INTO movie_genres (movie_id, genre_id) VALUES (381288, 27);
INSERT INTO movie_genres (movie_id, genre_id) VALUES (381288, 53);
INSERT INTO movies (id, title, release_date, description, poster_path) VALUES (481084, 'The Addams Family', '2019-10-10', 'The Addams family''s lives begin to unravel when they face-off against a treacherous, greedy crafty reality-TV host while also preparing for their extended family to arrive for a major celebration.', '/q1epO0eO8DWu8Vo8tPfvVlzW48T.jpg');
INSERT INTO movie_genres (movie_id, genre_id) VALUES (481084, 10751);
INSERT INTO movie_genres (movie_id, genre_id) VALUES (481084, 16);
INSERT INTO movie_genres (movie_id, genre_id) VALUES (481084, 35);
INSERT INTO movie_genres (movie_id, genre_id) VALUES (481084, 14);
INSERT INTO movies (id, title, release_date, description, poster_path) VALUES (744276, 'After Ever Happy', '2022-08-24', 'As a shocking truth about a couple''s families emerges, the two lovers discover they are not so different from each other. Tessa is no longer the sweet, simple, good girl she was when she met Hardin — any more than he is the cruel, moody boy she fell so hard for.', '/moogpu8rNkEjTgFyLXwhPghft5w.jpg');
INSERT INTO movie_genres (movie_id, genre_id) VALUES (744276, 10749);
INSERT INTO movie_genres (movie_id, genre_id) VALUES (744276, 18);
INSERT INTO movies (id, title, release_date, description, poster_path) VALUES (329, 'Jurassic Park', '1993-06-11', 'A wealthy entrepreneur secretly creates a theme park featuring living dinosaurs drawn from prehistoric DNA. Before opening day, he invites a team of experts and his two eager grandchildren to experience the park and help calm anxious investors. However, the park is anything but amusing as the security systems go off-line and the dinosaurs escape.', '/63viWuPfYQjRYLSZSZNq7dglJP5.jpg');
INSERT INTO movie_genres (movie_id, genre_id) VALUES (329, 12);
INSERT INTO movie_genres (movie_id, genre_id) VALUES (329, 878);
INSERT INTO movies (id, title, release_date, description, poster_path) VALUES (152601, 'Her', '2013-12-18', 'In the not so distant future, Theodore, a lonely writer, purchases a newly developed operating system designed to meet the user''s every need. To Theodore''s surprise, a romantic relationship develops between him and his operating system. This unconventional love story blends science fiction and romance in a sweet tale that explores the nature of love and the ways that technology isolates and connects us all.', '/eCOtqtfvn7mxGl6nfmq4b1exJRc.jpg');
INSERT INTO movie_genres (movie_id, genre_id) VALUES (152601, 10749);
INSERT INTO movie_genres (movie_id, genre_id) VALUES (152601, 878);
INSERT INTO movie_genres (movie_id, genre_id) VALUES (152601, 18);
INSERT INTO movies (id, title, release_date, description, poster_path) VALUES (9481, 'The Bone Collector', '1999-11-04', 'Lincoln Rhyme was the department''s top homicide detective and leading expert in criminal forensics until an injury left him paralyzed, depressed, and incapable of working. But when a gruesome murder in Manhattan leaves detectives baffled, they call on Rhyme to help solve the mystery. Amelia Donaghy, a rookie cop whose quick thinking preserved a gruesome murder scene, is enlisted by Rhyme to be his on-the-scene forensics expert. With Amelia reluctantly acting as Rhyme''s able-bodied go-between, the pair piece together cryptic clues the killer leaves behind at the scene of the crime, hoping to catch the grisly serial killer.', '/7atMCqRaDpAOnGsteTRm17zmvN3.jpg');
INSERT INTO movie_genres (movie_id, genre_id) VALUES (9481, 18);
INSERT INTO movie_genres (movie_id, genre_id) VALUES (9481, 9648);
INSERT INTO movie_genres (movie_id, genre_id) VALUES (9481, 53);
INSERT INTO movie_genres (movie_id, genre_id) VALUES (9481, 80);
INSERT INTO movies (id, title, release_date, description, poster_path) VALUES (1114894, 'Star Trek: Section 31', '2025-01-15', 'Emperor Philippa Georgiou joins a secret division of Starfleet tasked with protecting the United Federation of Planets and faces the sins of her past.', '/fNu6P4jYU55Cb3CC2SndtAKvois.jpg');
INSERT INTO movie_genres (movie_id, genre_id) VALUES (1114894, 878);
INSERT INTO movie_genres (movie_id, genre_id) VALUES (1114894, 12);
INSERT INTO movie_genres (movie_id, genre_id) VALUES (1114894, 28);
INSERT INTO movies (id, title, release_date, description, poster_path) VALUES (1248226, 'Playdate', '2025-11-11', 'When out-of-work accountant Brian joins stay-at-home dad Jeff for a playdate with their sons, he expects a laid-back afternoon. Instead, they''re chased by mercenaries, and Brian—totally unprepared—must survive one absurd obstacle after another.', '/f4yRRJ4649WT5ArfW1mXuBea9pr.jpg');
INSERT INTO movie_genres (movie_id, genre_id) VALUES (1248226, 28);
INSERT INTO movie_genres (movie_id, genre_id) VALUES (1248226, 35);
INSERT INTO movies (id, title, release_date, description, poster_path) VALUES (752, 'V for Vendetta', '2005-12-11', 'In a world in which Great Britain has become a fascist state, a masked vigilante known only as “V” conducts guerrilla warfare against the oppressive British government. When V rescues a young woman from the secret police, he finds in her an ally with whom he can continue his fight to free the people of Britain.', '/1avD1JeaRiJX5M4ahPdZPypGoGN.jpg');
INSERT INTO movie_genres (movie_id, genre_id) VALUES (752, 28);
INSERT INTO movie_genres (movie_id, genre_id) VALUES (752, 53);
INSERT INTO movie_genres (movie_id, genre_id) VALUES (752, 878);
INSERT INTO movies (id, title, release_date, description, poster_path) VALUES (281957, 'The Revenant', '2015-12-25', 'In the 1820s, a frontiersman, Hugh Glass, sets out on a path of vengeance against those who left him for dead after a bear mauling.', '/ji3ecJphATlVgWNY0B0RVXZizdf.jpg');
INSERT INTO movie_genres (movie_id, genre_id) VALUES (281957, 37);
INSERT INTO movie_genres (movie_id, genre_id) VALUES (281957, 18);
INSERT INTO movie_genres (movie_id, genre_id) VALUES (281957, 12);
INSERT INTO movies (id, title, release_date, description, poster_path) VALUES (437342, 'The First Omen', '2024-04-03', 'When a young American woman is sent to Rome to begin a life of service to the church, she encounters a darkness that causes her to question her own faith and uncovers a terrifying conspiracy that hopes to bring about the birth of evil incarnate.', '/tnsDyNNkOxYUyjD8CNJoAla6YvY.jpg');
INSERT INTO movie_genres (movie_id, genre_id) VALUES (437342, 27);
INSERT INTO movies (id, title, release_date, description, poster_path) VALUES (49963, 'Walking and Talking', '1996-07-17', 'Just as Amelia thinks she''s over her anxiety and insecurity, her best friend announces her engagement, bringing her anxiety and insecurity right back.', '/m8JMJQUfGwGt7gse8aoduAcTYE.jpg');
INSERT INTO movie_genres (movie_id, genre_id) VALUES (49963, 35);
INSERT INTO movie_genres (movie_id, genre_id) VALUES (49963, 18);
INSERT INTO movie_genres (movie_id, genre_id) VALUES (49963, 10749);
INSERT INTO movies (id, title, release_date, description, poster_path) VALUES (49963, 'Walking and Talking', '1996-07-17', 'Just as Amelia thinks she''s over her anxiety and insecurity, her best friend announces her engagement, bringing her anxiety and insecurity right back.', '/m8JMJQUfGwGt7gse8aoduAcTYE.jpg');
INSERT INTO movie_genres (movie_id, genre_id) VALUES (49963, 35);
INSERT INTO movie_genres (movie_id, genre_id) VALUES (49963, 18);
INSERT INTO movie_genres (movie_id, genre_id) VALUES (49963, 10749);
INSERT INTO movies (id, title, release_date, description, poster_path) VALUES (399579, 'Alita: Battle Angel', '2019-01-31', 'When Alita awakens with no memory of who she is in a future world she does not recognize, she is taken in by Ido, a compassionate doctor who realizes that somewhere in this abandoned cyborg shell is the heart and soul of a young woman with an extraordinary past.', '/xRWht48C2V8XNfzvPehyClOvDni.jpg');
INSERT INTO movie_genres (movie_id, genre_id) VALUES (399579, 28);
INSERT INTO movie_genres (movie_id, genre_id) VALUES (399579, 878);
INSERT INTO movie_genres (movie_id, genre_id) VALUES (399579, 12);
INSERT INTO movies (id, title, release_date, description, poster_path) VALUES (947891, 'My Old Ass', '2024-09-13', 'An 18th birthday mushroom trip brings free-spirited Elliott face-to-face with her wisecracking 39-year-old self. But when Elliott’s "old ass" starts handing out warnings about what her younger self should and shouldn''t do, Elliott realizes she has to rethink everything about family, love, and what''s becoming a transformative summer.', '/yUs4Sw9AyTg2sA1qWBkNpD2mGSj.jpg');
INSERT INTO movie_genres (movie_id, genre_id) VALUES (947891, 35);
INSERT INTO movie_genres (movie_id, genre_id) VALUES (947891, 18);
INSERT INTO movies (id, title, release_date, description, poster_path) VALUES (536554, 'M3GAN', '2022-12-28', 'A brilliant toy company roboticist uses artificial intelligence to develop M3GAN, a life-like doll programmed to emotionally bond with her newly orphaned niece. But when the doll''s programming works too well, she becomes overprotective of her new friend with terrifying results.', '/d9nBoowhjiiYc4FBNtQkPY7c11H.jpg');
INSERT INTO movie_genres (movie_id, genre_id) VALUES (536554, 878);
INSERT INTO movie_genres (movie_id, genre_id) VALUES (536554, 27);
INSERT INTO movies (id, title, release_date, description, poster_path) VALUES (3036, 'Mary Shelley''s Frankenstein', '1994-11-04', 'Victor Frankenstein is a promising young doctor who, devastated by the death of his mother during childbirth, becomes obsessed with bringing the dead back to life. His experiments lead to the creation of a monster, which Frankenstein has put together with the remains of corpses. It''s not long before Frankenstein regrets his actions.', '/bOwCAQsZlEKrwhPi1ejY6BS8jpL.jpg');
INSERT INTO movie_genres (movie_id, genre_id) VALUES (3036, 18);
INSERT INTO movie_genres (movie_id, genre_id) VALUES (3036, 27);
INSERT INTO movie_genres (movie_id, genre_id) VALUES (3036, 878);
INSERT INTO movie_genres (movie_id, genre_id) VALUES (3036, 10749);
INSERT INTO movies (id, title, release_date, description, poster_path) VALUES (64690, 'Drive', '2011-09-15', 'Driver is a skilled Hollywood stuntman who moonlights as a getaway driver for criminals. Though he projects an icy exterior, lately he''s been warming up to a pretty neighbor named Irene and her young son, Benicio. When Irene''s husband gets out of jail, he enlists Driver''s help in a million-dollar heist. The job goes horribly wrong, and Driver must risk his life to protect Irene and Benicio from the vengeful masterminds behind the robbery.', '/602vevIURmpDfzbnv5Ubi6wIkQm.jpg');
INSERT INTO movie_genres (movie_id, genre_id) VALUES (64690, 18);
INSERT INTO movie_genres (movie_id, genre_id) VALUES (64690, 53);
INSERT INTO movie_genres (movie_id, genre_id) VALUES (64690, 80);
INSERT INTO movies (id, title, release_date, description, poster_path) VALUES (974613, 'The Fabulous Four', '2024-07-26', 'Three lifelong friends travel to Key West, Florida to be bridesmaids in the surprise wedding of their college girlfriend Marilyn. Once there, sisterhoods are rekindled, the past rises up again in all its glory, and there’s enough sparks, drinks and romance to change all their lives in ways they never expected.', '/g7kZFm81LBr2wf34MAdKexkZ0NH.jpg');
INSERT INTO movie_genres (movie_id, genre_id) VALUES (974613, 35);
INSERT INTO movie_genres (movie_id, genre_id) VALUES (974613, 18);
INSERT INTO movies (id, title, release_date, description, poster_path) VALUES (5721, 'Vixen!', '1968-10-15', 'Vixen lives in a Canadian mountain resort with her naive pilot husband. While he''s away flying in tourists, she gets it on with practically everybody including a husband and his wife, and even her biker brother. She is openly racist, and she makes it clear that she won''t do the wild thing with her brother''s biker friend, who is black.', '/9KMZWDA3xTrlgrScqdMisINQmsh.jpg');
INSERT INTO movie_genres (movie_id, genre_id) VALUES (5721, 18);
INSERT INTO movies (id, title, release_date, description, poster_path) VALUES (445571, 'Game Night', '2018-02-15', 'Max and Annie''s weekly game night gets kicked up a notch when Max''s brother Brooks arranges a murder mystery party -- complete with fake thugs and federal agents. So when Brooks gets kidnapped, it''s all supposed to be part of the game. As the competitors set out to solve the case, they start to learn that neither the game nor Brooks are what they seem to be. The friends soon find themselves in over their heads as each twist leads to another unexpected turn over the course of one chaotic night.', '/85R8LMyn9f2Lev2YPBF8Nughrkv.jpg');
INSERT INTO movie_genres (movie_id, genre_id) VALUES (445571, 9648);
INSERT INTO movie_genres (movie_id, genre_id) VALUES (445571, 35);
INSERT INTO movie_genres (movie_id, genre_id) VALUES (445571, 80);
INSERT INTO movies (id, title, release_date, description, poster_path) VALUES (77174, 'ParaNorman', '2012-08-03', 'In the town of Blithe Hollow, Norman Babcock can speak to the dead, but no one other than his eccentric new friend believes his ability is real. One day, Norman''s eccentric uncle tells him of a ritual he must perform to protect the town from a curse cast by a witch centuries ago.', '/9DZPtuYTKYxt6vzHvZ5FLThG4fl.jpg');
INSERT INTO movie_genres (movie_id, genre_id) VALUES (77174, 10751);
INSERT INTO movie_genres (movie_id, genre_id) VALUES (77174, 16);
INSERT INTO movie_genres (movie_id, genre_id) VALUES (77174, 12);
INSERT INTO movie_genres (movie_id, genre_id) VALUES (77174, 35);
INSERT INTO movies (id, title, release_date, description, poster_path) VALUES (71676, 'Ghost Rider: Spirit of Vengeance', '2011-12-10', 'When the devil resurfaces with aims to take over the world in human form, Johnny Blaze reluctantly comes out of hiding to transform into the flame-spewing supernatural hero Ghost Rider -- and rescue a 10-year-old boy from an unsavory end.', '/fUJOWsjjE8u1r4YOLYe1RLYy7bm.jpg');
INSERT INTO movie_genres (movie_id, genre_id) VALUES (71676, 28);
INSERT INTO movie_genres (movie_id, genre_id) VALUES (71676, 14);
INSERT INTO movie_genres (movie_id, genre_id) VALUES (71676, 53);
INSERT INTO movies (id, title, release_date, description, poster_path) VALUES (10895, 'Pinocchio', '1940-02-23', 'A little wooden puppet yearns to become a real boy.', '/bnZJrLRnoQHpzEJdka1KYfsAF3N.jpg');
INSERT INTO movie_genres (movie_id, genre_id) VALUES (10895, 16);
INSERT INTO movie_genres (movie_id, genre_id) VALUES (10895, 10751);
INSERT INTO movie_genres (movie_id, genre_id) VALUES (10895, 14);
INSERT INTO movies (id, title, release_date, description, poster_path) VALUES (1091, 'The Thing', '1982-06-25', 'A twelve-man team at a remote Antarctic research station discovers an alien buried in the snow for over 100,000 years. Soon unfrozen, the form-changing creature wreaks havoc, creates terror... And becomes one of them.', '/tzGY49kseSE9QAKk47uuDGwnSCu.jpg');
INSERT INTO movie_genres (movie_id, genre_id) VALUES (1091, 27);
INSERT INTO movie_genres (movie_id, genre_id) VALUES (1091, 9648);
INSERT INTO movie_genres (movie_id, genre_id) VALUES (1091, 878);
INSERT INTO movies (id, title, release_date, description, poster_path) VALUES (73, 'American History X', '1998-07-01', 'Derek Vineyard is paroled after serving 3 years in prison for killing two African-American men. Through his brother, Danny Vineyard''s narration, we learn that before going to prison, Derek was a skinhead and the leader of a violent white supremacist gang that committed acts of racial crime throughout L.A. and his actions greatly influenced Danny. Reformed and fresh out of prison, Derek severs contact with the gang and becomes determined to keep Danny from going down the same violent path as he did.', '/x2drgoXYZ8484lqyDj7L1CEVR4T.jpg');
INSERT INTO movie_genres (movie_id, genre_id) VALUES (73, 18);
INSERT INTO movies (id, title, release_date, description, poster_path) VALUES (482725, 'The Lover in the Attic: A True Story', '2018-10-21', 'This is the lurid, true story about femme fatale Dolly, her murdered husband, and her lover, Otto -- the man in the attic. In the 1930s, Dolly met and seduced her repairman Otto... but she was already married to successful business man Fred.', '/hbiwrSYy1sav4wUOPBGZBmakmPn.jpg');
INSERT INTO movie_genres (movie_id, genre_id) VALUES (482725, 10770);
INSERT INTO movie_genres (movie_id, genre_id) VALUES (482725, 36);
INSERT INTO movie_genres (movie_id, genre_id) VALUES (482725, 18);
INSERT INTO movies (id, title, release_date, description, poster_path) VALUES (565, 'The Ring', '2002-10-18', 'Rachel Keller is a journalist investigating a videotape that may have killed four teenagers. There is an urban legend about this tape: the viewer will die seven days after watching it. Rachel tracks down the video... and watches it. Now she has just seven days to unravel the mystery of the Ring so she can save herself and her son.', '/AeRpUynJKDpJveklBJipOYrVxCS.jpg');
INSERT INTO movie_genres (movie_id, genre_id) VALUES (565, 27);
INSERT INTO movie_genres (movie_id, genre_id) VALUES (565, 9648);
INSERT INTO movies (id, title, release_date, description, poster_path) VALUES (72105, 'Ted', '2012-06-29', 'John Bennett, a man whose childhood wish of bringing his teddy bear to life came true, now must decide between keeping the relationship with the bear or his girlfriend, Lori.', '/tZPTcdGTpxq4yJx1YxqBl0gthNz.jpg');
INSERT INTO movie_genres (movie_id, genre_id) VALUES (72105, 35);
INSERT INTO movie_genres (movie_id, genre_id) VALUES (72105, 14);
INSERT INTO movies (id, title, release_date, description, poster_path) VALUES (2756, 'The Abyss', '1989-08-09', 'A civilian oil rig crew is recruited to conduct a search and rescue effort when a nuclear submarine mysteriously sinks. One diver soon finds himself on a spectacular odyssey 25,000 feet below the ocean''s surface where he confronts a mysterious force that has the power to change the world or destroy it.', '/2dCit3XAtv9KWCJvRKdPkJ0FAkH.jpg');
INSERT INTO movie_genres (movie_id, genre_id) VALUES (2756, 12);
INSERT INTO movie_genres (movie_id, genre_id) VALUES (2756, 53);
INSERT INTO movie_genres (movie_id, genre_id) VALUES (2756, 878);
INSERT INTO movies (id, title, release_date, description, poster_path) VALUES (480530, 'Creed II', '2018-11-21', 'Between personal obligations and training for his next big fight against an opponent with ties to his family''s past, Adonis Creed is up against the challenge of his life.', '/v3QyboWRoA4O9RbcsqH8tJMe8EB.jpg');
INSERT INTO movie_genres (movie_id, genre_id) VALUES (480530, 18);
INSERT INTO movie_genres (movie_id, genre_id) VALUES (480530, 28);
INSERT INTO movies (id, title, release_date, description, poster_path) VALUES (9476, 'A Knight''s Tale', '2001-05-11', 'William Thatcher, a knight''s peasant apprentice, gets a chance at glory when the knight dies suddenly mid-tournament. Posing as a knight himself, William won''t stop until he''s crowned tournament champion—assuming matters of the heart don''t get in the way.', '/srb1XnrlDZHcdpjBKqUu4qAzxKU.jpg');
INSERT INTO movie_genres (movie_id, genre_id) VALUES (9476, 12);
INSERT INTO movie_genres (movie_id, genre_id) VALUES (9476, 18);
INSERT INTO movie_genres (movie_id, genre_id) VALUES (9476, 10749);
INSERT INTO movie_genres (movie_id, genre_id) VALUES (9476, 28);
INSERT INTO movies (id, title, release_date, description, poster_path) VALUES (9476, 'A Knight''s Tale', '2001-05-11', 'William Thatcher, a knight''s peasant apprentice, gets a chance at glory when the knight dies suddenly mid-tournament. Posing as a knight himself, William won''t stop until he''s crowned tournament champion—assuming matters of the heart don''t get in the way.', '/srb1XnrlDZHcdpjBKqUu4qAzxKU.jpg');
INSERT INTO movie_genres (movie_id, genre_id) VALUES (9476, 12);
INSERT INTO movie_genres (movie_id, genre_id) VALUES (9476, 18);
INSERT INTO movie_genres (movie_id, genre_id) VALUES (9476, 10749);
INSERT INTO movie_genres (movie_id, genre_id) VALUES (9476, 28);
INSERT INTO movies (id, title, release_date, description, poster_path) VALUES (27582, 'The Mechanic', '2011-01-13', 'Arthur Bishop is a ''mechanic'' - an elite assassin with a strict code requiring professional perfection and total detachment. One of an elite group of assassins, Bishop may be the best in the business - with a unique talent for cleanly eliminating targets. When Harry McKenna, his close friend and mentor, is murdered, Harry''s son comes to him with vengeance in his heart and a desire to learn Bishop''s trade, signaling the birth of a deadly partnership.', '/k37axEHszFP9WOVvbozxF0r7X7g.jpg');
INSERT INTO movie_genres (movie_id, genre_id) VALUES (27582, 28);
INSERT INTO movie_genres (movie_id, genre_id) VALUES (27582, 53);
INSERT INTO movie_genres (movie_id, genre_id) VALUES (27582, 80);
INSERT INTO movies (id, title, release_date, description, poster_path) VALUES (240832, 'Lucy', '2014-07-25', 'A woman, accidentally caught in a dark deal, turns the tables on her captors and transforms into a merciless warrior evolved beyond human logic.', '/kRbpUTRNm6QbLQFPFWUcNC4czEm.jpg');
INSERT INTO movie_genres (movie_id, genre_id) VALUES (240832, 28);
INSERT INTO movie_genres (movie_id, genre_id) VALUES (240832, 878);
INSERT INTO movies (id, title, release_date, description, poster_path) VALUES (1271680, 'Ms. Preethi', '2021-12-10', 'Telugu movie directed by Harikumar Devarapalli starring Sonakshi Verma', '/1yF6WJBYnvDOoGQpOYSsLj5beAL.jpg');
INSERT INTO movie_genres (movie_id, genre_id) VALUES (1271680, 18);
INSERT INTO movies (id, title, release_date, description, poster_path) VALUES (124887, 'Screaming in High Heels: The Rise & Fall of the Scream Queen Era', '2011-05-05', 'Three girls living in Los Angeles, CA in the 1980s found cult fame when they "accidentally" transitioned from models to B-movie actresses, coinciding with the major direct-to-video horror film boom of the era. Known as "The Terrifying Trio," Linnea Quigley (The Return of the Living Dead), Brinke Stevens (The Slumber Party Massacre) and Michelle Bauer (The Tomb), headlined upwards of ten films per year, fending off men in rubber monster suits, pubescent teenage boys, and deadly showers. They joined together in campy cult films like Sorority Babes in the Slimeball Bowl-a-Rama (1988) and Nightmare Sisters (1987). They traveled all over the world, met President Reagan, and built mini-empires of trading cards, comic books, and model kits. Then it all came crashing down. This documentary remembers these actresses - and their most common collaborators - on how smart they were to play stupid', '/39NxNTknXudpkn11CxJzLa7ocqV.jpg');
INSERT INTO movie_genres (movie_id, genre_id) VALUES (124887, 99);
INSERT INTO movies (id, title, release_date, description, poster_path) VALUES (798645, 'The Running Man', '2025-11-05', 'Desperate to save his sick daughter, working-class Ben Richards is convinced by the show’s charming but ruthless producer, Dan Killian, to enter the game as a last resort. But Ben’s defiance, instincts, and grit turn him into an unexpected fan favorite—and a threat to the entire system. As ratings skyrocket, so does the danger, and Ben must outwit not just the Hunters, but a nation addicted to watching him fall.', '/dKL78O9zxczVgjtNcQ9UkbYLzqX.jpg');
INSERT INTO movie_genres (movie_id, genre_id) VALUES (798645, 28);
INSERT INTO movie_genres (movie_id, genre_id) VALUES (798645, 53);
INSERT INTO movie_genres (movie_id, genre_id) VALUES (798645, 878);
INSERT INTO movies (id, title, release_date, description, poster_path) VALUES (1029281, 'Strange Darling', '2024-08-14', 'Nothing is what it seems when a twisted one-night stand spirals into a serial killer’s vicious murder spree.', '/kWNCRgt3ocv19bYO0sk7TRuZuFY.jpg');
INSERT INTO movie_genres (movie_id, genre_id) VALUES (1029281, 80);
INSERT INTO movie_genres (movie_id, genre_id) VALUES (1029281, 27);
INSERT INTO movie_genres (movie_id, genre_id) VALUES (1029281, 53);
INSERT INTO movies (id, title, release_date, description, poster_path) VALUES (345940, 'The Meg', '2018-08-09', 'A deep sea submersible pilot revisits his past fears in the Mariana Trench, and accidentally unleashes the seventy foot ancestor of the Great White Shark believed to be extinct.', '/eyWICPcxOuTcDDDbTMOZawoOn8d.jpg');
INSERT INTO movie_genres (movie_id, genre_id) VALUES (345940, 28);
INSERT INTO movie_genres (movie_id, genre_id) VALUES (345940, 878);
INSERT INTO movie_genres (movie_id, genre_id) VALUES (345940, 27);
INSERT INTO movies (id, title, release_date, description, poster_path) VALUES (256274, 'As Above, So Below', '2014-08-14', 'When a team of explorers ventures into the uncharted maze of bones that lies beneath the streets of Paris, they embark on a journey into madness and terror.', '/oJZSajKLJkoTOzSZQN2ZwRnPwHZ.jpg');
INSERT INTO movie_genres (movie_id, genre_id) VALUES (256274, 27);
INSERT INTO movie_genres (movie_id, genre_id) VALUES (256274, 53);
INSERT INTO movies (id, title, release_date, description, poster_path) VALUES (512195, 'Red Notice', '2021-11-04', 'An Interpol-issued Red Notice is a global alert to hunt and capture the world''s most wanted. But when a daring heist brings together the FBI''s top profiler and two rival criminals, there''s no telling what will happen.', '/lAXONuqg41NwUMuzMiFvicDET9Y.jpg');
INSERT INTO movie_genres (movie_id, genre_id) VALUES (512195, 28);
INSERT INTO movie_genres (movie_id, genre_id) VALUES (512195, 35);
INSERT INTO movie_genres (movie_id, genre_id) VALUES (512195, 80);
INSERT INTO movies (id, title, release_date, description, poster_path) VALUES (408, 'Snow White and the Seven Dwarfs', '1938-01-14', 'A beautiful girl, Snow White, takes refuge in the forest in the house of seven dwarfs to hide from her stepmother, the wicked Queen. The Queen is jealous because she wants to be known as "the fairest in the land," and Snow White''s beauty surpasses her own.', '/3VAHfuNb6Z7UiW12iYKANSPBl8m.jpg');
INSERT INTO movie_genres (movie_id, genre_id) VALUES (408, 14);
INSERT INTO movie_genres (movie_id, genre_id) VALUES (408, 16);
INSERT INTO movie_genres (movie_id, genre_id) VALUES (408, 10751);
INSERT INTO movies (id, title, release_date, description, poster_path) VALUES (5915, 'Into the Wild', '2007-09-21', 'After graduating from Emory University in 1992, top student and athlete Christopher McCandless abandons his possessions, gives his entire $24,000 savings account to charity, and hitchhikes to Alaska to live in the wilderness.', '/jnLnLYP5pGDfri04gxtAqAvkHMw.jpg');
INSERT INTO movie_genres (movie_id, genre_id) VALUES (5915, 12);
INSERT INTO movie_genres (movie_id, genre_id) VALUES (5915, 18);
INSERT INTO movies (id, title, release_date, description, poster_path) VALUES (222323, 'Lords of the Deep', '1989-06-02', 'Man has finally conquered the ocean. America''s first self-contained undersea laboratory is the pride of the nation, and expectations are high for an elaborate undersea mining operation. What wasn''t expected was the inhabitants of an undiscovered world.', '/uCxcVt1FMCc7dXckfuNCndgZ5zw.jpg');
INSERT INTO movie_genres (movie_id, genre_id) VALUES (222323, 878);
INSERT INTO movie_genres (movie_id, genre_id) VALUES (222323, 53);
INSERT INTO movie_genres (movie_id, genre_id) VALUES (222323, 12);
INSERT INTO movies (id, title, release_date, description, poster_path) VALUES (527774, 'Raya and the Last Dragon', '2021-03-03', 'Long ago, in the fantasy world of Kumandra, humans and dragons lived together in harmony. But when an evil force threatened the land, the dragons sacrificed themselves to save humanity. Now, 500 years later, that same evil has returned and it’s up to a lone warrior, Raya, to track down the legendary last dragon to restore the fractured land and its divided people.', '/5nVhgCzxKbK47OLIKxCR1syulOn.jpg');
INSERT INTO movie_genres (movie_id, genre_id) VALUES (527774, 16);
INSERT INTO movie_genres (movie_id, genre_id) VALUES (527774, 10751);
INSERT INTO movie_genres (movie_id, genre_id) VALUES (527774, 14);
INSERT INTO movie_genres (movie_id, genre_id) VALUES (527774, 28);
INSERT INTO movie_genres (movie_id, genre_id) VALUES (527774, 12);
INSERT INTO movies (id, title, release_date, description, poster_path) VALUES (38234, 'Undisputed III: Redemption', '2010-04-17', 'Russian inmate Boyka, now severely hobbled by the knee injury suffered at the end of Undisputed 2. No longer the feared prison fighter he was, he has declined so far that he is now good only for cleaning toilets. But when a new prison fight tournament begins - an international affair, matching the best fighters from prisons around the globe, enticing them with the promise of freedom for the winner - Boyka must reclaim his dignity and fight for his position in the tournament.', '/g8KB77SPA7SyU8eid6TAEpt9skU.jpg');
INSERT INTO movie_genres (movie_id, genre_id) VALUES (38234, 28);
INSERT INTO movie_genres (movie_id, genre_id) VALUES (38234, 53);
INSERT INTO movie_genres (movie_id, genre_id) VALUES (38234, 80);
INSERT INTO movie_genres (movie_id, genre_id) VALUES (38234, 18);
INSERT INTO movies (id, title, release_date, description, poster_path) VALUES (2277, 'Bicentennial Man', '1999-12-17', 'Richard Martin buys a gift, a new NDR-114 robot. The product is named Andrew by the youngest of the family''s children. "Bicentennial Man" follows the life and times of Andrew, a robot purchased as a household appliance programmed to perform menial tasks. As Andrew begins to experience emotions and creative thought, the Martin family soon discovers they don''t have an ordinary robot.', '/wrs23eO0VEWwOQpXoOasMnlW9Y4.jpg');
INSERT INTO movie_genres (movie_id, genre_id) VALUES (2277, 878);
INSERT INTO movie_genres (movie_id, genre_id) VALUES (2277, 18);
INSERT INTO movies (id, title, release_date, description, poster_path) VALUES (629, 'The Usual Suspects', '1995-07-19', 'Held in an L.A. interrogation room, Verbal Kint attempts to convince the feds that a mythic crime lord, Keyser Soze, not only exists, but was also responsible for drawing him and his four partners into a multi-million dollar heist that ended with an explosion in San Pedro harbor – leaving few survivors. Verbal lures his interrogators with an incredible story of the crime lord''s almost supernatural prowess.', '/99X2SgyFunJFXGAYnDv3sb9pnUD.jpg');
INSERT INTO movie_genres (movie_id, genre_id) VALUES (629, 18);
INSERT INTO movie_genres (movie_id, genre_id) VALUES (629, 80);
INSERT INTO movie_genres (movie_id, genre_id) VALUES (629, 53);
INSERT INTO movies (id, title, release_date, description, poster_path) VALUES (614933, 'Atlas', '2024-05-23', 'A brilliant counterterrorism analyst with a deep distrust of AI discovers it might be her only hope when a mission to capture a renegade robot goes awry.', '/bcM2Tl5HlsvPBnL8DKP9Ie6vU4r.jpg');
INSERT INTO movie_genres (movie_id, genre_id) VALUES (614933, 878);
INSERT INTO movie_genres (movie_id, genre_id) VALUES (614933, 28);
INSERT INTO movies (id, title, release_date, description, poster_path) VALUES (223702, 'Sausage Party', '2016-07-11', 'Hot dog Frank leads a group of supermarket products on a quest to discover the truth about their existence and what really happens when they become chosen to leave the grocery store.', '/vNgdPJQ5CI60oEiiHLKRNrsDhMy.jpg');
INSERT INTO movie_genres (movie_id, genre_id) VALUES (223702, 12);
INSERT INTO movie_genres (movie_id, genre_id) VALUES (223702, 16);
INSERT INTO movie_genres (movie_id, genre_id) VALUES (223702, 35);
INSERT INTO movie_genres (movie_id, genre_id) VALUES (223702, 14);
INSERT INTO movies (id, title, release_date, description, poster_path) VALUES (322, 'Mystic River', '2003-10-08', 'The lives of three men who were childhood friends are shattered when one of them suffers a family tragedy.', '/hCHVDbo6XJGj3r2i4hVjKhE0GKF.jpg');
INSERT INTO movie_genres (movie_id, genre_id) VALUES (322, 53);
INSERT INTO movie_genres (movie_id, genre_id) VALUES (322, 80);
INSERT INTO movie_genres (movie_id, genre_id) VALUES (322, 18);
INSERT INTO movie_genres (movie_id, genre_id) VALUES (322, 9648);
INSERT INTO movies (id, title, release_date, description, poster_path) VALUES (180, 'Minority Report', '2002-06-20', 'John Anderton is a top ''Precrime'' cop in the late-21st century, when technology can predict crimes before they''re committed. But Anderton becomes the quarry when another investigator targets him for a murder charge.', '/ccqpHq5tk5W4ymbSbuoy4uYOxFI.jpg');
INSERT INTO movie_genres (movie_id, genre_id) VALUES (180, 878);
INSERT INTO movie_genres (movie_id, genre_id) VALUES (180, 28);
INSERT INTO movie_genres (movie_id, genre_id) VALUES (180, 53);
INSERT INTO movies (id, title, release_date, description, poster_path) VALUES (6114, 'Bram Stoker''s Dracula', '1992-11-13', 'In 19th century England, Count Dracula travels to London and meets Mina Harker, a young woman who appears as the reincarnation of his lost love.', '/n39glC4GkBeCbwdenES8ZBodim8.jpg');
INSERT INTO movie_genres (movie_id, genre_id) VALUES (6114, 10749);
INSERT INTO movie_genres (movie_id, genre_id) VALUES (6114, 27);
INSERT INTO movies (id, title, release_date, description, poster_path) VALUES (718032, 'Licorice Pizza', '2021-11-26', 'The story of Gary Valentine and Alana Kane growing up, running around and going through the treacherous navigation of first love in the San Fernando Valley, 1973.', '/ivXtvzfliGvoJ1DhSHIGyYBToWe.jpg');
INSERT INTO movie_genres (movie_id, genre_id) VALUES (718032, 18);
INSERT INTO movie_genres (movie_id, genre_id) VALUES (718032, 35);
INSERT INTO movie_genres (movie_id, genre_id) VALUES (718032, 10749);
INSERT INTO movies (id, title, release_date, description, poster_path) VALUES (10196, 'The Last Airbender', '2010-06-30', 'The story follows the adventures of Aang, a young successor to a long line of Avatars, who must put his childhood ways aside and stop the Fire Nation from enslaving the Water, Earth and Air nations.', '/kl9JJ8288bNsY8oqT1SpQh1w2mb.jpg');
INSERT INTO movie_genres (movie_id, genre_id) VALUES (10196, 28);
INSERT INTO movie_genres (movie_id, genre_id) VALUES (10196, 12);
INSERT INTO movie_genres (movie_id, genre_id) VALUES (10196, 14);
INSERT INTO movies (id, title, release_date, description, poster_path) VALUES (420817, 'Aladdin', '2019-05-22', 'A kindhearted street urchin named Aladdin embarks on a magical adventure after finding a lamp that releases a wisecracking genie while a power-hungry Grand Vizier vies for the same lamp that has the power to make their deepest wishes come true.', '/ykUEbfpkf8d0w49pHh0AD2KrT52.jpg');
INSERT INTO movie_genres (movie_id, genre_id) VALUES (420817, 12);
INSERT INTO movie_genres (movie_id, genre_id) VALUES (420817, 14);
INSERT INTO movie_genres (movie_id, genre_id) VALUES (420817, 10749);
INSERT INTO movie_genres (movie_id, genre_id) VALUES (420817, 10751);
INSERT INTO movies (id, title, release_date, description, poster_path) VALUES (6477, 'Alvin and the Chipmunks', '2007-12-13', 'A struggling songwriter named Dave Seville finds success when he comes across a trio of singing chipmunks: mischievous leader Alvin, brainy Simon, and chubby, impressionable Theodore.', '/22YxmH8FHZGEVyBgKBNorVF4cqi.jpg');
INSERT INTO movie_genres (movie_id, genre_id) VALUES (6477, 35);
INSERT INTO movie_genres (movie_id, genre_id) VALUES (6477, 10751);
INSERT INTO movie_genres (movie_id, genre_id) VALUES (6477, 14);
INSERT INTO movies (id, title, release_date, description, poster_path) VALUES (36586, 'Blade II', '2002-03-22', 'Blade forms an uneasy alliance with the vampire council in order to combat the Reapers, who are feeding on vampires.', '/83Gng4uJAtsAXg3lNnjSeisvqEG.jpg');
INSERT INTO movie_genres (movie_id, genre_id) VALUES (36586, 14);
INSERT INTO movie_genres (movie_id, genre_id) VALUES (36586, 27);
INSERT INTO movie_genres (movie_id, genre_id) VALUES (36586, 28);
INSERT INTO movie_genres (movie_id, genre_id) VALUES (36586, 53);
INSERT INTO movies (id, title, release_date, description, poster_path) VALUES (59940, 'Zebra Lounge', '2001-10-04', 'Alan and Wendy Barnet have been married just long enough for the excitement to have gone out of their relationship, and they''re looking for a way to put some spice back in their lives. After placing a personal ad looking for another couple interested in swapping mates, the Barnets are led to the Zebra Lounge, where they meet Jack and Louise Bauer, a pair of seasoned erotic adventurers. While the Barnets find the swinging scene exciting at first, they soon decide it may be doing more harm than good to their marriage. But easing the Bauers out of their lives proves to be neither simple nor safe.', '/hyej1bAJkY39O1tVIYdjLM6nfl6.jpg');
INSERT INTO movie_genres (movie_id, genre_id) VALUES (59940, 53);
INSERT INTO movies (id, title, release_date, description, poster_path) VALUES (23629, 'Sucker Punch', '2011-03-24', 'A young woman, institutionalized by her abusive stepfather, retreats into a vivid fantasy world where she envisions a plan to escape. Gathering a group of fellow inmates, she embarks on a quest to collect five mystical items, blurring the lines between reality and imagination.', '/jtaUDnvIiHUd2ranDcjB5AbPx6o.jpg');
INSERT INTO movie_genres (movie_id, genre_id) VALUES (23629, 28);
INSERT INTO movie_genres (movie_id, genre_id) VALUES (23629, 14);
INSERT INTO movie_genres (movie_id, genre_id) VALUES (23629, 53);
INSERT INTO movies (id, title, release_date, description, poster_path) VALUES (8467, 'Dumb and Dumber', '1994-12-16', 'Lloyd and Harry are two men whose stupidity is really indescribable. When Mary, a beautiful woman, loses an important suitcase with money before she leaves for Aspen, the two friends (who have found the suitcase) decide to return it to her. After some "adventures" they finally get to Aspen where, using the lost money they live it up and fight for Mary''s heart.', '/4LdpBXiCyGKkR8FGHgjKlphrfUc.jpg');
INSERT INTO movie_genres (movie_id, genre_id) VALUES (8467, 35);
INSERT INTO movies (id, title, release_date, description, poster_path) VALUES (9637, 'Scooby-Doo', '2002-06-14', 'When the Mystery Inc. gang is invited to Spooky Island, a popular amusement park, they soon discover that the attractions aren''t the only things that are spooky. Strange things are happening, and it''s up to Scooby, Shaggy, Fred, Daphne, and Velma to uncover the truth behind the mysterious happenings.', '/mTAiBJGg8mqEfnYHHbi37ZoRSZm.jpg');
INSERT INTO movie_genres (movie_id, genre_id) VALUES (9637, 9648);
INSERT INTO movie_genres (movie_id, genre_id) VALUES (9637, 12);
INSERT INTO movie_genres (movie_id, genre_id) VALUES (9637, 35);
INSERT INTO movies (id, title, release_date, description, poster_path) VALUES (653151, 'Les Misérables: The Staged Concert', '2019-12-02', 'Seen by over 120 million people worldwide, Les Misérables is undisputedly one of the world’s most popular musicals. Coinciding with its 35th triumphant year in London’s West End, Cameron Mackintosh produced a spectacular sold-out staged concert version at the Gielgud Theatre featuring an all-star cast including Michael Ball, Alfie Boe, Carrie Hope Fletcher, Matt Lucas, and John Owen Jones. Featuring a cast and orchestra of over 65 and including the songs "I Dreamed A Dream," "Bring Him Home," "One Day More," and "On My Own," this sensational staged concert is not to be missed.', '/chYWJW8Jzr7gPezw1D5uJ4MKBjr.jpg');
INSERT INTO movie_genres (movie_id, genre_id) VALUES (653151, 10402);
INSERT INTO movies (id, title, release_date, description, poster_path) VALUES (1579, 'Apocalypto', '2006-12-07', 'Set in the Mayan civilization, when a man''s idyllic presence is brutally disrupted by a violent invading force, he is taken on a perilous journey to a world ruled by fear and oppression where a harrowing end awaits him. Through a twist of fate and spurred by the power of his love for his woman and his family he will make a desperate break to return home and to ultimately save his way of life.', '/cRY25Q32kDNPFDkFkxAs6bgCq3L.jpg');
INSERT INTO movie_genres (movie_id, genre_id) VALUES (1579, 28);
INSERT INTO movie_genres (movie_id, genre_id) VALUES (1579, 18);
INSERT INTO movie_genres (movie_id, genre_id) VALUES (1579, 36);
INSERT INTO movies (id, title, release_date, description, poster_path) VALUES (1078600, 'Marked Men: Rule + Shaw', '2025-01-22', 'Shaw Landon has loved Rule Archer from the moment she laid eyes on him. Rule, a fiery-tempered rebel tattoo artist, doesn’t have time for a good girl pre-med student like Shaw — even if she’s the only one who can see the person he truly is. She lives by other people’s rules; he makes his own. But a short skirt, too many birthday cocktails, and spilled secrets lead to a night neither can forget. Now, Shaw and Rule must figure out how a girl like her and a guy like him are supposed to be together without destroying their love…or each other.', '/gZQU8BtCH2IbMZq6QETiU4HXQSR.jpg');
INSERT INTO movie_genres (movie_id, genre_id) VALUES (1078600, 10749);
INSERT INTO movie_genres (movie_id, genre_id) VALUES (1078600, 18);
INSERT INTO movies (id, title, release_date, description, poster_path) VALUES (1105407, 'Damaged', '2024-04-12', 'A Chicago detective travels to Scotland after an emerging serial killer’s crimes match those that he investigated five years earlier, one of which was the crime scene of his murdered girlfriend.', '/tMO0YLXgJZBnIAjoTSz26zE33YN.jpg');
INSERT INTO movie_genres (movie_id, genre_id) VALUES (1105407, 28);
INSERT INTO movie_genres (movie_id, genre_id) VALUES (1105407, 18);
INSERT INTO movie_genres (movie_id, genre_id) VALUES (1105407, 53);
INSERT INTO movie_genres (movie_id, genre_id) VALUES (1105407, 80);
INSERT INTO movies (id, title, release_date, description, poster_path) VALUES (9325, 'The Jungle Book', '1967-10-18', 'The boy Mowgli makes his way to the man-village with Bagheera, the wise panther. Along the way he meets jazzy King Louie, the hypnotic snake Kaa and the lovable, happy-go-lucky bear Baloo, who teaches Mowgli "The Bare Necessities" of life and the true meaning of friendship.', '/9BgcTVV43dZ8A1TpuXWkuNTXtfI.jpg');
INSERT INTO movie_genres (movie_id, genre_id) VALUES (9325, 10751);
INSERT INTO movie_genres (movie_id, genre_id) VALUES (9325, 16);
INSERT INTO movie_genres (movie_id, genre_id) VALUES (9325, 12);
INSERT INTO movies (id, title, release_date, description, poster_path) VALUES (496, 'Borat: Cultural Learnings of America for Make Benefit Glorious Nation of Kazakhstan', '2006-11-01', 'Kazakh journalist Borat Sagdiyev travels to America to make a documentary. As he zigzags across the nation, Borat meets real people in real situations with hysterical consequences. His backwards behavior generates strong reactions around him exposing prejudices and hypocrisies in American culture.', '/kfkyALfD4G1mlBJI1lOt2QCra4i.jpg');
INSERT INTO movie_genres (movie_id, genre_id) VALUES (496, 35);
INSERT INTO movies (id, title, release_date, description, poster_path) VALUES (799555, 'Operation Varsity Blues: The College Admissions Scandal', '2021-03-17', 'An examination that goes beyond the celebrity-driven headlines and dives into the methods used by Rick Singer, the man at the center of the shocking 2019 college admissions scandal, to persuade his wealthy clients to cheat an educational system already designed to benefit the privileged.', '/qZJuctnatinO0OpnruGOWaT4Bga.jpg');
INSERT INTO movie_genres (movie_id, genre_id) VALUES (799555, 99);
INSERT INTO movie_genres (movie_id, genre_id) VALUES (799555, 80);
INSERT INTO movie_genres (movie_id, genre_id) VALUES (799555, 18);
INSERT INTO movies (id, title, release_date, description, poster_path) VALUES (181808, 'Star Wars: The Last Jedi', '2017-12-13', 'Rey develops her newly discovered abilities with the guidance of Luke Skywalker, who is unsettled by the strength of her powers. Meanwhile, the Resistance prepares to do battle with the First Order.', '/kOVEVeg59E0wsnXmF9nrh6OmWII.jpg');
INSERT INTO movie_genres (movie_id, genre_id) VALUES (181808, 12);
INSERT INTO movie_genres (movie_id, genre_id) VALUES (181808, 28);
INSERT INTO movie_genres (movie_id, genre_id) VALUES (181808, 878);
INSERT INTO movies (id, title, release_date, description, poster_path) VALUES (2675, 'Signs', '2002-08-02', 'A family living on a farm finds mysterious crop circles in their fields which suggests something more frightening to come.', '/hyZkNEbNgnciUVTyu4NZTjlCh4L.jpg');
INSERT INTO movie_genres (movie_id, genre_id) VALUES (2675, 18);
INSERT INTO movie_genres (movie_id, genre_id) VALUES (2675, 53);
INSERT INTO movie_genres (movie_id, genre_id) VALUES (2675, 878);
INSERT INTO movie_genres (movie_id, genre_id) VALUES (2675, 9648);
INSERT INTO movies (id, title, release_date, description, poster_path) VALUES (8835, 'Legally Blonde', '2001-07-13', 'Fashionable sorority queen Elle Woods has it all, but, she wants nothing more than to be Mrs. Warner Huntington III. But he dumps her before heading to Harvard Law School. Elle rallies all of her resources and gets into Harvard, determined to win him back. While there, she figures out that there is more to herself than just good looks.', '/9ohlMrJHQqKhfUKh7Zr3JQqHNLZ.jpg');
INSERT INTO movie_genres (movie_id, genre_id) VALUES (8835, 35);
INSERT INTO movie_genres (movie_id, genre_id) VALUES (8835, 10749);
INSERT INTO movies (id, title, release_date, description, poster_path) VALUES (22538, 'Scott Pilgrim vs. the World', '2010-08-12', 'As bass guitarist for a garage-rock band, Scott Pilgrim has never had trouble getting a girlfriend; usually, the problem is getting rid of them. But when Ramona Flowers skates into his heart, he finds she has the most troublesome baggage of all: an army of ex-boyfriends who will stop at nothing to eliminate him from her list of suitors.', '/g5IoYeudx9XBEfwNL0fHvSckLBz.jpg');
INSERT INTO movie_genres (movie_id, genre_id) VALUES (22538, 28);
INSERT INTO movie_genres (movie_id, genre_id) VALUES (22538, 35);
INSERT INTO movie_genres (movie_id, genre_id) VALUES (22538, 10749);
INSERT INTO movies (id, title, release_date, description, poster_path) VALUES (177677, 'Mission: Impossible - Rogue Nation', '2015-07-28', 'Ethan and team take on their most impossible mission yet—eradicating ''The Syndicate'', an International and highly-skilled rogue organization committed to destroying the IMF.', '/jwqL7croP7JMVfz0l9o7V4yJsJO.jpg');
INSERT INTO movie_genres (movie_id, genre_id) VALUES (177677, 28);
INSERT INTO movie_genres (movie_id, genre_id) VALUES (177677, 12);
INSERT INTO movies (id, title, release_date, description, poster_path) VALUES (1250, 'Ghost Rider', '2007-01-15', 'In order to save his dying father, young stunt cyclist Johnny Blaze sells his soul to Mephistopheles and sadly parts from the pure-hearted Roxanne Simpson, the love of his life. Years later, Johnny''s path crosses again with Roxanne, now a go-getting reporter, and also with Mephistopheles, who offers to release Johnny''s soul if Johnny becomes the fabled, fiery ''Ghost Rider''.', '/d9Oan9XJJ6gRJa64Ifsgp1sXbC4.jpg');
INSERT INTO movie_genres (movie_id, genre_id) VALUES (1250, 53);
INSERT INTO movie_genres (movie_id, genre_id) VALUES (1250, 28);
INSERT INTO movie_genres (movie_id, genre_id) VALUES (1250, 14);
INSERT INTO movies (id, title, release_date, description, poster_path) VALUES (9078, 'The Sword in the Stone', '1963-12-25', 'Wart is a young boy who aspires to be a knight''s squire. On a hunting trip he falls in on Merlin, a powerful but amnesiac wizard who has plans for him beyond mere squiredom. He starts by trying to give him an education, believing that once one has an education, one can go anywhere. Needless to say, it doesn''t quite work out that way.', '/7lyeeuhGAJSNXYEW34S8mJ1bwI8.jpg');
INSERT INTO movie_genres (movie_id, genre_id) VALUES (9078, 16);
INSERT INTO movie_genres (movie_id, genre_id) VALUES (9078, 10751);
INSERT INTO movie_genres (movie_id, genre_id) VALUES (9078, 14);
INSERT INTO movies (id, title, release_date, description, poster_path) VALUES (442249, 'The First Purge', '2018-07-04', 'To push the crime rate below one percent for the rest of the year, the New Founding Fathers of America test a sociological theory that vents aggression for one night in one isolated community. But when the violence of oppressors meets the rage of the others, the contagion will explode from the trial-city borders and spread across the nation.', '/litjsBoiydO6JlO70uOX4N3WnNL.jpg');
INSERT INTO movie_genres (movie_id, genre_id) VALUES (442249, 28);
INSERT INTO movie_genres (movie_id, genre_id) VALUES (442249, 27);
INSERT INTO movie_genres (movie_id, genre_id) VALUES (442249, 53);
INSERT INTO movies (id, title, release_date, description, poster_path) VALUES (307081, 'Southpaw', '2015-03-24', 'Billy "The Great" Hope, the reigning junior middleweight boxing champion, has an impressive career, a loving wife and daughter, and a lavish lifestyle. However, when tragedy strikes, Billy hits rock bottom, losing his family, his house and his manager. He soon finds an unlikely savior in Tick Willis, a former fighter who trains the city''s toughest amateur boxers. With his future on the line, Hope fights to reclaim the trust of those he loves the most.', '/kSQ49Fi3NVTqGGXILmxV2T2pdkG.jpg');
INSERT INTO movie_genres (movie_id, genre_id) VALUES (307081, 28);
INSERT INTO movie_genres (movie_id, genre_id) VALUES (307081, 18);
INSERT INTO movies (id, title, release_date, description, poster_path) VALUES (618588, 'Arthur the King', '2024-02-22', 'Over the course of ten days and 435 miles, an unbreakable bond is forged between pro adventure racer Michael Light and a scrappy street dog companion dubbed Arthur. As the team is pushed to their outer limits of endurance in the race, Arthur redefines what victory, loyalty and friendship truly mean.', '/zkKB3kOun5DKAkm61pHvLbrjxfa.jpg');
INSERT INTO movie_genres (movie_id, genre_id) VALUES (618588, 12);
INSERT INTO movie_genres (movie_id, genre_id) VALUES (618588, 18);
INSERT INTO movies (id, title, release_date, description, poster_path) VALUES (395817, 'The Thicket', '2024-09-05', 'An innocent young man, Jack, goes on an epic quest to rescue his sister Lula after she has been kidnapped by the violent killer Cut Throat Bill and her gang. To save her, Jack enlists the help of a crafty bounty hunter named Reginald Jones, a grave-digging alcoholic son of an ex-slave, and a street-smart prostitute. The gang tracks Cut Throat Bill into the deadly no-man’s land known as The Big Thicket — a place where blood and chaos reign.', '/jsvk8e0HgITFX0gbDEjj6hOytsP.jpg');
INSERT INTO movie_genres (movie_id, genre_id) VALUES (395817, 80);
INSERT INTO movie_genres (movie_id, genre_id) VALUES (395817, 53);
INSERT INTO movie_genres (movie_id, genre_id) VALUES (395817, 37);
INSERT INTO movies (id, title, release_date, description, poster_path) VALUES (62214, 'Frankenweenie', '2012-10-04', 'When a car hits young Victor''s pet dog Sparky, Victor decides to bring him back to life the only way he knows how. But when the bolt-necked "monster" wreaks havoc and terror in the hearts of Victor''s neighbors, he has to convince them that Sparky''s still the good, loyal friend he was.', '/yGjVbLVdZRBlZTTQVBsj2KUjL1s.jpg');
INSERT INTO movie_genres (movie_id, genre_id) VALUES (62214, 16);
INSERT INTO movie_genres (movie_id, genre_id) VALUES (62214, 35);
INSERT INTO movie_genres (movie_id, genre_id) VALUES (62214, 10751);
INSERT INTO movies (id, title, release_date, description, poster_path) VALUES (337170, 'American Made', '2017-08-18', 'The true story of pilot Barry Seal, who transported contraband for the CIA and the Medellin cartel in the 1980s.', '/23ILgoPSO5ShKcTZOuiTVfqFAUB.jpg');
INSERT INTO movie_genres (movie_id, genre_id) VALUES (337170, 28);
INSERT INTO movie_genres (movie_id, genre_id) VALUES (337170, 35);
INSERT INTO movie_genres (movie_id, genre_id) VALUES (337170, 80);
INSERT INTO movie_genres (movie_id, genre_id) VALUES (337170, 18);
INSERT INTO movies (id, title, release_date, description, poster_path) VALUES (9823, 'Mortal Kombat: Annihilation', '1997-11-11', 'A group of heroic warriors has only six days to save the planet in "Mortal Kombat Annihilation." To succeed they must survive the most spectacular series of challenges any human, or god, has ever encountered as they battle an evil warlord bent on taking control of Earth.', '/ttryglcY2osWZE3sRYBf3ewTZsW.jpg');
INSERT INTO movie_genres (movie_id, genre_id) VALUES (9823, 28);
INSERT INTO movie_genres (movie_id, genre_id) VALUES (9823, 14);
INSERT INTO movie_genres (movie_id, genre_id) VALUES (9823, 878);
INSERT INTO movies (id, title, release_date, description, poster_path) VALUES (10693, 'Peter Pan', '1953-02-05', 'Leaving the safety of their nursery behind, Wendy, Michael and John follow Peter Pan to a magical world where childhood lasts forever. But while in Neverland, the kids must face Captain Hook and foil his attempts to get rid of Peter for good.', '/fJJOs1iyrhKfZceANxoPxPwNGF1.jpg');
INSERT INTO movie_genres (movie_id, genre_id) VALUES (10693, 16);
INSERT INTO movie_genres (movie_id, genre_id) VALUES (10693, 10751);
INSERT INTO movie_genres (movie_id, genre_id) VALUES (10693, 12);
INSERT INTO movie_genres (movie_id, genre_id) VALUES (10693, 14);
INSERT INTO movies (id, title, release_date, description, poster_path) VALUES (7555, 'Rambo', '2008-01-24', 'In Thailand, ex-Green Beret John James Rambo joins a group of mercenaries to venture into war-torn neighboring Myanmar to rescue a group of Christian aid workers who have been kidnapped by a ruthless local infantry unit.', '/3mInub5c8o00H7EJ1TrjAqOzIuc.jpg');
INSERT INTO movie_genres (movie_id, genre_id) VALUES (7555, 28);
INSERT INTO movie_genres (movie_id, genre_id) VALUES (7555, 53);
INSERT INTO movie_genres (movie_id, genre_id) VALUES (7555, 10752);
INSERT INTO movies (id, title, release_date, description, poster_path) VALUES (187, 'Sin City', '2005-04-01', 'Welcome to Sin City. This town beckons to the tough, the corrupt, the brokenhearted. Some call it dark… Hard-boiled. Then there are those who call it home — Crooked cops, sexy dames, desperate vigilantes. Some are seeking revenge, others lust after redemption, and then there are those hoping for a little of both. A universe of unlikely and reluctant heroes still trying to do the right thing in a city that refuses to care.', '/i66G50wATMmPrvpP95f0XP6ZdVS.jpg');
INSERT INTO movie_genres (movie_id, genre_id) VALUES (187, 80);
INSERT INTO movie_genres (movie_id, genre_id) VALUES (187, 53);
INSERT INTO movies (id, title, release_date, description, poster_path) VALUES (1079091, 'It Ends with Us', '2024-08-07', 'When a woman''s first love suddenly reenters her life, her relationship with a charming, but abusive neurosurgeon is upended, and she realizes she must learn to rely on her own strength to make an impossible choice for her future.', '/AjV6jFJ2YFIluYo4GQf13AA1tqu.jpg');
INSERT INTO movie_genres (movie_id, genre_id) VALUES (1079091, 18);
INSERT INTO movie_genres (movie_id, genre_id) VALUES (1079091, 10749);
INSERT INTO movies (id, title, release_date, description, poster_path) VALUES (154400, 'The Drop', '2014-09-12', 'Bob Saginowski finds himself at the center of a robbery gone awry and entwined in an investigation that digs deep into the neighborhood''s past where friends, families, and foes all work together to make a living - no matter the cost.', '/olQInYvVCW2wycMSU1ogo9Jshml.jpg');
INSERT INTO movie_genres (movie_id, genre_id) VALUES (154400, 18);
INSERT INTO movie_genres (movie_id, genre_id) VALUES (154400, 80);
INSERT INTO movies (id, title, release_date, description, poster_path) VALUES (297270, 'Tinker Bell and the Legend of the NeverBeast', '2014-12-12', 'An ancient myth of a massive creature sparks the curiosity of Tinker Bell and her good friend Fawn, an animal fairy who’s not afraid to break the rules to help an animal in need. But this creature is not welcome in Pixie Hollow — and the scout fairies are determined to capture the mysterious beast, who they fear will destroy their home. Fawn must convince her fairy friends to risk everything to rescue the NeverBeast.', '/3S0mmmpYStB3GqodRghcfOt81wQ.jpg');
INSERT INTO movie_genres (movie_id, genre_id) VALUES (297270, 12);
INSERT INTO movie_genres (movie_id, genre_id) VALUES (297270, 16);
INSERT INTO movie_genres (movie_id, genre_id) VALUES (297270, 10751);
INSERT INTO movies (id, title, release_date, description, poster_path) VALUES (84636, 'The Immortal Story', '1968-06-01', 'An aged, wealthy trader plots with his servant to recreate a maritime tall tale, using a local woman and an unknown sailor as actors.', '/cI0IdXJWemWTyombF1n1FwK6KYT.jpg');
INSERT INTO movie_genres (movie_id, genre_id) VALUES (84636, 18);
INSERT INTO movie_genres (movie_id, genre_id) VALUES (84636, 10749);
INSERT INTO movie_genres (movie_id, genre_id) VALUES (84636, 10770);
INSERT INTO movies (id, title, release_date, description, poster_path) VALUES (573921, 'Miranda Sings Live... Your Welcome', '2019-06-04', 'Viral video star Miranda Sings and her real-world alter ego Colleen Ballinger share the stage in a special packed with music, comedy and "magichinry."', '/yqxhdFadAxbNyXdBnNk2aPc1Vfd.jpg');
INSERT INTO movie_genres (movie_id, genre_id) VALUES (573921, 35);
INSERT INTO movie_genres (movie_id, genre_id) VALUES (573921, 10402);
INSERT INTO movies (id, title, release_date, description, poster_path) VALUES (182248, 'Seven Hours to Judgment', '1988-09-16', 'A distraught husband kidnaps the judge who freed his wife''s killers on insufficient evidence. He gives him seven hours to find evidence that will put them away, or he''ll kill his wife.', '/zMW8QTsQPhqWTogX0VrTIh0Mn3l.jpg');
INSERT INTO movie_genres (movie_id, genre_id) VALUES (182248, 28);
INSERT INTO movie_genres (movie_id, genre_id) VALUES (182248, 80);
INSERT INTO movie_genres (movie_id, genre_id) VALUES (182248, 18);
INSERT INTO movies (id, title, release_date, description, poster_path) VALUES (250546, 'Annabelle', '2014-10-01', 'A couple begins to experience terrifying supernatural occurrences involving a vintage doll shortly after their home is invaded by satanic cultists.', '/yLsuU2P2SpDYFwtZQ7dtfVAf6TE.jpg');
INSERT INTO movie_genres (movie_id, genre_id) VALUES (250546, 27);
INSERT INTO movies (id, title, release_date, description, poster_path) VALUES (9820, 'The Parent Trap', '1998-07-28', 'Hallie Parker and Annie James are identical twins who were separated at a young age due to their parents'' divorce. Unbeknownst to their parents, the girls are sent to the same summer camp, where they meet, discover the truth about their relationship, and come up with a plan to switch places in an effort to reunite their mother and father.', '/p4dGmi8u9W0HHyVXcgWPoiFfKTF.jpg');
INSERT INTO movie_genres (movie_id, genre_id) VALUES (9820, 35);
INSERT INTO movie_genres (movie_id, genre_id) VALUES (9820, 10751);
INSERT INTO movie_genres (movie_id, genre_id) VALUES (9820, 10749);
INSERT INTO movies (id, title, release_date, description, poster_path) VALUES (680438, 'After Truth: Disinformation and the Cost of Fake News', '2020-03-19', 'An investigation into the ongoing threat caused by the phenomenon of “fake news” in the U.S., focusing on the real-life consequences that disinformation, conspiracy theories and false news stories have on the average citizen.', '/e0O1IMV3DtLiXtw9m8wLsazfyA9.jpg');
INSERT INTO movie_genres (movie_id, genre_id) VALUES (680438, 99);
INSERT INTO movies (id, title, release_date, description, poster_path) VALUES (1372, 'Blood Diamond', '2006-12-08', 'An ex-mercenary turned smuggler. A Mende fisherman. Amid the explosive civil war overtaking 1999 Sierra Leone, these men join for two desperate missions: recovering a rare pink diamond of immense value and rescuing the fisherman''s son, conscripted as a child soldier into the brutal rebel forces ripping a swath of torture and bloodshed countrywide.', '/vL0TSMpKWx9UGJbKdYCKREEDukF.jpg');
INSERT INTO movie_genres (movie_id, genre_id) VALUES (1372, 18);
INSERT INTO movie_genres (movie_id, genre_id) VALUES (1372, 53);
INSERT INTO movie_genres (movie_id, genre_id) VALUES (1372, 28);
INSERT INTO movies (id, title, release_date, description, poster_path) VALUES (275318, 'Sleeping Beauty', '2014-05-13', 'When a young Prince and his trusted aid learn of a beautiful Princess''s cursed eternal slumber, they embark on a journey to rescue her. They must battle an evil queen and legions of undead monsters before she will be free.', '/a2wDDPBysxe8vZ79yZx2n5yYr4V.jpg');
INSERT INTO movie_genres (movie_id, genre_id) VALUES (275318, 14);
INSERT INTO movie_genres (movie_id, genre_id) VALUES (275318, 12);
INSERT INTO movies (id, title, release_date, description, poster_path) VALUES (280180, 'Beverly Hills Cop: Axel F', '2024-06-20', 'Forty years after his unforgettable first case in Beverly Hills, Detroit cop Axel Foley returns to do what he does best: solve crimes and cause chaos.', '/zszRKfzjM5jltiq8rk6rasKVpUv.jpg');
INSERT INTO movie_genres (movie_id, genre_id) VALUES (280180, 28);
INSERT INTO movie_genres (movie_id, genre_id) VALUES (280180, 35);
INSERT INTO movie_genres (movie_id, genre_id) VALUES (280180, 80);
INSERT INTO movies (id, title, release_date, description, poster_path) VALUES (300671, '13 Hours: The Secret Soldiers of Benghazi', '2016-01-14', 'An American Ambassador is killed during an attack at a U.S. compound in Libya as a security team struggles to make sense out of the chaos.', '/AskDcQ6Sa6jImyt2KDQbgRuPebH.jpg');
INSERT INTO movie_genres (movie_id, genre_id) VALUES (300671, 10752);
INSERT INTO movie_genres (movie_id, genre_id) VALUES (300671, 28);
INSERT INTO movie_genres (movie_id, genre_id) VALUES (300671, 36);
INSERT INTO movie_genres (movie_id, genre_id) VALUES (300671, 18);
INSERT INTO movie_genres (movie_id, genre_id) VALUES (300671, 53);
INSERT INTO movies (id, title, release_date, description, poster_path) VALUES (11013, 'Secretary', '2002-09-20', 'A young woman, recently released from a mental hospital, gets a job as a secretary to a demanding lawyer, where their employer-employee relationship turns into a sexual, sadomasochistic one.', '/mdRXSE7ho185SZlXj0JSwuecEd3.jpg');
INSERT INTO movie_genres (movie_id, genre_id) VALUES (11013, 10749);
INSERT INTO movie_genres (movie_id, genre_id) VALUES (11013, 18);
INSERT INTO movie_genres (movie_id, genre_id) VALUES (11013, 35);
INSERT INTO movies (id, title, release_date, description, poster_path) VALUES (10734, 'Escape from Alcatraz', '1979-06-22', 'San Francisco Bay, January 18, 1960. Frank Lee Morris is transferred to Alcatraz, a maximum security prison located on a rocky island. Although no one has ever managed to escape from there, Frank and other inmates begin to carefully prepare an escape plan.', '/uORr2GXQnyqgBOg6tVsRCJD2qxc.jpg');
INSERT INTO movie_genres (movie_id, genre_id) VALUES (10734, 18);
INSERT INTO movie_genres (movie_id, genre_id) VALUES (10734, 53);
INSERT INTO movies (id, title, release_date, description, poster_path) VALUES (9487, 'A Bug''s Life', '1998-11-25', 'On behalf of "oppressed bugs everywhere," an inventive ant named Flik hires a troupe of warrior bugs to defend his bustling colony from a horde of freeloading grasshoppers led by the evil-minded Hopper.', '/Ah3J9OJVc2CNCuH2zMydXy9fmIC.jpg');
INSERT INTO movie_genres (movie_id, genre_id) VALUES (9487, 10751);
INSERT INTO movie_genres (movie_id, genre_id) VALUES (9487, 16);
INSERT INTO movie_genres (movie_id, genre_id) VALUES (9487, 12);
INSERT INTO movie_genres (movie_id, genre_id) VALUES (9487, 35);
INSERT INTO movie_genres (movie_id, genre_id) VALUES (9487, 18);
INSERT INTO movies (id, title, release_date, description, poster_path) VALUES (77, 'Memento', '2000-10-11', 'Leonard Shelby is tracking down the man who raped and murdered his wife. The difficulty of locating his wife''s killer, however, is compounded by the fact that he suffers from a rare, untreatable form of short-term memory loss. Although he can recall details of life before his accident, Leonard cannot remember what happened fifteen minutes ago, where he''s going, or why.', '/fKTPH2WvH8nHTXeBYBVhawtRqtR.jpg');
INSERT INTO movie_genres (movie_id, genre_id) VALUES (77, 9648);
INSERT INTO movie_genres (movie_id, genre_id) VALUES (77, 53);
INSERT INTO movies (id, title, release_date, description, poster_path) VALUES (28937, 'Boston Strangler The Untold Story', '2008-07-22', 'Boston Strangler: The Untold Story is an intense true-crime thriller about Albert De Salvo, a wise cracking, small time criminal with an unrelenting sex drive, who ultimately falsely confesses to being the strangler that wreaked havoc in Boston during the early sixties. Guided by his manipulative cell mate, who knows more about the murders than he reveals, they devise a plan to gain all of the notoriety from the killings and the money from the reward. Meanwhile, Detective John Marsden, searches out the truth certain that they were not committed by one man. Fighting the bureaucracy of the day, Marsden lets his emotions get the best of him as he follows the trail of the murders.', '/axYQYEIN4nnWAHPhZpaAcnyOxOy.jpg');
INSERT INTO movie_genres (movie_id, genre_id) VALUES (28937, 80);
INSERT INTO movie_genres (movie_id, genre_id) VALUES (28937, 18);
INSERT INTO movie_genres (movie_id, genre_id) VALUES (28937, 9648);
INSERT INTO movie_genres (movie_id, genre_id) VALUES (28937, 53);
INSERT INTO movies (id, title, release_date, description, poster_path) VALUES (68610, 'ReGOREgitated Sacrifice', '2008-06-13', 'Guided by identical twin demon spirits, The Black Angels of Hell, we see the diabolical depiction of the alternate-parallel dimension of the simultaneous suicide deaths of Kurt Cobain and bulimic porn star Angela Aberdeen, as seen through the mental activity of Angela''s journey toward brain death as a result of her self-inflicted death by drowning.', '/oqPYxloF89EYvCBaS5YnxczZJkM.jpg');
INSERT INTO movie_genres (movie_id, genre_id) VALUES (68610, 27);
INSERT INTO movies (id, title, release_date, description, poster_path) VALUES (263472, 'Knock Knock', '2015-06-26', 'When a devoted husband and father is left home alone for the weekend, two stranded young women unexpectedly knock on his door for help. What starts out as a kind gesture results in a dangerous seduction and a deadly game of cat and mouse.', '/cUC4rUb1Cs2KMaZ6RD4uYUEEwls.jpg');
INSERT INTO movie_genres (movie_id, genre_id) VALUES (263472, 80);
INSERT INTO movie_genres (movie_id, genre_id) VALUES (263472, 27);
INSERT INTO movie_genres (movie_id, genre_id) VALUES (263472, 53);
INSERT INTO movies (id, title, release_date, description, poster_path) VALUES (126889, 'Alien: Covenant', '2017-05-09', 'The crew of the colony ship Covenant, bound for a remote planet on the far side of the galaxy, discovers what they think is an uncharted paradise but is actually a dark, dangerous world.', '/zecMELPbU5YMQpC81Z8ImaaXuf9.jpg');
INSERT INTO movie_genres (movie_id, genre_id) VALUES (126889, 27);
INSERT INTO movie_genres (movie_id, genre_id) VALUES (126889, 878);
INSERT INTO movie_genres (movie_id, genre_id) VALUES (126889, 53);
INSERT INTO movies (id, title, release_date, description, poster_path) VALUES (483104, 'A Christmas Prince', '2017-11-17', 'When a reporter goes undercover as a nanny to get the inside scoop on a playboy prince, she gets tangled in some royal intrigue and ends up finding love - but will she be able to keep up her lie?', '/x0IGQsMzVbsF7noj5cCfEk1GU7s.jpg');
INSERT INTO movie_genres (movie_id, genre_id) VALUES (483104, 10749);
INSERT INTO movie_genres (movie_id, genre_id) VALUES (483104, 10770);
INSERT INTO movies (id, title, release_date, description, poster_path) VALUES (746036, 'The Fall Guy', '2024-04-24', 'Fresh off an almost career-ending accident, stuntman Colt Seavers has to track down a missing movie star, solve a conspiracy and try to win back the love of his life while still doing his day job.', '/e7olqFmzcIX5c23kX4zSmLPJi8c.jpg');
INSERT INTO movie_genres (movie_id, genre_id) VALUES (746036, 28);
INSERT INTO movie_genres (movie_id, genre_id) VALUES (746036, 35);
INSERT INTO movie_genres (movie_id, genre_id) VALUES (746036, 10749);
INSERT INTO movies (id, title, release_date, description, poster_path) VALUES (606856, 'Togo', '2019-12-20', 'The untold true story set in the winter of 1925 that takes you across the treacherous terrain of the Alaskan tundra for an exhilarating and uplifting adventure that will test the strength, courage and determination of one man, Leonhard Seppala, and his lead sled dog, Togo.', '/wX0QD36a80hxulcizz7tyahYOF8.jpg');
INSERT INTO movie_genres (movie_id, genre_id) VALUES (606856, 12);
INSERT INTO movie_genres (movie_id, genre_id) VALUES (606856, 10751);
INSERT INTO movies (id, title, release_date, description, poster_path) VALUES (59, 'A History of Violence', '2005-09-23', 'An average family is thrust into the spotlight after the father commits a seemingly self-defense murder at his diner.', '/A26rcvipOqptVs7i5uRmKicXRxE.jpg');
INSERT INTO movie_genres (movie_id, genre_id) VALUES (59, 18);
INSERT INTO movie_genres (movie_id, genre_id) VALUES (59, 53);
INSERT INTO movie_genres (movie_id, genre_id) VALUES (59, 80);
INSERT INTO movies (id, title, release_date, description, poster_path) VALUES (71990, 'The Strange World of Planet X', '1958-03-04', 'Near a small English village,  a scientific team is conducting experiments with magnetic fields, the results of which may have military applications but the intensification of which seem to be connected to UFO reports, a series of murders, an enormous insect egg, and a strange visitor with exceptional scientific knowledge.', '/e1XJeRBmbIgnHU6YseqMLNLREhw.jpg');
INSERT INTO movie_genres (movie_id, genre_id) VALUES (71990, 27);
INSERT INTO movie_genres (movie_id, genre_id) VALUES (71990, 878);
INSERT INTO movies (id, title, release_date, description, poster_path) VALUES (547475, 'Rendel: Cycle of Revenge', '2024-06-28', 'When ‘Smiley’ takes over the Vala Drug Corporation, a masked vigilante, Rendel, will avenge the murder of his family.', '/im48m1dWTdSTYo7Ue8SxvfUd6iq.jpg');
INSERT INTO movie_genres (movie_id, genre_id) VALUES (547475, 28);
INSERT INTO movies (id, title, release_date, description, poster_path) VALUES (11011, 'Ri¢hie Ri¢h', '1994-12-19', 'Billionaire heir Richie Rich has it all, including Reggie Jackson as a batting coach and Claudia Schiffer as a personal trainer -- but no playmates. What''s more, scoundrel Laurence Van Dough is scheming to take over the family empire. Uh-oh! Enter faithful butler Cadbury to save the day.', '/qgGh5d0IHAZRlHIdFS3XWVygumR.jpg');
INSERT INTO movie_genres (movie_id, genre_id) VALUES (11011, 35);
INSERT INTO movie_genres (movie_id, genre_id) VALUES (11011, 10751);
INSERT INTO movies (id, title, release_date, description, poster_path) VALUES (117263, 'Olympus Has Fallen', '2013-03-20', 'When the White House (Secret Service Code: "Olympus") is captured by a terrorist mastermind and the President is kidnapped, disgraced former Presidential guard Mike Banning finds himself trapped within the building. As the national security team scrambles to respond, they are forced to rely on Banning''s inside knowledge to help retake the White House, save the President and avert an even bigger disaster.', '/gKnx04MxnKcf5uOdhHhAAkqcCg.jpg');
INSERT INTO movie_genres (movie_id, genre_id) VALUES (117263, 28);
INSERT INTO movie_genres (movie_id, genre_id) VALUES (117263, 53);
INSERT INTO movies (id, title, release_date, description, poster_path) VALUES (1573, 'Die Hard 2', '1990-07-03', 'One year after his heroics in Los Angeles, John McClane is an off-duty cop who is the wrong guy in the wrong place at the wrong time. On a snowy Christmas Eve, as he waits for his wife''s plane to land at Washington Dulles International Airport, terrorists take over the air traffic control system in a plot to free a South American army general and drug smuggler being flown into the US to face drug charges. It''s now up to McClane to take on the terrorists, while coping with an inept airport police chief, an uncooperative anti-terrorist squad, and the life of his wife and everyone else trapped in planes circling overhead.', '/lDFO7D4MdbhjOwaPwe18QG69Rt0.jpg');
INSERT INTO movie_genres (movie_id, genre_id) VALUES (1573, 28);
INSERT INTO movie_genres (movie_id, genre_id) VALUES (1573, 53);
INSERT INTO movies (id, title, release_date, description, poster_path) VALUES (257344, 'Pixels', '2015-07-16', 'Video game experts are recruited by the military to fight 1980s-era video game characters who''ve attacked New York.', '/d26S5EfVXLNxRXqyFy1yyl3qRq3.jpg');
INSERT INTO movie_genres (movie_id, genre_id) VALUES (257344, 28);
INSERT INTO movie_genres (movie_id, genre_id) VALUES (257344, 35);
INSERT INTO movie_genres (movie_id, genre_id) VALUES (257344, 878);
INSERT INTO movie_genres (movie_id, genre_id) VALUES (257344, 14);
INSERT INTO movies (id, title, release_date, description, poster_path) VALUES (1244944, 'The Woman in the Yard', '2025-03-27', 'In the aftermath of her husband''s death, widow Ramona''s struggle to raise her two kids is hindered by the arrival of a mysterious woman with supernatural abilities.', '/n0WS2TsNcS6dtaZKzxipyO7LuCJ.jpg');
INSERT INTO movie_genres (movie_id, genre_id) VALUES (1244944, 27);
INSERT INTO movie_genres (movie_id, genre_id) VALUES (1244944, 9648);
INSERT INTO movies (id, title, release_date, description, poster_path) VALUES (268896, 'Pacific Rim: Uprising', '2018-03-21', 'It has been ten years since The Battle of the Breach and the oceans are still, but restless. Vindicated by the victory at the Breach, the Jaeger program has evolved into the most powerful global defense force in human history. The PPDC now calls upon the best and brightest to rise up and become the next generation of heroes when the Kaiju threat returns.', '/nFWhttU8PM50t25NPdy7PE7rv3G.jpg');
INSERT INTO movie_genres (movie_id, genre_id) VALUES (268896, 28);
INSERT INTO movie_genres (movie_id, genre_id) VALUES (268896, 14);
INSERT INTO movie_genres (movie_id, genre_id) VALUES (268896, 878);
INSERT INTO movie_genres (movie_id, genre_id) VALUES (268896, 12);
INSERT INTO movies (id, title, release_date, description, poster_path) VALUES (131634, 'The Hunger Games: Mockingjay - Part 2', '2015-11-18', 'As the war between the Capitol and the districts reaches its peak, Katniss Everdeen embarks on a perilous mission to liberate Panem and confront President Snow. Joined by a team of trusted allies, she navigates deadly traps, shifting loyalties, and the heavy cost of rebellion, determined to bring freedom to her people and end the Hunger Games once and for all.', '/lImKHDfExAulp16grYm8zD5eONE.jpg');
INSERT INTO movie_genres (movie_id, genre_id) VALUES (131634, 28);
INSERT INTO movie_genres (movie_id, genre_id) VALUES (131634, 12);
INSERT INTO movie_genres (movie_id, genre_id) VALUES (131634, 878);
INSERT INTO movies (id, title, release_date, description, poster_path) VALUES (67115, 'Mickey''s Rival', '1936-06-20', 'Minnie''s old friend, Mortimer Mouse, drops in on Mickey and Minnie''s picnic. His practical jokes and coming on to Minnie soon have Mickey stewing, and their car isn''t happy either. When Mortimer gets a nearby bull enraged and takes off, the car comes to the rescue after Mickey gets tangled up in a red blanket.', '/v6anOVTkMD44bjqvNTLkKsiQMxC.jpg');
INSERT INTO movie_genres (movie_id, genre_id) VALUES (67115, 16);
INSERT INTO movie_genres (movie_id, genre_id) VALUES (67115, 35);
INSERT INTO movies (id, title, release_date, description, poster_path) VALUES (381284, 'Hidden Figures', '2016-12-10', 'The untold story of Katherine G. Johnson, Dorothy Vaughan and Mary Jackson – brilliant African-American women working at NASA and serving as the brains behind one of the greatest operations in history – the launch of astronaut John Glenn into orbit. The visionary trio crossed all gender and race lines to inspire generations to dream big.', '/9lfz2W2uGjyow3am00rsPJ8iOyq.jpg');
INSERT INTO movie_genres (movie_id, genre_id) VALUES (381284, 18);
INSERT INTO movie_genres (movie_id, genre_id) VALUES (381284, 36);
INSERT INTO movies (id, title, release_date, description, poster_path) VALUES (297802, 'Aquaman', '2018-12-07', 'Half-human, half-Atlantean Arthur Curry is taken on the journey of his lifetime to discover if he is worth of being a king.', '/ufl63EFcc5XpByEV2Ecdw6WJZAI.jpg');
INSERT INTO movie_genres (movie_id, genre_id) VALUES (297802, 28);
INSERT INTO movie_genres (movie_id, genre_id) VALUES (297802, 12);
INSERT INTO movie_genres (movie_id, genre_id) VALUES (297802, 14);
INSERT INTO movies (id, title, release_date, description, poster_path) VALUES (861, 'Total Recall', '1990-06-01', 'Construction worker Douglas Quaid''s obsession with the planet Mars leads him to visit Recall, a company that manufactures memories. When his memory implant goes wrong, Doug can no longer be sure what is and isn''t reality.', '/wVbeL6fkbTKSmNfalj4VoAUUqJv.jpg');
INSERT INTO movie_genres (movie_id, genre_id) VALUES (861, 28);
INSERT INTO movie_genres (movie_id, genre_id) VALUES (861, 12);
INSERT INTO movie_genres (movie_id, genre_id) VALUES (861, 878);
INSERT INTO movies (id, title, release_date, description, poster_path) VALUES (9495, 'The Crow', '1994-05-11', 'Exactly one year after young rock guitarist Eric Draven and his fiancée are brutally killed by a ruthless gang of criminals, Draven, watched over by a hypnotic crow, returns from the grave to exact revenge.', '/rMMB3v6jYHjsvXRNJYESacoTD7j.jpg');
INSERT INTO movie_genres (movie_id, genre_id) VALUES (9495, 14);
INSERT INTO movie_genres (movie_id, genre_id) VALUES (9495, 28);
INSERT INTO movie_genres (movie_id, genre_id) VALUES (9495, 53);
INSERT INTO movies (id, title, release_date, description, poster_path) VALUES (777443, 'The Electric State', '2025-03-07', 'An orphaned teen hits the road with a mysterious robot to find her long-lost brother, teaming up with a smuggler and his wisecracking sidekick.', '/sI2NiMU8o65hmIMY0JI9CjJ0p7f.jpg');
INSERT INTO movie_genres (movie_id, genre_id) VALUES (777443, 878);
INSERT INTO movie_genres (movie_id, genre_id) VALUES (777443, 12);
INSERT INTO movie_genres (movie_id, genre_id) VALUES (777443, 28);
INSERT INTO movies (id, title, release_date, description, poster_path) VALUES (49049, 'Dredd', '2012-09-07', 'In the future, America is a dystopian wasteland. The latest scourge is Ma-Ma, a prostitute-turned-drug pusher with a dangerous new drug and aims to take over the city. The only possibility of stopping her is an elite group of urban police called Judges, who combine the duties of judge, jury and executioner to deliver a brutal brand of swift justice. But even the top-ranking Judge, Dredd, discovers that taking down Ma-Ma isn’t as easy as it seems in this explosive adaptation of the hugely popular comic series.', '/wLx65gtGVnUFCxceHWGszcruCZj.jpg');
INSERT INTO movie_genres (movie_id, genre_id) VALUES (49049, 28);
INSERT INTO movie_genres (movie_id, genre_id) VALUES (49049, 878);
INSERT INTO movies (id, title, release_date, description, poster_path) VALUES (631058, 'Boogie', '2021-03-05', 'Alfred “Boogie” Chin is a basketball phenom living in Queens, New York, who dreams of one day playing in the NBA. While his parents pressure him to focus on earning a scholarship to an elite college, Boogie must find a way to navigate a new girlfriend, high school, on-court rivals and the burden of expectation.', '/n5xmNu7Lb4IqOahsE8K6W8xBTC7.jpg');
INSERT INTO movie_genres (movie_id, genre_id) VALUES (631058, 18);
INSERT INTO movies (id, title, release_date, description, poster_path) VALUES (483906, 'Polar', '2019-01-25', 'When a retiring assassin realizes that he is the target of a hit, he winds up back in the game going head to head with a gang of younger, ruthless killers.', '/qOBEpKVLl8Q9CZScbOcRRVISezV.jpg');
INSERT INTO movie_genres (movie_id, genre_id) VALUES (483906, 28);
INSERT INTO movie_genres (movie_id, genre_id) VALUES (483906, 80);
INSERT INTO movie_genres (movie_id, genre_id) VALUES (483906, 18);
INSERT INTO movies (id, title, release_date, description, poster_path) VALUES (2082, 'Halloween', '2007-08-31', 'The early years of young Michael Myers and the events leading up to his fateful Halloween night murder rampage in the quiet town of Haddonfield, Illinois.', '/cD8JrfSEI4j7WVnKM1GdiYzMoUh.jpg');
INSERT INTO movie_genres (movie_id, genre_id) VALUES (2082, 27);
INSERT INTO movies (id, title, release_date, description, poster_path) VALUES (11247, 'A Cinderella Story', '2004-07-16', 'Routinely exploited by her wicked stepmother, the downtrodden Samantha Montgomery is excited about the prospect of meeting her Internet beau at the school''s Halloween dance.', '/ukwP7gDPWxj1R1dW5iN3mnxkL3D.jpg');
INSERT INTO movie_genres (movie_id, genre_id) VALUES (11247, 35);
INSERT INTO movie_genres (movie_id, genre_id) VALUES (11247, 10751);
INSERT INTO movie_genres (movie_id, genre_id) VALUES (11247, 10749);
INSERT INTO movies (id, title, release_date, description, poster_path) VALUES (970450, 'Werewolves', '2024-12-04', 'A year after a supermoon’s light activated a dormant gene, transforming humans into bloodthirsty werewolves and causing nearly a billion deaths, the nightmare resurfaces as the supermoon rises again. Two scientists attempt to stop the mutation but fail and must now struggle to reach one of their family homes.', '/otXBlMPbFBRs6o2Xt6KX59Qw6dL.jpg');
INSERT INTO movie_genres (movie_id, genre_id) VALUES (970450, 28);
INSERT INTO movie_genres (movie_id, genre_id) VALUES (970450, 27);
INSERT INTO movie_genres (movie_id, genre_id) VALUES (970450, 53);
INSERT INTO movies (id, title, release_date, description, poster_path) VALUES (1191885, 'Flashback', '2023-10-20', 'After a violent attack at her home, a yoga instructor sees flashbacks of her life and begins a frantic race through her past to try to save her boyfriend.', '/wQ2jQbygvJW5HsEyaCNv2WxtAnl.jpg');
INSERT INTO movie_genres (movie_id, genre_id) VALUES (1191885, 14);
INSERT INTO movie_genres (movie_id, genre_id) VALUES (1191885, 10749);
INSERT INTO movie_genres (movie_id, genre_id) VALUES (1191885, 53);
INSERT INTO movies (id, title, release_date, description, poster_path) VALUES (9016, 'Treasure Planet', '2002-11-26', 'When space galleon cabin boy Jim Hawkins discovers a map to an intergalactic "loot of a thousand worlds," a cyborg cook named John Silver teaches him to battle supernovas and space storms on their journey to find treasure.', '/zMKatZ0c0NCoKzfizaCzVUcbKMf.jpg');
INSERT INTO movie_genres (movie_id, genre_id) VALUES (9016, 878);
INSERT INTO movie_genres (movie_id, genre_id) VALUES (9016, 12);
INSERT INTO movie_genres (movie_id, genre_id) VALUES (9016, 16);
INSERT INTO movie_genres (movie_id, genre_id) VALUES (9016, 10751);
INSERT INTO movie_genres (movie_id, genre_id) VALUES (9016, 14);
INSERT INTO movies (id, title, release_date, description, poster_path) VALUES (10591, 'The Girl Next Door', '2004-04-09', 'Exceptionally ambitious high schooler Matthew has aspirations for a career in politics when he falls in love with his gorgeous 19-year-old neighbor, Danielle. But Matthew''s bright future is jeopardized when he finds Danielle was once a porn star. As Danielle''s past catches up with her, Matthew''s love for her forces him to re-evaluate his goals.', '/lUL6PNWpW9BFvXIWWXUZszfXGGl.jpg');
INSERT INTO movie_genres (movie_id, genre_id) VALUES (10591, 35);
INSERT INTO movie_genres (movie_id, genre_id) VALUES (10591, 10749);
INSERT INTO movies (id, title, release_date, description, poster_path) VALUES (49529, 'John Carter', '2012-03-07', 'John Carter is a war-weary, former military captain who''s inexplicably transported to the mysterious and exotic planet of Barsoom (Mars) and reluctantly becomes embroiled in an epic conflict. It''s a world on the brink of collapse, and Carter rediscovers his humanity when he realizes the survival of Barsoom and its people rests in his hands.', '/lCxz1Yus07QCQQCb6I0Dr3Lmqpx.jpg');
INSERT INTO movie_genres (movie_id, genre_id) VALUES (49529, 28);
INSERT INTO movie_genres (movie_id, genre_id) VALUES (49529, 12);
INSERT INTO movie_genres (movie_id, genre_id) VALUES (49529, 878);
INSERT INTO movies (id, title, release_date, description, poster_path) VALUES (227159, 'Horrible Bosses 2', '2014-11-12', 'Dale, Kurt and Nick decide to start their own business but things don''t go as planned because of a slick investor, prompting the trio to pull off a harebrained and misguided kidnapping scheme.', '/boBOkwIqgrs8noxBUSDkkicKa4K.jpg');
INSERT INTO movie_genres (movie_id, genre_id) VALUES (227159, 35);
INSERT INTO movies (id, title, release_date, description, poster_path) VALUES (884605, 'No Hard Feelings', '2023-06-15', 'On the brink of losing her childhood home, Maddie discovers an intriguing job listing: wealthy helicopter parents looking for someone to “date” their introverted 19-year-old son, Percy, before he leaves for college. To her surprise, Maddie soon discovers the awkward Percy is no sure thing.', '/gD72DhJ7NbfxvtxGiAzLaa0xaoj.jpg');
INSERT INTO movie_genres (movie_id, genre_id) VALUES (884605, 35);
INSERT INTO movie_genres (movie_id, genre_id) VALUES (884605, 10749);
INSERT INTO movies (id, title, release_date, description, poster_path) VALUES (1075794, 'Leo', '2023-11-17', 'Jaded 74-year-old lizard Leo has been stuck in the same Florida classroom for decades with his terrarium-mate turtle. When he learns he only has one year left to live, he plans to escape to experience life on the outside but instead gets caught up in the problems of his anxious students — including an impossibly mean substitute teacher.', '/gSOVog7ydsaF1YpgAqBqnKYFGY.jpg');
INSERT INTO movie_genres (movie_id, genre_id) VALUES (1075794, 16);
INSERT INTO movie_genres (movie_id, genre_id) VALUES (1075794, 35);
INSERT INTO movie_genres (movie_id, genre_id) VALUES (1075794, 10751);
INSERT INTO movies (id, title, release_date, description, poster_path) VALUES (752505, 'The Old Ways', '2021-04-04', 'Cristina, a journalist of Mexican origin, travels to her ancestral home in Veracruz to investigate a story of sorcery and healing. There, she is kidnapped by a group of locals who claim she''s the devil incarnated.', '/jYnedFgdnN62QXE8HAPVtQKNFFm.jpg');
INSERT INTO movie_genres (movie_id, genre_id) VALUES (752505, 27);
INSERT INTO movie_genres (movie_id, genre_id) VALUES (752505, 14);
INSERT INTO movies (id, title, release_date, description, poster_path) VALUES (9880, 'The Princess Diaries', '2001-08-03', 'A socially awkward but very bright 15-year-old girl being raised by a single mom discovers that she is the princess of a small European country because of the recent death of her long-absent father, who, unknown to her, was the crown prince of Genovia. She must make a choice between continuing the life of a San Francisco teen or stepping up to the throne.', '/qSw4lzhDGeM5MjQc86BLzJALhBs.jpg');
INSERT INTO movie_genres (movie_id, genre_id) VALUES (9880, 35);
INSERT INTO movie_genres (movie_id, genre_id) VALUES (9880, 10751);
INSERT INTO movie_genres (movie_id, genre_id) VALUES (9880, 10749);
INSERT INTO movies (id, title, release_date, description, poster_path) VALUES (497582, 'Enola Holmes', '2020-09-23', 'While searching for her missing mother, intrepid teen Enola Holmes uses her sleuthing skills to outsmart big brother Sherlock and help a runaway lord.', '/riYInlsq2kf1AWoGm80JQW5dLKp.jpg');
INSERT INTO movie_genres (movie_id, genre_id) VALUES (497582, 12);
INSERT INTO movie_genres (movie_id, genre_id) VALUES (497582, 9648);
INSERT INTO movie_genres (movie_id, genre_id) VALUES (497582, 80);
INSERT INTO movies (id, title, release_date, description, poster_path) VALUES (273481, 'Sicario', '2015-09-17', 'An idealistic FBI agent is enlisted by a government task force to aid in the escalating war against drugs at the border area between the U.S. and Mexico.', '/lz8vNyXeidqqOdJW9ZjnDAMb5Vr.jpg');
INSERT INTO movie_genres (movie_id, genre_id) VALUES (273481, 28);
INSERT INTO movie_genres (movie_id, genre_id) VALUES (273481, 80);
INSERT INTO movie_genres (movie_id, genre_id) VALUES (273481, 53);
INSERT INTO movies (id, title, release_date, description, poster_path) VALUES (2043, 'Along Came a Spider', '2001-04-06', 'After the harrowing death of his partner, forensic psychologist and best-selling author Alex Cross cannot forgive himself and has retreated to the peace of retirement. But when a brilliant criminal kidnaps a senator''s young daughter, he is lured back into action as the kidnapper wants to deal with Alex personally. Teamed with Jezzie Flanigan, the Secret Service agent assigned to protect the missing girl, Alex follows a serpentine trail of clues that leads him to a stunning discovery - the kidnapper wants more than just ransom.', '/vipRsbIpwUNf1gjfOcVNizQ1o3c.jpg');
INSERT INTO movie_genres (movie_id, genre_id) VALUES (2043, 80);
INSERT INTO movie_genres (movie_id, genre_id) VALUES (2043, 9648);
INSERT INTO movie_genres (movie_id, genre_id) VALUES (2043, 53);
INSERT INTO movie_genres (movie_id, genre_id) VALUES (2043, 28);
INSERT INTO movies (id, title, release_date, description, poster_path) VALUES (9787, 'Lords of Dogtown', '2005-06-03', 'The radical true story behind three teenage surfers from Venice Beach, California, who took skateboarding to the extreme and changed the world of sports forever. Stacy Peralta, Tony Alva and Jay Adams are the Z-Boys, a bunch of nobodies until they create a new style of skateboarding that becomes a worldwide phenomenon. But when their hobby becomes a business, the success shreds their friendship.', '/k2NiPfydLSwmk28C6qpvpJPuqtq.jpg');
INSERT INTO movie_genres (movie_id, genre_id) VALUES (9787, 18);
INSERT INTO movies (id, title, release_date, description, poster_path) VALUES (1023922, 'MaXXXine', '2024-07-04', 'In 1980s Hollywood, adult film star and aspiring actress Maxine Minx finally gets her big break. But as a mysterious killer stalks the starlets of Hollywood, a trail of blood threatens to reveal her sinister past.', '/ArvoFK6nlouZRxYmtIOUzKIrg90.jpg');
INSERT INTO movie_genres (movie_id, genre_id) VALUES (1023922, 27);
INSERT INTO movie_genres (movie_id, genre_id) VALUES (1023922, 53);
INSERT INTO movies (id, title, release_date, description, poster_path) VALUES (728144, 'The Special', '2020-01-31', 'Suspecting his wife of infidelity, Jerry is persuaded by his best friend to accompany him to a brothel to sample ‘The Special’, which proves to be a lifechanging experience in more ways than one. Because every pleasure has its price...', '/kVRVgtgPDm9Wg6lVMpE4PGNs1V5.jpg');
INSERT INTO movie_genres (movie_id, genre_id) VALUES (728144, 27);
INSERT INTO movie_genres (movie_id, genre_id) VALUES (728144, 35);
INSERT INTO movies (id, title, release_date, description, poster_path) VALUES (592831, 'Megalopolis', '2024-09-25', 'Genius artist Cesar Catilina seeks to leap the City of New Rome into a utopian, idealistic future, while his opposition, Mayor Franklyn Cicero, remains committed to a regressive status quo, perpetuating greed, special interests, and partisan warfare. Torn between them is socialite Julia Cicero, the mayor’s daughter, whose love for Cesar has divided her loyalties, forcing her to discover what she truly believes humanity deserves.', '/8Sok3HNA3r1GHnK2lCytHyBz1A.jpg');
INSERT INTO movie_genres (movie_id, genre_id) VALUES (592831, 878);
INSERT INTO movie_genres (movie_id, genre_id) VALUES (592831, 18);
INSERT INTO movies (id, title, release_date, description, poster_path) VALUES (454983, 'The Kissing Booth', '2018-05-11', 'When teenager Elle''s first kiss leads to a forbidden romance with the hottest boy in high school, she risks her relationship with her best friend.', '/vcQNnnXgKLacoYF4LNWgkNiDXPd.jpg');
INSERT INTO movie_genres (movie_id, genre_id) VALUES (454983, 10749);
INSERT INTO movie_genres (movie_id, genre_id) VALUES (454983, 35);
INSERT INTO movies (id, title, release_date, description, poster_path) VALUES (9757, 'Norbit', '2007-02-08', 'A mild-mannered guy who is engaged to a monstrous woman meets the woman of his dreams, and schemes to find a way to be with her.', '/XcZ5NzygPp54csxCnzvQKuxFL2.jpg');
INSERT INTO movie_genres (movie_id, genre_id) VALUES (9757, 35);
INSERT INTO movies (id, title, release_date, description, poster_path) VALUES (1452176, 'Abraham''s Boys', '2025-07-11', 'Max and Rudy Van Helsing have spent their lives under the strict and overprotective rule of their father, Abraham. Unaware of his dark past, they struggle to understand his paranoia and increasingly erratic behavior. But when they begin to uncover the violent truths behind their father’s history with Dracula, their world unravels, forcing them to confront the terrifying legacy they were never meant to inherit.', '/e10AbPwcJk5b7ja3MQUVr5wHEeq.jpg');
INSERT INTO movie_genres (movie_id, genre_id) VALUES (1452176, 27);
INSERT INTO movies (id, title, release_date, description, poster_path) VALUES (1452176, 'Abraham''s Boys', '2025-07-11', 'Max and Rudy Van Helsing have spent their lives under the strict and overprotective rule of their father, Abraham. Unaware of his dark past, they struggle to understand his paranoia and increasingly erratic behavior. But when they begin to uncover the violent truths behind their father’s history with Dracula, their world unravels, forcing them to confront the terrifying legacy they were never meant to inherit.', '/e10AbPwcJk5b7ja3MQUVr5wHEeq.jpg');
INSERT INTO movie_genres (movie_id, genre_id) VALUES (1452176, 27);
INSERT INTO movies (id, title, release_date, description, poster_path) VALUES (402900, 'Ocean''s Eight', '2018-06-07', 'Debbie Ocean, a criminal mastermind, gathers a crew of female thieves to pull off the heist of the century at New York''s annual Met Gala.', '/MvYpKlpFukTivnlBhizGbkAe3v.jpg');
INSERT INTO movie_genres (movie_id, genre_id) VALUES (402900, 80);
INSERT INTO movie_genres (movie_id, genre_id) VALUES (402900, 35);
INSERT INTO movie_genres (movie_id, genre_id) VALUES (402900, 28);
INSERT INTO movies (id, title, release_date, description, poster_path) VALUES (520901, 'Doom: Annihilation', '2019-09-30', 'A group of UAC Marines responds to a distress call from a top-secret scientific base on Phobos, a Martian moon, only to discover it''s been overrun by demons.', '/b7pEmwnayMZCVlnSq33izWcOlPI.jpg');
INSERT INTO movie_genres (movie_id, genre_id) VALUES (520901, 28);
INSERT INTO movie_genres (movie_id, genre_id) VALUES (520901, 878);
INSERT INTO movie_genres (movie_id, genre_id) VALUES (520901, 27);
INSERT INTO movies (id, title, release_date, description, poster_path) VALUES (13183, 'Watchmen', '2009-03-04', 'In a gritty and alternate 1985, the glory days of costumed vigilantes have been brought to a close by a government crackdown. But after one of the masked veterans is brutally murdered, an investigation into the killer is initiated. The reunited heroes set out to prevent their own destruction, but in doing so they uncover a sinister plot that puts all of humanity in grave danger.', '/aVURelN3pM56lFM7Dgfs5TixcIf.jpg');
INSERT INTO movie_genres (movie_id, genre_id) VALUES (13183, 9648);
INSERT INTO movie_genres (movie_id, genre_id) VALUES (13183, 28);
INSERT INTO movie_genres (movie_id, genre_id) VALUES (13183, 878);
INSERT INTO movies (id, title, release_date, description, poster_path) VALUES (96, 'Beverly Hills Cop II', '1987-05-18', 'Axel Foley returns to the land of sunshine and palm trees to investigate the near-fatal shooting of police Captain Andrew Bogomil. With the help of Sgt. Taggart and Det. Rosewood, they soon uncover that the shooting is associated with a series of "alphabet" robberies masterminded by a heartless weapons kingpin—and the chase is on.', '/egDakU8O5yUwpUJP9IMAUVtIDll.jpg');
INSERT INTO movie_genres (movie_id, genre_id) VALUES (96, 28);
INSERT INTO movie_genres (movie_id, genre_id) VALUES (96, 35);
INSERT INTO movie_genres (movie_id, genre_id) VALUES (96, 80);
INSERT INTO movies (id, title, release_date, description, poster_path) VALUES (725201, 'The Gray Man', '2022-07-13', 'When a shadowy CIA agent uncovers damning agency secrets, he''s hunted across the globe by a sociopathic rogue operative who''s put a bounty on his head.', '/8cXbitsS6dWQ5gfMTZdorpAAzEH.jpg');
INSERT INTO movie_genres (movie_id, genre_id) VALUES (725201, 28);
INSERT INTO movie_genres (movie_id, genre_id) VALUES (725201, 53);
INSERT INTO movies (id, title, release_date, description, poster_path) VALUES (37247, 'The Graduate', '1967-12-21', 'A disillusioned college graduate finds himself torn between his older lover and her daughter.', '/z1Z1tZMR66RxcNeHbwoEhYeqOlP.jpg');
INSERT INTO movie_genres (movie_id, genre_id) VALUES (37247, 18);
INSERT INTO movie_genres (movie_id, genre_id) VALUES (37247, 10749);
INSERT INTO movie_genres (movie_id, genre_id) VALUES (37247, 35);
INSERT INTO movies (id, title, release_date, description, poster_path) VALUES (410717, 'Joe Pera Talks You to Sleep', '2016-03-22', 'Joe Pera makes an honest attempt to talk you to sleep using mild jokes and low-key stories.', '/qFlR5XkyaT0I4lkDfW1O2Vj7xfx.jpg');
INSERT INTO movie_genres (movie_id, genre_id) VALUES (410717, 16);
INSERT INTO movie_genres (movie_id, genre_id) VALUES (410717, 35);
INSERT INTO movies (id, title, release_date, description, poster_path) VALUES (359724, 'Ford v Ferrari', '2019-11-13', 'American car designer Carroll Shelby and the British-born driver Ken Miles work together to battle corporate interference, the laws of physics, and their own personal demons to build a revolutionary race car for Ford Motor Company and take on the dominating race cars of Enzo Ferrari at the 24 Hours of Le Mans in France in 1966.', '/dR1Ju50iudrOh3YgfwkAU1g2HZe.jpg');
INSERT INTO movie_genres (movie_id, genre_id) VALUES (359724, 18);
INSERT INTO movie_genres (movie_id, genre_id) VALUES (359724, 28);
INSERT INTO movie_genres (movie_id, genre_id) VALUES (359724, 36);
INSERT INTO movies (id, title, release_date, description, poster_path) VALUES (7299, 'Equilibrium', '2002-12-06', 'In a dystopian future, a totalitarian regime maintains peace by subduing the populace with a drug, and displays of emotion are punishable by death. A man in charge of enforcing the law rises to overthrow the system.', '/eW3YrxOh3rd6PnRgMSftYoflvfe.jpg');
INSERT INTO movie_genres (movie_id, genre_id) VALUES (7299, 28);
INSERT INTO movie_genres (movie_id, genre_id) VALUES (7299, 878);
INSERT INTO movie_genres (movie_id, genre_id) VALUES (7299, 53);
INSERT INTO movies (id, title, release_date, description, poster_path) VALUES (1058632, 'AUM: The Cult at the End of the World', '2025-03-19', 'The shocking story of Aum Shinrikyo, the doomsday cult that unleashed a deadly nerve gas in Tokyo’s subway system in 1995. Founded by disillusioned yoga teacher Shoko Asahara, Aum transformed into a terrorist organization while Japan’s police and media turned a blind eye. Featuring rare archival footage and an interview with one of Asahara’s former high-ranking disciples. A Sundance premiere.', '/rpZ8dpRXHpLXYgN1r1Y7ljVCEoT.jpg');
INSERT INTO movie_genres (movie_id, genre_id) VALUES (1058632, 99);
INSERT INTO movie_genres (movie_id, genre_id) VALUES (1058632, 80);
INSERT INTO movies (id, title, release_date, description, poster_path) VALUES (1111873, 'Abigail', '2024-04-16', 'A group of criminals kidnap a teenage ballet dancer, the daughter of a notorious gang leader, in order to obtain a ransom of $50 million, but over time, they discover that she is not just an ordinary girl. After the kidnappers begin to diminish, one by one, they discover, to their increasing horror, that they are locked inside with no normal little girl.', '/5gKKSoD3iezjoL7YqZONjmyAiRA.jpg');
INSERT INTO movie_genres (movie_id, genre_id) VALUES (1111873, 27);
INSERT INTO movie_genres (movie_id, genre_id) VALUES (1111873, 53);
INSERT INTO movies (id, title, release_date, description, poster_path) VALUES (745, 'The Sixth Sense', '1999-08-06', 'Following an unexpected tragedy, child psychologist Malcolm Crowe meets a nine year old boy named Cole Sear, who is hiding a dark secret.', '/vOyfUXNFSnaTk7Vk5AjpsKTUWsu.jpg');
INSERT INTO movie_genres (movie_id, genre_id) VALUES (745, 9648);
INSERT INTO movie_genres (movie_id, genre_id) VALUES (745, 53);
INSERT INTO movie_genres (movie_id, genre_id) VALUES (745, 18);
INSERT INTO movies (id, title, release_date, description, poster_path) VALUES (232672, 'Blended', '2014-05-21', 'Recently divorced mom Lauren and widowed dad Jim let their friends push them into a blind date, which goes disastrously wrong. Unsurprisingly, neither wants to see the other ever again. However, fate intervenes when both Jim and Lauren, unbeknownst to each other, purchase one-half of the same vacation package at a South African resort for families, during spring break. They and their children are forced to share the same romantic suite and participate in a slew of family activities together.', '/o2YrH9jS7CAfWjETHFeL0tth79E.jpg');
INSERT INTO movie_genres (movie_id, genre_id) VALUES (232672, 35);
INSERT INTO movie_genres (movie_id, genre_id) VALUES (232672, 10749);
INSERT INTO movies (id, title, release_date, description, poster_path) VALUES (1271, '300', '2007-03-07', 'Based on Frank Miller''s graphic novel, "300" is very loosely based the 480 B.C. Battle of Thermopylae, where the King of Sparta led his army against the advancing Persians; the battle is said to have inspired all of Greece to band together against the Persians, and helped usher in the world''s first democracy.', '/h7Lcio0c9ohxPhSZg42eTlKIVVY.jpg');
INSERT INTO movie_genres (movie_id, genre_id) VALUES (1271, 28);
INSERT INTO movie_genres (movie_id, genre_id) VALUES (1271, 12);
INSERT INTO movie_genres (movie_id, genre_id) VALUES (1271, 10752);
INSERT INTO movies (id, title, release_date, description, poster_path) VALUES (719221, 'Tarot', '2024-05-01', 'When a group of friends recklessly violate the sacred rule of Tarot readings, they unknowingly unleash an unspeakable evil trapped within the cursed cards. One by one, they come face to face with fate and end up in a race against death.', '/gAEUXC37vl1SnM7PXsHTF23I2vq.jpg');
INSERT INTO movie_genres (movie_id, genre_id) VALUES (719221, 27);
INSERT INTO movies (id, title, release_date, description, poster_path) VALUES (68737, 'Seventh Son', '2014-12-12', 'John Gregory, who is a seventh son of a seventh son and also the local spook, has protected the country from witches, boggarts, ghouls and all manner of things that go bump in the night. However John is not young anymore, and has been seeking an apprentice to carry on his trade. Most have failed to survive. The last hope is a young farmer''s son named Thomas Ward. Will he survive the training to become the spook that so many others couldn''t?', '/7Q8DfXSjcFSSQDOxz1Sk865wNqI.jpg');
INSERT INTO movie_genres (movie_id, genre_id) VALUES (68737, 12);
INSERT INTO movie_genres (movie_id, genre_id) VALUES (68737, 14);
INSERT INTO movies (id, title, release_date, description, poster_path) VALUES (10140, 'The Chronicles of Narnia: The Voyage of the Dawn Treader', '2010-12-02', 'This time around Edmund and Lucy Pevensie, along with their pesky cousin Eustace Scrubb find themselves swallowed into a painting and on to a fantastic Narnian ship headed for the very edges of the world.', '/pP27zlm9yeKrCeDZLFLP2HKELot.jpg');
INSERT INTO movie_genres (movie_id, genre_id) VALUES (10140, 12);
INSERT INTO movie_genres (movie_id, genre_id) VALUES (10140, 10751);
INSERT INTO movie_genres (movie_id, genre_id) VALUES (10140, 14);
INSERT INTO movies (id, title, release_date, description, poster_path) VALUES (3597, 'I Know What You Did Last Summer', '1997-10-17', 'After an accident on a winding road, four teens make the fatal mistake of dumping their victim''s body into the sea. Exactly one year later, the deadly secret resurfaces as they''re stalked by a hook-handed figure.', '/dQyaJx0SptDqvQcAewAr8FAtLB2.jpg');
INSERT INTO movie_genres (movie_id, genre_id) VALUES (3597, 27);
INSERT INTO movie_genres (movie_id, genre_id) VALUES (3597, 53);
INSERT INTO movie_genres (movie_id, genre_id) VALUES (3597, 9648);
INSERT INTO movies (id, title, release_date, description, poster_path) VALUES (620, 'Ghostbusters', '1984-06-08', 'After losing their academic posts at a prestigious university, a team of parapsychologists goes into business as proton-pack-toting "ghostbusters" who exterminate ghouls, hobgoblins and supernatural pests of all stripes. An ad campaign pays off when a knockout cellist hires the squad to purge her swanky digs of demons that appear to be living in her refrigerator.', '/7E8nLijS9AwwUEPu2oFYOVKhdFA.jpg');
INSERT INTO movie_genres (movie_id, genre_id) VALUES (620, 35);
INSERT INTO movie_genres (movie_id, genre_id) VALUES (620, 14);
INSERT INTO movies (id, title, release_date, description, poster_path) VALUES (7512, 'Idiocracy', '2006-09-01', 'To test its top-secret Human Hibernation Project, the Pentagon picks the most average Americans it can find - an Army private and a prostitute - and sends them to the year 2505 after a series of freak events. But when they arrive, they find a civilization so dumbed-down that they''re the smartest people around.', '/6cTHBq49ApwsJaRr3ojlY1cmiXk.jpg');
INSERT INTO movie_genres (movie_id, genre_id) VALUES (7512, 35);
INSERT INTO movie_genres (movie_id, genre_id) VALUES (7512, 878);
INSERT INTO movie_genres (movie_id, genre_id) VALUES (7512, 12);
INSERT INTO movies (id, title, release_date, description, poster_path) VALUES (1290595, 'Tim Travers and the Time Traveler''s Paradox', '2025-05-30', 'A scientist creates a time machine and kills their younger self to see what would happen. And that self-obsessed, misanthropic, mad genius of a scientist is Tim Travers. And the universe was bad enough with only one of him.', '/ttP3RsGFOCqC8NGMhl956QraMnH.jpg');
INSERT INTO movie_genres (movie_id, genre_id) VALUES (1290595, 14);
INSERT INTO movie_genres (movie_id, genre_id) VALUES (1290595, 35);
INSERT INTO movie_genres (movie_id, genre_id) VALUES (1290595, 878);
INSERT INTO movies (id, title, release_date, description, poster_path) VALUES (8009, 'Highlander', '1986-03-07', 'He fought his first battle on the Scottish Highlands in 1536. He will fight his greatest battle on the streets of New York City in 1986. His name is Connor MacLeod. He is immortal.', '/8Z8dptJEypuLoOQro1WugD855YE.jpg');
INSERT INTO movie_genres (movie_id, genre_id) VALUES (8009, 12);
INSERT INTO movie_genres (movie_id, genre_id) VALUES (8009, 28);
INSERT INTO movie_genres (movie_id, genre_id) VALUES (8009, 14);
INSERT INTO movies (id, title, release_date, description, poster_path) VALUES (726209, 'Leave the World Behind', '2023-11-22', 'A family''s getaway to a luxurious rental home takes an ominous turn when a cyberattack knocks out their devices—and two strangers appear at their door.', '/29rhl1xopxA7JlGVVsf1UHfYPvN.jpg');
INSERT INTO movie_genres (movie_id, genre_id) VALUES (726209, 18);
INSERT INTO movie_genres (movie_id, genre_id) VALUES (726209, 9648);
INSERT INTO movie_genres (movie_id, genre_id) VALUES (726209, 53);
INSERT INTO movies (id, title, release_date, description, poster_path) VALUES (80278, 'The Impossible', '2012-09-09', 'In December 2004, close-knit family Maria, Henry and their three sons begin their winter vacation in Thailand. But the day after Christmas, the idyllic holiday turns into an incomprehensible nightmare when a terrifying roar rises from the depths of the sea, followed by a wall of black water that devours everything in its path. Though Maria and her family face their darkest hour, unexpected displays of kindness and courage ameliorate their terror.', '/k0DLCiDbnYywOHiISALbl2EH2NE.jpg');
INSERT INTO movie_genres (movie_id, genre_id) VALUES (80278, 18);
INSERT INTO movie_genres (movie_id, genre_id) VALUES (80278, 53);
INSERT INTO movie_genres (movie_id, genre_id) VALUES (80278, 36);
INSERT INTO movies (id, title, release_date, description, poster_path) VALUES (1102493, 'Small Things Like These', '2024-11-01', 'In 1985, while working as a coal merchant to support his family, Bill Furlong discovers disturbing secrets kept by the local convent and uncovers truths of his own; forcing him to confront his past and the complicit silence of a small Irish town controlled by the Catholic Church.', '/rdcO38cbWFg002nXg5QYtk7Tz4L.jpg');
INSERT INTO movie_genres (movie_id, genre_id) VALUES (1102493, 18);
INSERT INTO movie_genres (movie_id, genre_id) VALUES (1102493, 36);
INSERT INTO movies (id, title, release_date, description, poster_path) VALUES (1690, 'Hostel', '2006-01-06', 'Three backpackers head to a Slovakian city that promises to meet their hedonistic expectations, with no idea of the hell that awaits them.', '/dDrtuWUKhgUGp12kgUWuP0NpTdF.jpg');
INSERT INTO movie_genres (movie_id, genre_id) VALUES (1690, 27);
INSERT INTO movies (id, title, release_date, description, poster_path) VALUES (254, 'King Kong', '2005-12-12', 'In 1933 New York, an overly ambitious movie producer coerces his cast and hired ship crew to travel to mysterious Skull Island, where they encounter Kong, a giant ape who is immediately smitten with the leading lady.', '/qVCZtwBGls866wBb4PAfYtAjyr8.jpg');
INSERT INTO movie_genres (movie_id, genre_id) VALUES (254, 12);
INSERT INTO movie_genres (movie_id, genre_id) VALUES (254, 18);
INSERT INTO movie_genres (movie_id, genre_id) VALUES (254, 28);
INSERT INTO movies (id, title, release_date, description, poster_path) VALUES (1265063, 'After the Hunt', '2025-10-09', 'A college professor finds herself at a personal and professional crossroads when a star pupil levels an accusation against one of her colleagues, and a dark secret from her own past threatens to come to light.', '/mshLA4kWmtWUbORgfQS3gQeH3kt.jpg');
INSERT INTO movie_genres (movie_id, genre_id) VALUES (1265063, 18);
INSERT INTO movie_genres (movie_id, genre_id) VALUES (1265063, 53);
INSERT INTO movies (id, title, release_date, description, poster_path) VALUES (1239251, 'Megamind vs. the Doom Syndicate', '2024-03-01', 'Megamind''s former villain team, The Doom Syndicate, has returned. Our newly crowned blue hero must now keep up evil appearances until he can assemble his friends (Roxanne, Ol'' Chum and Keiko) to stop his former evil teammates from launching Metro City to the Moon.', '/1N7terrMeZPwK5qq31MUD0HQ3IG.jpg');
INSERT INTO movie_genres (movie_id, genre_id) VALUES (1239251, 16);
INSERT INTO movie_genres (movie_id, genre_id) VALUES (1239251, 35);
INSERT INTO movie_genres (movie_id, genre_id) VALUES (1239251, 878);
INSERT INTO movies (id, title, release_date, description, poster_path) VALUES (424649, 'Model for Murder: The Centerfold Killer', '2016-06-21', 'Supermodels compete for a coveted centerfold spread as a merciless killer stalks the glamorous women. Meanwhile, two detectives attempt to unravel the mystery before the body count mounts.', '/6Kf49vsaVDdxcXavEeDrulRsrbD.jpg');
INSERT INTO movie_genres (movie_id, genre_id) VALUES (424649, 27);
INSERT INTO movie_genres (movie_id, genre_id) VALUES (424649, 53);
INSERT INTO movie_genres (movie_id, genre_id) VALUES (424649, 9648);
INSERT INTO movies (id, title, release_date, description, poster_path) VALUES (76, 'Before Sunrise', '1995-01-27', 'An unexpected meeting on a train leads two travelers to spend an evening wandering through Vienna. As the night unfolds, they share stories and conversations about life and love, exploring new ideas while a quiet intimacy grows between them, knowing it may be their only night together.', '/kf1Jb1c2JAOqjuzA3H4oDM263uB.jpg');
INSERT INTO movie_genres (movie_id, genre_id) VALUES (76, 18);
INSERT INTO movie_genres (movie_id, genre_id) VALUES (76, 10749);
INSERT INTO movies (id, title, release_date, description, poster_path) VALUES (293167, 'Kong: Skull Island', '2017-03-08', 'Explore the mysterious and dangerous home of the king of the apes as a team of explorers ventures deep inside the treacherous, primordial island.', '/r2517Vz9EhDhj88qwbDVj8DCRZN.jpg');
INSERT INTO movie_genres (movie_id, genre_id) VALUES (293167, 28);
INSERT INTO movie_genres (movie_id, genre_id) VALUES (293167, 12);
INSERT INTO movie_genres (movie_id, genre_id) VALUES (293167, 14);
INSERT INTO movies (id, title, release_date, description, poster_path) VALUES (9473, 'South Park: Bigger, Longer & Uncut', '1999-06-24', 'In this feature film based on the hit animated series, the third graders of South Park sneak into an R-rated film by ultra-vulgar Canadian television personalities Terrance and Phillip, and emerge with expanded vocabularies that leave their parents and teachers scandalized. When outraged Americans try to censor the film, the controversy spirals into a call to wage war on Canada and Terrance and Phillip end up on death row, with the kids their only hope of rescue.', '/tS0PedvA2mFO9VCHYwQpaU1K36U.jpg');
INSERT INTO movie_genres (movie_id, genre_id) VALUES (9473, 16);
INSERT INTO movie_genres (movie_id, genre_id) VALUES (9473, 35);
INSERT INTO movies (id, title, release_date, description, poster_path) VALUES (526746, 'The Lost Viking', '2018-05-28', 'A young Viking called Vitharr arrives in Britain with dreams of conquest and adventure, but when his family and clan are ambushed and killed, he must survive alone in this strange,dangerous new land as he searches for his Uncle''s settlement.', '/gwLNpTRoJjPMTKyhYFGMQo5ra31.jpg');
INSERT INTO movie_genres (movie_id, genre_id) VALUES (526746, 28);
INSERT INTO movie_genres (movie_id, genre_id) VALUES (526746, 12);
INSERT INTO movie_genres (movie_id, genre_id) VALUES (526746, 36);
INSERT INTO movies (id, title, release_date, description, poster_path) VALUES (9291, 'The Longest Yard', '2005-05-27', 'Disgraced pro football quarterback Paul Crewe lands in a Texas federal penitentiary, where manipulative Warden Hazen recruits him to advise the institution''s football team of prison guards. Crewe suggests a tune-up game which lands him quarterbacking a crew of inmates in a game against the guards. Aided by incarcerated ex-NFL coach and player Nate Scarborough, Crewe and his team must overcome not only the bloodthirstiness of the opposition, but also the corrupt warden trying to fix the game against them.', '/nbKcVBcxF96ARW2oKHqDYAcLdu.jpg');
INSERT INTO movie_genres (movie_id, genre_id) VALUES (9291, 18);
INSERT INTO movie_genres (movie_id, genre_id) VALUES (9291, 35);
INSERT INTO movie_genres (movie_id, genre_id) VALUES (9291, 80);
INSERT INTO movies (id, title, release_date, description, poster_path) VALUES (4234, 'Scream 3', '2000-02-04', 'While Sidney Prescott and her friends visit the Hollywood set of Stab 3, the third film based on the Woodsboro murders, another Ghostface killer rises to terrorize them.', '/qpH8ToZVlFD1bakL04LkEKodyDI.jpg');
INSERT INTO movie_genres (movie_id, genre_id) VALUES (4234, 27);
INSERT INTO movie_genres (movie_id, genre_id) VALUES (4234, 9648);
INSERT INTO movies (id, title, release_date, description, poster_path) VALUES (268, 'Batman', '1989-06-21', 'Having witnessed his parents'' brutal murder as a child, millionaire philanthropist Bruce Wayne fights crime in Gotham City disguised as Batman, a costumed hero who strikes fear into the hearts of villains. But when a deformed madman known as ''The Joker'' seizes control of Gotham''s criminal underworld, Batman must face his most ruthless nemesis ever while protecting both his identity and his love interest, reporter Vicki Vale.', '/cij4dd21v2Rk2YtUQbV5kW69WB2.jpg');
INSERT INTO movie_genres (movie_id, genre_id) VALUES (268, 14);
INSERT INTO movie_genres (movie_id, genre_id) VALUES (268, 28);
INSERT INTO movie_genres (movie_id, genre_id) VALUES (268, 80);
INSERT INTO movies (id, title, release_date, description, poster_path) VALUES (9792, 'The Hills Have Eyes', '2006-03-10', 'Based on Wes Craven''s 1977 suspenseful cult classic, The Hills Have Eyes is the story of a family road trip that goes terrifyingly awry when the travelers become stranded in a government atomic zone. Miles from nowhere, the Carter family soon realizes the seemingly uninhabited wasteland is actually the breeding ground of a blood-thirsty mutant family...and they are the prey.', '/2eJL1Ccr1FN3dm9OSDwyd8uaX1b.jpg');
INSERT INTO movie_genres (movie_id, genre_id) VALUES (9792, 27);
INSERT INTO movie_genres (movie_id, genre_id) VALUES (9792, 53);
INSERT INTO movies (id, title, release_date, description, poster_path) VALUES (640146, 'Ant-Man and the Wasp: Quantumania', '2023-02-15', 'Super-Hero partners Scott Lang and Hope van Dyne, along with with Hope''s parents Janet van Dyne and Hank Pym, and Scott''s daughter Cassie Lang, find themselves exploring the Quantum Realm, interacting with strange new creatures and embarking on an adventure that will push them beyond the limits of what they thought possible.', '/qnqGbB22YJ7dSs4o6M7exTpNxPz.jpg');
INSERT INTO movie_genres (movie_id, genre_id) VALUES (640146, 28);
INSERT INTO movie_genres (movie_id, genre_id) VALUES (640146, 12);
INSERT INTO movie_genres (movie_id, genre_id) VALUES (640146, 878);
INSERT INTO movies (id, title, release_date, description, poster_path) VALUES (1265, 'Bridge to Terabithia', '2007-02-15', 'Jesse Aarons trained all summer to become the fastest runner in school. So he''s very upset when newcomer Leslie Burke outruns him and everyone else. Despite this and other differences including that she''s rich, he''s poor, she''s a city girl, and he''s a country boy the two become fast friends. Together they create Terabithia, a land of monsters, trolls, ogres, and giants where they rule as king and queen.', '/3xFxGodKPMFLheS8rujFSmLfcq4.jpg');
INSERT INTO movie_genres (movie_id, genre_id) VALUES (1265, 12);
INSERT INTO movie_genres (movie_id, genre_id) VALUES (1265, 18);
INSERT INTO movie_genres (movie_id, genre_id) VALUES (1265, 10751);
INSERT INTO movies (id, title, release_date, description, poster_path) VALUES (141052, 'Justice League', '2017-11-15', 'Fuelled by his restored faith in humanity and inspired by Superman''s selfless act, Bruce Wayne and Diana Prince assemble a team of metahumans consisting of Barry Allen, Arthur Curry and Victor Stone to face the catastrophic threat of Steppenwolf and the Parademons who are on the hunt for three Mother Boxes on Earth.', '/eifGNCSDuxJeS1loAXil5bIGgvC.jpg');
INSERT INTO movie_genres (movie_id, genre_id) VALUES (141052, 28);
INSERT INTO movie_genres (movie_id, genre_id) VALUES (141052, 12);
INSERT INTO movie_genres (movie_id, genre_id) VALUES (141052, 878);
INSERT INTO movies (id, title, release_date, description, poster_path) VALUES (9072, 'Little Man', '2006-08-31', 'After leaving the prison, the dwarf criminal Calvin Sims joins to his moron brother Percy to steal an expensive huge diamond in a jewelry for the mobster Walken. They are chased by the police, and Calvin hides the stone in the purse of the executive Vanessa Edwards, whose husband Darryl Edwards wants to have a baby. Percy convinces Calvin to dress like a baby and be left in front of the Edwards''s house to get inside the house and retrieve the diamond. Darryl and Vanessa keep Calvin for the weekend and decide to adopt him, while Walken threatens Darryl to get the stone back.', '/9KzPw1VN0pMBnq1KIqBaLI8LAB7.jpg');
INSERT INTO movie_genres (movie_id, genre_id) VALUES (9072, 35);
INSERT INTO movie_genres (movie_id, genre_id) VALUES (9072, 80);
INSERT INTO movies (id, title, release_date, description, poster_path) VALUES (201085, 'Crimson Peak', '2015-10-13', 'In the aftermath of a family tragedy, an aspiring author is torn between love for her childhood friend and the temptation of a mysterious outsider. Trying to escape the ghosts of her past, she is swept away to a house that breathes, bleeds… and remembers.', '/f9TOb5anVwZeSbYjU1qNxPk3KUk.jpg');
INSERT INTO movie_genres (movie_id, genre_id) VALUES (201085, 27);
INSERT INTO movie_genres (movie_id, genre_id) VALUES (201085, 9648);
INSERT INTO movie_genres (movie_id, genre_id) VALUES (201085, 10749);
INSERT INTO movies (id, title, release_date, description, poster_path) VALUES (12162, 'The Hurt Locker', '2008-10-10', 'During the Iraq War, a Sergeant recently assigned to an army bomb squad is put at odds with his squad mates due to his maverick way of handling his work.', '/m2duGsKjBOl3BB8uFOTnRUzdEhg.jpg');
INSERT INTO movie_genres (movie_id, genre_id) VALUES (12162, 18);
INSERT INTO movie_genres (movie_id, genre_id) VALUES (12162, 53);
INSERT INTO movie_genres (movie_id, genre_id) VALUES (12162, 10752);
INSERT INTO movies (id, title, release_date, description, poster_path) VALUES (483266, 'The Jade Pendant', '2017-10-24', 'Fleeing an arranged marriage in China, the independent Peony signs a contract to work as a “flower girl” in America, where she meets Tom, an American Born Chinese cook whose father works on the Transcontinental Railroad. Thwarted by a Hong Kong Triad boss seeking to extend his power into America, theirs is the tale of the first great Chinese immigration to the United States – a story of romance, bigotry, passion, food and a search for everlasting love – set against the largest mass lynching in American history, in Los Angeles’ Chinatown, in 1871.', '/i8slDO1TaHFY0tzNHYvIDKw8XjE.jpg');
INSERT INTO movie_genres (movie_id, genre_id) VALUES (483266, 18);
INSERT INTO movie_genres (movie_id, genre_id) VALUES (483266, 36);
INSERT INTO movies (id, title, release_date, description, poster_path) VALUES (158852, 'Tomorrowland', '2015-05-19', 'Bound by a shared destiny, a bright, optimistic teen bursting with scientific curiosity and a former boy-genius inventor jaded by disillusionment embark on a danger-filled mission to unearth the secrets of an enigmatic place somewhere in time and space that exists in their collective memory as "Tomorrowland."', '/kziYpr5Nfw60P0My8aj1sgCEqed.jpg');
INSERT INTO movie_genres (movie_id, genre_id) VALUES (158852, 12);
INSERT INTO movie_genres (movie_id, genre_id) VALUES (158852, 10751);
INSERT INTO movie_genres (movie_id, genre_id) VALUES (158852, 9648);
INSERT INTO movie_genres (movie_id, genre_id) VALUES (158852, 878);
INSERT INTO movies (id, title, release_date, description, poster_path) VALUES (96721, 'Rush', '2013-09-02', 'In the 1970s, a rivalry propels race car drivers Niki Lauda and James Hunt to fame and glory — until a horrible accident threatens to end it all.', '/cyfncP1YKDNcGb0agE7RQr6UOYr.jpg');
INSERT INTO movie_genres (movie_id, genre_id) VALUES (96721, 18);
INSERT INTO movie_genres (movie_id, genre_id) VALUES (96721, 28);
INSERT INTO movies (id, title, release_date, description, poster_path) VALUES (993710, 'Back in Action', '2025-01-15', 'Fifteen years after vanishing from the CIA to start a family, elite spies Matt and Emily jump back into the world of espionage when their cover is blown.', '/3L3l6LsiLGHkTG4RFB2aBA6BttB.jpg');
INSERT INTO movie_genres (movie_id, genre_id) VALUES (993710, 28);
INSERT INTO movie_genres (movie_id, genre_id) VALUES (993710, 35);
INSERT INTO movies (id, title, release_date, description, poster_path) VALUES (397415, 'Vengeance: A Love Story', '2017-03-16', 'When a new friend is brutally assaulted, Detective John Droomor is put by chance in charge of the investigation. Although the evidence against the perpetrators seems overwhelming, there is nothing definitive in the case that guarantees justice is served, even more so if some people are willing to twist and betray it.', '/kPUFcGPI9FChybFHIJJBZZLiIlg.jpg');
INSERT INTO movie_genres (movie_id, genre_id) VALUES (397415, 28);
INSERT INTO movie_genres (movie_id, genre_id) VALUES (397415, 18);
INSERT INTO movie_genres (movie_id, genre_id) VALUES (397415, 53);
INSERT INTO movies (id, title, release_date, description, poster_path) VALUES (461062, 'Wekufe: The Origin of Evil', '2016-11-26', 'A student travels with her boyfriend to Chiloé, remote Patagonia island in southern Chile, to investigate the link that exists between the high number of sexual related crimes and the myths ''n'' legends that surround this mysterious place.', '/zft6KODM0ZP7agZESI6RX7ZNrMx.jpg');
INSERT INTO movie_genres (movie_id, genre_id) VALUES (461062, 27);
INSERT INTO movie_genres (movie_id, genre_id) VALUES (461062, 9648);
INSERT INTO movie_genres (movie_id, genre_id) VALUES (461062, 53);
INSERT INTO movies (id, title, release_date, description, poster_path) VALUES (169, 'Predator 2', '1990-11-21', 'A police chief in the war-torn streets of Los Angeles discovers that an extraterrestrial creature is hunting down residents - and that he is the next target.', '/mSta5O31rPUcZH98psx0cxLbPXd.jpg');
INSERT INTO movie_genres (movie_id, genre_id) VALUES (169, 878);
INSERT INTO movie_genres (movie_id, genre_id) VALUES (169, 28);
INSERT INTO movie_genres (movie_id, genre_id) VALUES (169, 53);
INSERT INTO movies (id, title, release_date, description, poster_path) VALUES (10528, 'Sherlock Holmes', '2009-12-23', 'Eccentric consulting detective Sherlock Holmes and Doctor John Watson battle to bring down a new nemesis and unravel a deadly plot that could destroy England.', '/fvnu6QHyR0gSV1JI6lMyXCny21a.jpg');
INSERT INTO movie_genres (movie_id, genre_id) VALUES (10528, 28);
INSERT INTO movie_genres (movie_id, genre_id) VALUES (10528, 12);
INSERT INTO movie_genres (movie_id, genre_id) VALUES (10528, 80);
INSERT INTO movie_genres (movie_id, genre_id) VALUES (10528, 9648);
INSERT INTO movies (id, title, release_date, description, poster_path) VALUES (10802, 'Showgirls', '1995-09-22', 'Fresh to Las Vegas with no connections, Nomi Malone takes a job as an exotic dancer. Her talents are quickly noticed by Cristal, a headlining dancer who senses an opportunity to bolster her own act. But Nomi won’t play second fiddle and soon begins her venomous path to the top, ruthlessly backstabbing anyone who gets in her way.', '/o4HT3Ap5c99W4FYpdXUtTvxGgPc.jpg');
INSERT INTO movie_genres (movie_id, genre_id) VALUES (10802, 18);
INSERT INTO movies (id, title, release_date, description, poster_path) VALUES (750160, 'Bruce Springsteen''s Letter to You', '2020-10-23', 'A tribute to The E Street Band, rock ‘n’ roll, and the way music has shaped Bruce Springsteen’s life, this documentary captures Bruce reflecting on love and loss while recording with his full band for the first time since Born in the U.S.A.', '/5DU0BAecmGRFnFUjXnFSpA56cA0.jpg');
INSERT INTO movie_genres (movie_id, genre_id) VALUES (750160, 99);
INSERT INTO movie_genres (movie_id, genre_id) VALUES (750160, 10402);
INSERT INTO movies (id, title, release_date, description, poster_path) VALUES (12201, 'Edge of Darkness', '2010-01-28', 'As a seasoned homicide detective, Thomas Craven has seen the bleakest side of humanity. But nothing prepares him for the toughest investigation of his life: the search for his only daughter Emma''s killer. Now, he is on a personal mission to uncover the disturbing secrets surrounding her murder, including corporate corruption, government collusion and Emma''s own mysterious life.', '/pvHjp1vEFmp5FquSCPQ2O95tIZJ.jpg');
INSERT INTO movie_genres (movie_id, genre_id) VALUES (12201, 80);
INSERT INTO movie_genres (movie_id, genre_id) VALUES (12201, 18);
INSERT INTO movie_genres (movie_id, genre_id) VALUES (12201, 9648);
INSERT INTO movie_genres (movie_id, genre_id) VALUES (12201, 53);
INSERT INTO movies (id, title, release_date, description, poster_path) VALUES (882569, 'Guy Ritchie''s The Covenant', '2023-04-19', 'During the war in Afghanistan, a local interpreter risks his own life to carry an injured sergeant across miles of grueling terrain.', '/kVG8zFFYrpyYLoHChuEeOGAd6Ru.jpg');
INSERT INTO movie_genres (movie_id, genre_id) VALUES (882569, 10752);
INSERT INTO movie_genres (movie_id, genre_id) VALUES (882569, 28);
INSERT INTO movie_genres (movie_id, genre_id) VALUES (882569, 53);
INSERT INTO movies (id, title, release_date, description, poster_path) VALUES (241259, 'Alice Through the Looking Glass', '2016-05-25', 'Alice Kingsleigh returns to Underland and faces a new adventure in saving the Mad Hatter.', '/kbGamUkYfgKIYIrU8kW5oc0NatZ.jpg');
INSERT INTO movie_genres (movie_id, genre_id) VALUES (241259, 12);
INSERT INTO movie_genres (movie_id, genre_id) VALUES (241259, 10751);
INSERT INTO movie_genres (movie_id, genre_id) VALUES (241259, 14);
INSERT INTO movies (id, title, release_date, description, poster_path) VALUES (559969, 'El Camino: A Breaking Bad Movie', '2019-10-11', 'In the wake of his dramatic escape from captivity, Jesse Pinkman must come to terms with his past in order to forge some kind of future.', '/ePXuKdXZuJx8hHMNr2yM4jY2L7Z.jpg');
INSERT INTO movie_genres (movie_id, genre_id) VALUES (559969, 80);
INSERT INTO movie_genres (movie_id, genre_id) VALUES (559969, 18);
INSERT INTO movie_genres (movie_id, genre_id) VALUES (559969, 53);
INSERT INTO movies (id, title, release_date, description, poster_path) VALUES (826510, 'Harold and the Purple Crayon', '2024-07-31', 'Inside of his book, adventurous Harold can make anything come to life simply by drawing it. After he grows up and draws himself off the book''s pages and into the physical world, Harold finds he has a lot to learn about real life.', '/qtW6bWUEqfPLaD6KnetIlSG4adf.jpg');
INSERT INTO movie_genres (movie_id, genre_id) VALUES (826510, 10751);
INSERT INTO movie_genres (movie_id, genre_id) VALUES (826510, 35);
INSERT INTO movie_genres (movie_id, genre_id) VALUES (826510, 12);
INSERT INTO movie_genres (movie_id, genre_id) VALUES (826510, 14);
INSERT INTO movies (id, title, release_date, description, poster_path) VALUES (424139, 'Halloween', '2018-10-18', 'Laurie Strode comes to her final confrontation with Michael Myers, the masked figure who has haunted her since she narrowly escaped his killing spree on Halloween night four decades ago.', '/f7JAX5EGk4GgsEnus6OxyzwpFp7.jpg');
INSERT INTO movie_genres (movie_id, genre_id) VALUES (424139, 27);
INSERT INTO movie_genres (movie_id, genre_id) VALUES (424139, 53);
INSERT INTO movies (id, title, release_date, description, poster_path) VALUES (379149, 'The Foreigner', '2017-09-28', 'Quan is a humble London businessman whose long-buried past erupts in a revenge-fueled vendetta when the only person left for him to love – his teenage daughter – dies in an Irish Republican Army car bombing. His relentless search to find the terrorists leads to a cat-and-mouse conflict with a British government official whose own past may hold the clues to the identities of the elusive killers.', '/rwM4hzrmc5HiWfQD9ls9DL4QgGl.jpg');
INSERT INTO movie_genres (movie_id, genre_id) VALUES (379149, 28);
INSERT INTO movie_genres (movie_id, genre_id) VALUES (379149, 53);
INSERT INTO movie_genres (movie_id, genre_id) VALUES (379149, 80);
INSERT INTO movies (id, title, release_date, description, poster_path) VALUES (12092, 'Alice in Wonderland', '1951-07-28', 'On a golden afternoon, wildly curious young Alice tumbles into the burrow and enters the merry, madcap world of Wonderland full of whimsical escapades.', '/20cvfwfaFqNbe9Fc3VEHJuPRxmn.jpg');
INSERT INTO movie_genres (movie_id, genre_id) VALUES (12092, 16);
INSERT INTO movie_genres (movie_id, genre_id) VALUES (12092, 10751);
INSERT INTO movie_genres (movie_id, genre_id) VALUES (12092, 14);
INSERT INTO movie_genres (movie_id, genre_id) VALUES (12092, 12);
INSERT INTO movies (id, title, release_date, description, poster_path) VALUES (10527, 'Madagascar: Escape 2 Africa', '2008-10-30', 'Alex, Marty, and other zoo animals find a way to escape from Madagascar when the penguins reassemble a wrecked airplane. The precariously repaired craft stays airborne just long enough to make it to the African continent. There the New Yorkers encounter members of their own species for the first time. Africa proves to be a wild place, but Alex and company wonder if it is better than their Central Park home.', '/agRbLOHgN46TQO4YdKR462iR7To.jpg');
INSERT INTO movie_genres (movie_id, genre_id) VALUES (10527, 12);
INSERT INTO movie_genres (movie_id, genre_id) VALUES (10527, 16);
INSERT INTO movie_genres (movie_id, genre_id) VALUES (10527, 35);
INSERT INTO movie_genres (movie_id, genre_id) VALUES (10527, 10751);
INSERT INTO movies (id, title, release_date, description, poster_path) VALUES (10315, 'Fantastic Mr. Fox', '2009-10-14', 'The Fantastic Mr. Fox, bored with his current life, plans a heist against the three local farmers. The farmers, tired of sharing their chickens with the sly fox, seek revenge against him and his family.', '/hhhJN8aJdTlzGmARCbwWflHXhwI.jpg');
INSERT INTO movie_genres (movie_id, genre_id) VALUES (10315, 12);
INSERT INTO movie_genres (movie_id, genre_id) VALUES (10315, 16);
INSERT INTO movie_genres (movie_id, genre_id) VALUES (10315, 35);
INSERT INTO movie_genres (movie_id, genre_id) VALUES (10315, 10751);
INSERT INTO movies (id, title, release_date, description, poster_path) VALUES (37724, 'Skyfall', '2012-10-24', 'When Bond''s latest assignment goes gravely wrong, agents around the world are exposed and MI6 headquarters is attacked. While M faces challenges to her authority and position from Gareth Mallory, the new Chairman of the Intelligence and Security Committee, it''s up to Bond, aided only by field agent Eve, to locate the mastermind behind the attack.', '/d0IVecFQvsGdSbnMAHqiYsNYaJT.jpg');
INSERT INTO movie_genres (movie_id, genre_id) VALUES (37724, 28);
INSERT INTO movie_genres (movie_id, genre_id) VALUES (37724, 12);
INSERT INTO movie_genres (movie_id, genre_id) VALUES (37724, 53);
INSERT INTO movies (id, title, release_date, description, poster_path) VALUES (62211, 'Monsters University', '2013-06-19', 'A look at the relationship between Mike and Sulley during their days at Monsters University — when they weren''t necessarily the best of friends.', '/y7thwJ7z5Bplv6vwl6RI0yteaDD.jpg');
INSERT INTO movie_genres (movie_id, genre_id) VALUES (62211, 16);
INSERT INTO movie_genres (movie_id, genre_id) VALUES (62211, 10751);
INSERT INTO movies (id, title, release_date, description, poster_path) VALUES (23483, 'Kick-Ass', '2010-03-26', 'Dave Lizewski is an unnoticed high school student and comic book fan who one day decides to become a super-hero, even though he has no powers, training or meaningful reason to do so.', '/iHMbrTHJwocsNvo5murCBw0CwTo.jpg');
INSERT INTO movie_genres (movie_id, genre_id) VALUES (23483, 28);
INSERT INTO movie_genres (movie_id, genre_id) VALUES (23483, 80);
INSERT INTO movies (id, title, release_date, description, poster_path) VALUES (1125899, 'Cleaner', '2025-02-19', 'When a group of radical activists take over an energy company''s annual gala, seizing 300 hostages, an ex-soldier turned window cleaner suspended 50 storeys up on the outside of the building must save those trapped inside, including her older brother.', '/mwzDApMZAGeYCEVjhegKvCzDX0W.jpg');
INSERT INTO movie_genres (movie_id, genre_id) VALUES (1125899, 28);
INSERT INTO movie_genres (movie_id, genre_id) VALUES (1125899, 53);
INSERT INTO movies (id, title, release_date, description, poster_path) VALUES (171274, 'Inherent Vice', '2014-12-12', 'In Los Angeles at the turn of the 1970s, drug-fueled detective Larry "Doc" Sportello investigates the disappearance of an ex-girlfriend.', '/pfVua7TzzttOh3RTOuBqT7xN0oY.jpg');
INSERT INTO movie_genres (movie_id, genre_id) VALUES (171274, 18);
INSERT INTO movie_genres (movie_id, genre_id) VALUES (171274, 9648);
INSERT INTO movie_genres (movie_id, genre_id) VALUES (171274, 35);
INSERT INTO movies (id, title, release_date, description, poster_path) VALUES (1094138, 'Jackpot!', '2024-08-13', 'In the near future, a ''Grand Lottery'' has been established - the catch: kill the winner before sundown to legally claim their multi-billion dollar jackpot. When Katie Kim mistakenly finds herself with the winning ticket, she reluctantly joins forces with amateur lottery protection agent Noel Cassidy who must get her to sundown in exchange for a piece of her prize.', '/7vv0NTaQGOO7M5ZMerp1vMFJsby.jpg');
INSERT INTO movie_genres (movie_id, genre_id) VALUES (1094138, 35);
INSERT INTO movie_genres (movie_id, genre_id) VALUES (1094138, 28);
INSERT INTO movies (id, title, release_date, description, poster_path) VALUES (1029955, 'Kinds of Kindness', '2024-05-30', 'A triptych fable following a man without choice who tries to take control of his own life; a policeman who is alarmed that his wife who was missing-at-sea has returned and seems a different person; and a woman determined to find a specific someone with a special ability, who is destined to become a prodigious spiritual leader.', '/50lPmjIpDs8gKfgK7fPIeKzpllh.jpg');
INSERT INTO movie_genres (movie_id, genre_id) VALUES (1029955, 18);
INSERT INTO movie_genres (movie_id, genre_id) VALUES (1029955, 35);
INSERT INTO movies (id, title, release_date, description, poster_path) VALUES (1001414, 'Fear Street: Prom Queen', '2025-05-23', 'Who will be voted queen at Shadyside High''s 1988 prom? For underdog Lori, competition is cutthroat even before someone starts killing off the candidates.', '/gevScWYkF8l5i9NjFSXo8HfPNyy.jpg');
INSERT INTO movie_genres (movie_id, genre_id) VALUES (1001414, 27);
INSERT INTO movie_genres (movie_id, genre_id) VALUES (1001414, 9648);
INSERT INTO movies (id, title, release_date, description, poster_path) VALUES (578701, 'Those Who Wish Me Dead', '2021-05-05', 'A young boy finds himself pursued by two assassins in the Montana wilderness, with a survival expert determined to protect him, and a forest fire threatening to consume them all.', '/xCEg6KowNISWvMh8GvPSxtdf9TO.jpg');
INSERT INTO movie_genres (movie_id, genre_id) VALUES (578701, 53);
INSERT INTO movie_genres (movie_id, genre_id) VALUES (578701, 28);
INSERT INTO movies (id, title, release_date, description, poster_path) VALUES (24272, 'Joseph and the Amazing Technicolor Dreamcoat', '1999-11-26', 'Joseph, the favored son of Jacob, is betrayed by his jealous brothers, sold into slavery, and driven to Egypt. Though beset with adversity, Joseph perseveres through wit and faith and becomes the Governor of Egypt, second only to the Pharaoh.', '/dUdvCUFlez1puCgzKFa5u4j5fTD.jpg');
INSERT INTO movie_genres (movie_id, genre_id) VALUES (24272, 10751);
INSERT INTO movies (id, title, release_date, description, poster_path) VALUES (447362, 'Life in a Year', '2020-11-27', 'A 17 year old finds out that his girlfriend is dying, so he sets out to give her an entire life, in the last year she has left.', '/bP7u19opmHXYeTCUwGjlLldmUMc.jpg');
INSERT INTO movie_genres (movie_id, genre_id) VALUES (447362, 18);
INSERT INTO movie_genres (movie_id, genre_id) VALUES (447362, 10749);
INSERT INTO movies (id, title, release_date, description, poster_path) VALUES (614479, 'Insidious: The Red Door', '2023-07-05', 'To put their demons to rest once and for all, Josh Lambert and a college-aged Dalton Lambert must go deeper into The Further than ever before, facing their family''s dark past and a host of new and more horrifying terrors that lurk behind the red door.', '/d07phJqCx6z5wILDYqkyraorDPi.jpg');
INSERT INTO movie_genres (movie_id, genre_id) VALUES (614479, 27);
INSERT INTO movie_genres (movie_id, genre_id) VALUES (614479, 53);
INSERT INTO movies (id, title, release_date, description, poster_path) VALUES (677179, 'Creed III', '2023-03-01', 'After dominating the boxing world, Adonis Creed has thrived in his career and family life. When a childhood friend and former boxing prodigy, Damian Anderson, resurfaces after serving a long sentence in prison, he is eager to prove that he deserves his shot in the ring. The face-off between former friends is more than just a fight. To settle the score, Adonis must put his future on the line to battle Damian — a fighter with nothing to lose.', '/cvsXj3I9Q2iyyIo95AecSd1tad7.jpg');
INSERT INTO movie_genres (movie_id, genre_id) VALUES (677179, 18);
INSERT INTO movie_genres (movie_id, genre_id) VALUES (677179, 28);
INSERT INTO movies (id, title, release_date, description, poster_path) VALUES (257354, 'Busty Cops: Protect and Serve!', '2009-08-01', 'The Busty Cops are back, and must prevent Finkel and Billy Viscious from winning an election by any means necessary.', '/oSBydoUo2FIbUUwPUVrkZnZSRUK.jpg');
INSERT INTO movie_genres (movie_id, genre_id) VALUES (257354, 35);
INSERT INTO movie_genres (movie_id, genre_id) VALUES (257354, 80);
INSERT INTO movie_genres (movie_id, genre_id) VALUES (257354, 9648);
INSERT INTO movie_genres (movie_id, genre_id) VALUES (257354, 10749);
INSERT INTO movies (id, title, release_date, description, poster_path) VALUES (22832, 'Ninja Assassin', '2009-09-29', 'Ninja Assassin follows Raizo, one of the deadliest assassins in the world. Taken from the streets as a child, he was transformed into a trained killer by the Ozunu Clan, a secret society whose very existence is considered a myth. But haunted by the merciless execution of his friend by the Clan, Raizo breaks free from them and vanishes. Now he waits, preparing to exact his revenge.', '/tlgI2bnVh8PnzvjaiG7GKv5jiwC.jpg');
INSERT INTO movie_genres (movie_id, genre_id) VALUES (22832, 28);
INSERT INTO movie_genres (movie_id, genre_id) VALUES (22832, 12);
INSERT INTO movie_genres (movie_id, genre_id) VALUES (22832, 53);
INSERT INTO movies (id, title, release_date, description, poster_path) VALUES (12244, '9', '2009-08-19', 'When 9 first comes to life, he finds himself in a post-apocalyptic world. All humans are gone, and it is only by chance that he discovers a small community of others like him taking refuge from fearsome machines that roam the earth intent on their extinction. Despite being the neophyte of the group, 9 convinces the others that hiding will do them no good.', '/3uqXGOH4BQ2CLJWkDJZ0PzbUzOn.jpg');
INSERT INTO movie_genres (movie_id, genre_id) VALUES (12244, 28);
INSERT INTO movie_genres (movie_id, genre_id) VALUES (12244, 12);
INSERT INTO movie_genres (movie_id, genre_id) VALUES (12244, 16);
INSERT INTO movie_genres (movie_id, genre_id) VALUES (12244, 878);
INSERT INTO movie_genres (movie_id, genre_id) VALUES (12244, 53);
INSERT INTO movies (id, title, release_date, description, poster_path) VALUES (752623, 'The Lost City', '2022-03-23', 'Reclusive author Loretta Sage writes about exotic places in her popular adventure novels that feature a handsome cover model named Alan. While on tour promoting her new book with Alan, Loretta gets kidnapped by an eccentric billionaire who hopes she can lead him to the ancient city''s lost treasure that featured in her latest story. Alan, determined to prove he can be a hero in real life and not just on the pages of her books, sets off to rescue her.', '/rnheO8cFvCYcmZsDrBoabJbKLFE.jpg');
INSERT INTO movie_genres (movie_id, genre_id) VALUES (752623, 28);
INSERT INTO movie_genres (movie_id, genre_id) VALUES (752623, 12);
INSERT INTO movie_genres (movie_id, genre_id) VALUES (752623, 35);
INSERT INTO movies (id, title, release_date, description, poster_path) VALUES (60088, 'Around the World with Fanny Hill', '1974-01-20', 'In Stockholm, Fanny Hill is tired of being a housewife, and she suspects that her husband Roger, a TV-commercial director who''s surrounded by starlets, is cheating on her. So, she sets a trap for him with her friend Monica, files for divorce, and heads to Hollywood, with Monica, to meet film stars. She falls into a film career, with lots of nude scenes, and as it takes her from L.A. to Hong Kong and Venice, Roger follows her, jealous, hoping to win her back. In every city, she acts and she seduces, making comedy out of both; but does her heart still belong to Roger? It''s on to Munich to find out.', '/6zLz8tKPeRQm2Up4zdSB6UarAiV.jpg');
INSERT INTO movie_genres (movie_id, genre_id) VALUES (60088, 35);
INSERT INTO movies (id, title, release_date, description, poster_path) VALUES (11917, 'Saw V', '2008-10-23', 'Following Jigsaw''s grisly demise, Detective Mark Hoffman is commended as a hero, but Agent Strahm is suspicious, and delves into Hoffman''s past. Meanwhile, another group of people are put through a series of gruesome tests.', '/rKl79KqLXg60KFyKsLe4wSSjQ08.jpg');
INSERT INTO movie_genres (movie_id, genre_id) VALUES (11917, 27);
INSERT INTO movie_genres (movie_id, genre_id) VALUES (11917, 53);
INSERT INTO movie_genres (movie_id, genre_id) VALUES (11917, 80);
INSERT INTO movies (id, title, release_date, description, poster_path) VALUES (343668, 'Kingsman: The Golden Circle', '2017-09-20', 'When an attack on the Kingsman headquarters takes place and a new villain rises, Eggsy and Merlin are forced to work together with the American agency known as the Statesman to save the world.', '/34xBL6BXNYFqtHO9zhcgoakS4aP.jpg');
INSERT INTO movie_genres (movie_id, genre_id) VALUES (343668, 28);
INSERT INTO movie_genres (movie_id, genre_id) VALUES (343668, 12);
INSERT INTO movie_genres (movie_id, genre_id) VALUES (343668, 35);
INSERT INTO movie_genres (movie_id, genre_id) VALUES (343668, 80);
INSERT INTO movies (id, title, release_date, description, poster_path) VALUES (693, 'Meet the Fockers', '2004-12-22', 'Hard-to-crack ex-CIA man Jack Byrnes and his wife Dina head for the warmer climes of Florida to meet the parents of their son-in-law-to-be, Greg Focker. Unlike their happily matched offspring, the future in-laws find themselves in a situation of opposites that definitely do not attract.', '/59fXm6N2x7QSbvt6BaBxTNBXGL8.jpg');
INSERT INTO movie_genres (movie_id, genre_id) VALUES (693, 35);
INSERT INTO movie_genres (movie_id, genre_id) VALUES (693, 10749);
INSERT INTO movies (id, title, release_date, description, poster_path) VALUES (525, 'The Blues Brothers', '1980-06-16', 'Jake Blues, just released from prison, puts his old band back together to save the Catholic home where he and his brother Elwood were raised.', '/rhYJKOt6UrQq7JQgLyQcSWW5R86.jpg');
INSERT INTO movie_genres (movie_id, genre_id) VALUES (525, 10402);
INSERT INTO movie_genres (movie_id, genre_id) VALUES (525, 35);
INSERT INTO movie_genres (movie_id, genre_id) VALUES (525, 28);
INSERT INTO movie_genres (movie_id, genre_id) VALUES (525, 80);
INSERT INTO movies (id, title, release_date, description, poster_path) VALUES (138832, 'We''re the Millers', '2013-08-07', 'A veteran pot dealer creates a fake family as part of his plan to move a huge shipment of weed into the U.S. from Mexico.', '/qF2LJ0jwWrtXSuT4AFD5OS2IqaT.jpg');
INSERT INTO movie_genres (movie_id, genre_id) VALUES (138832, 35);
INSERT INTO movie_genres (movie_id, genre_id) VALUES (138832, 80);
INSERT INTO movies (id, title, release_date, description, poster_path) VALUES (363088, 'Ant-Man and the Wasp', '2018-07-04', 'Just when his time under house arrest is about to end, Scott Lang once again puts his freedom at risk to help Hope van Dyne and Dr. Hank Pym dive into the quantum realm and try to accomplish, against time and any chance of success, a very dangerous rescue mission.', '/cFQEO687n1K6umXbInzocxcnAQz.jpg');
INSERT INTO movie_genres (movie_id, genre_id) VALUES (363088, 28);
INSERT INTO movie_genres (movie_id, genre_id) VALUES (363088, 12);
INSERT INTO movie_genres (movie_id, genre_id) VALUES (363088, 878);
INSERT INTO movies (id, title, release_date, description, poster_path) VALUES (7350, 'The Bucket List', '2007-12-25', 'Corporate billionaire Edward Cole and working class mechanic Carter Chambers are worlds apart. At a crossroads in their lives, they share a hospital room and discover they have two things in common: a desire to spend the time they have left doing everything they ever wanted to do and an unrealized need to come to terms with who they are. Together they embark on the road trip of a lifetime, becoming friends along the way and learning to live life to the fullest, with insight and humor.', '/idbNSe8zsYKQL97dJApfOrDSdya.jpg');
INSERT INTO movie_genres (movie_id, genre_id) VALUES (7350, 18);
INSERT INTO movie_genres (movie_id, genre_id) VALUES (7350, 35);
INSERT INTO movies (id, title, release_date, description, poster_path) VALUES (37136, 'The Naked Gun: From the Files of Police Squad!', '1988-12-02', 'When the bumbling Lieutenant Frank Drebin investigates events following the shooting of his partner, he stumbles upon an attempt to assassinate Queen Elizabeth II.', '/zT0mhZqZQJE1gSY5Eg9qcGP4NYo.jpg');
INSERT INTO movie_genres (movie_id, genre_id) VALUES (37136, 35);
INSERT INTO movie_genres (movie_id, genre_id) VALUES (37136, 80);
INSERT INTO movies (id, title, release_date, description, poster_path) VALUES (47296, 'Rainbow Brite and the Star Stealer', '1985-11-15', 'Rainbow Brite, and her magical horse Starlite, must stop an evil princess and her underlings from taking over the planet Spectra. When they meet Orin, the wise Sprite tries to make the two children get along and work together to stop the evil Princess. Orin tells them that they can only destroy her by combining their own powers against her. Getting in the way of their mission is the sinister Murky Dismal and his bumbling assistant Lurky who, as usual, are lavishing in the new gloom created by the darkening of Spectra, as well as trying to steal Rainbow''s magical color belt.', '/xkWcd5DQSob8P4chI02yPLe52jd.jpg');
INSERT INTO movie_genres (movie_id, genre_id) VALUES (47296, 16);
INSERT INTO movie_genres (movie_id, genre_id) VALUES (47296, 10751);
INSERT INTO movie_genres (movie_id, genre_id) VALUES (47296, 878);
INSERT INTO movie_genres (movie_id, genre_id) VALUES (47296, 14);
INSERT INTO movie_genres (movie_id, genre_id) VALUES (47296, 12);
INSERT INTO movies (id, title, release_date, description, poster_path) VALUES (14574, 'The Boy in the Striped Pyjamas', '2008-05-07', 'When his family moves from their home in Berlin to a strange new house in Poland, young Bruno befriends Shmuel, a boy who lives on the other side of the fence where everyone seems to be wearing striped pajamas. Unaware of Shmuel''s fate as a Jewish prisoner or the role his own Nazi father plays in his imprisonment, Bruno embarks on a dangerous journey inside the camp''s walls.', '/sLwYSEVVV3r047cjrpRAbGgNsfL.jpg');
INSERT INTO movie_genres (movie_id, genre_id) VALUES (14574, 18);
INSERT INTO movie_genres (movie_id, genre_id) VALUES (14574, 10752);
INSERT INTO movie_genres (movie_id, genre_id) VALUES (14574, 36);
INSERT INTO movies (id, title, release_date, description, poster_path) VALUES (9645, 'Ghost Ship', '2002-10-25', 'After discovering a passenger ship missing since 1962 floating adrift on the Bering Sea, salvagers claim the vessel as their own. Once they begin towing the ghost ship towards harbor, a series of bizarre occurrences happen and the group becomes trapped inside the ship, which they soon learn is inhabited by a demonic creature.', '/kIlzZJqV4SCGHrrjoGLBhmsO7z2.jpg');
INSERT INTO movie_genres (movie_id, genre_id) VALUES (9645, 27);
INSERT INTO movie_genres (movie_id, genre_id) VALUES (9645, 9648);
INSERT INTO movie_genres (movie_id, genre_id) VALUES (9645, 53);
INSERT INTO movies (id, title, release_date, description, poster_path) VALUES (107846, 'Escape Plan', '2013-10-09', 'Ray Breslin is the world''s foremost authority on structural security. After analyzing every high security prison and learning a vast array of survival skills so he can design escape-proof prisons, his skills are put to the test. He''s framed and incarcerated in a master prison he designed himself. He needs to escape and find the person who put him behind bars.', '/qOZPLflxDqKogu9v9hYw3lolxGs.jpg');
INSERT INTO movie_genres (movie_id, genre_id) VALUES (107846, 28);
INSERT INTO movie_genres (movie_id, genre_id) VALUES (107846, 53);
INSERT INTO movies (id, title, release_date, description, poster_path) VALUES (291805, 'Now You See Me 2', '2016-06-02', 'One year after outwitting the FBI and winning the public’s adulation with their mind-bending spectacles, the Four Horsemen resurface only to find themselves face to face with a new enemy who enlists them to pull off their most dangerous heist yet.', '/A81kDB6a1K86YLlcOtZB27jriJh.jpg');
INSERT INTO movie_genres (movie_id, genre_id) VALUES (291805, 53);
INSERT INTO movie_genres (movie_id, genre_id) VALUES (291805, 80);
INSERT INTO movies (id, title, release_date, description, poster_path) VALUES (661374, 'Glass Onion: A Knives Out Mystery', '2022-11-23', 'World-famous detective Benoit Blanc heads to Greece to peel back the layers of a mystery surrounding a tech billionaire and his eclectic crew of friends.', '/vDGr1YdrlfbU9wxTOdpf3zChmv9.jpg');
INSERT INTO movie_genres (movie_id, genre_id) VALUES (661374, 35);
INSERT INTO movie_genres (movie_id, genre_id) VALUES (661374, 80);
INSERT INTO movie_genres (movie_id, genre_id) VALUES (661374, 9648);
INSERT INTO movies (id, title, release_date, description, poster_path) VALUES (942, 'Lethal Weapon 2', '1989-07-07', 'Riggs and Murtaugh are on the trail of South African diplomats using their immunity to engage in criminal activities.', '/z35OkbOTfnalyx8LK5EPUrnKQhR.jpg');
INSERT INTO movie_genres (movie_id, genre_id) VALUES (942, 28);
INSERT INTO movie_genres (movie_id, genre_id) VALUES (942, 12);
INSERT INTO movie_genres (movie_id, genre_id) VALUES (942, 35);
INSERT INTO movie_genres (movie_id, genre_id) VALUES (942, 80);
INSERT INTO movie_genres (movie_id, genre_id) VALUES (942, 53);
INSERT INTO movies (id, title, release_date, description, poster_path) VALUES (375963, 'The Fall of the Krays', '2016-01-01', 'The brutal brothers from Bethnal Green are back and bloodier than ever in Fall of the Krays. Following on from the ferocious Rise Of The Krays, Fall of the Krays picks up the story of the infamous Firm as the cracks start to show in the brothers business plans and their sanity. Having secured their empire and their infamy, the brothers must now fight to keep hold of both as the obsession of one police officer becomes entwined with a burgeoning romance and a dangerous state of mind for Reggie and Ronnie respectively.', '/8RcxLzEAeV4LtI3K3IyoU5wPVIr.jpg');
INSERT INTO movie_genres (movie_id, genre_id) VALUES (375963, 80);
INSERT INTO movie_genres (movie_id, genre_id) VALUES (375963, 53);
INSERT INTO movies (id, title, release_date, description, poster_path) VALUES (364, 'Batman Returns', '1992-06-19', 'The monstrous Penguin, who dwells in the sewers beneath Gotham, joins up with corrupt mayoral candidate Max Shreck to topple the Batman once and for all. But when Shreck''s timid assistant Selina Kyle finds out, and Shreck tries to kill her, she''s transformed into the sexy Catwoman. She teams up with the Penguin and Shreck to destroy Batman, but sparks fly unexpectedly when she confronts the caped crusader.', '/jKBjeXM7iBBV9UkUcOXx3m7FSHY.jpg');
INSERT INTO movie_genres (movie_id, genre_id) VALUES (364, 28);
INSERT INTO movie_genres (movie_id, genre_id) VALUES (364, 14);
INSERT INTO movies (id, title, release_date, description, poster_path) VALUES (73821, 'Showdown at Boot Hill', '1958-05-01', 'Bounty hunter Luke Welsh arrives looking for a wanted man. When that man draws on him he has to kill him. To collect his reward he needs a statement identifying him. But the man was well liked in town and no one will sign such a statement. When he outdraws another man who thought he was faster, some townsmen decide he should be killed and they organize a mob to go after him.', '/lJ1vrJbWYa65MopMb1UjPLGOAKG.jpg');
INSERT INTO movie_genres (movie_id, genre_id) VALUES (73821, 37);
INSERT INTO movies (id, title, release_date, description, poster_path) VALUES (1022690, 'Ricky Stanicky', '2024-03-07', 'When three childhood best friends pull a prank gone wrong, they invent the imaginary Ricky Stanicky to get them out of trouble. Twenty years later, the trio still uses the nonexistent Ricky as a handy alibi for their immature behavior. But when their spouses and partners get suspicious and demand to finally meet the fabled Mr. Stanicky, the guilty trio decide to hire a washed-up actor and raunchy celebrity impersonator to bring him to life.', '/oJQdLfrpl4CQsHAKIxd3DJqYTVq.jpg');
INSERT INTO movie_genres (movie_id, genre_id) VALUES (1022690, 35);
INSERT INTO movies (id, title, release_date, description, poster_path) VALUES (11970, 'Hercules', '1997-06-13', 'Bestowed with superhuman strength, a young mortal named Hercules sets out to prove himself a hero in the eyes of his father, the great god Zeus. Along with his friends Pegasus, a flying horse, and Phil, a personal trainer, Hercules is tricked by the hilarious, hotheaded villain Hades, who''s plotting to take over Mount Olympus!', '/dK9rNoC97tgX3xXg5zdxFisdfcp.jpg');
INSERT INTO movie_genres (movie_id, genre_id) VALUES (11970, 16);
INSERT INTO movie_genres (movie_id, genre_id) VALUES (11970, 10751);
INSERT INTO movie_genres (movie_id, genre_id) VALUES (11970, 14);
INSERT INTO movie_genres (movie_id, genre_id) VALUES (11970, 12);
INSERT INTO movie_genres (movie_id, genre_id) VALUES (11970, 35);
INSERT INTO movie_genres (movie_id, genre_id) VALUES (11970, 10749);
INSERT INTO movies (id, title, release_date, description, poster_path) VALUES (257211, 'The Intern', '2015-09-23', '70-year-old widower Ben Whittaker has discovered that retirement isn''t all it''s cracked up to be. Seizing an opportunity to get back in the game, he becomes a senior intern at an online fashion site, founded and run by Jules Ostin.', '/9UoAC9tu8kIyRy8AcJnGhnH0gOH.jpg');
INSERT INTO movie_genres (movie_id, genre_id) VALUES (257211, 35);
INSERT INTO movies (id, title, release_date, description, poster_path) VALUES (49519, 'The Croods', '2013-03-15', 'The prehistoric Croods family live in a particularly dangerous moment in time. Patriarch Grug, his mate Ugga, teenage daughter Eep, son Thunk, and feisty Gran gather food by day and huddle together in a cave at night. When a more evolved caveman named Guy arrives on the scene, Grug is distrustful, but it soon becomes apparent that Guy is correct about the impending destruction of their world.', '/27zvjVOtOi5ped1HSlJKNsKXkFH.jpg');
INSERT INTO movie_genres (movie_id, genre_id) VALUES (49519, 16);
INSERT INTO movie_genres (movie_id, genre_id) VALUES (49519, 12);
INSERT INTO movie_genres (movie_id, genre_id) VALUES (49519, 10751);
INSERT INTO movie_genres (movie_id, genre_id) VALUES (49519, 35);
INSERT INTO movies (id, title, release_date, description, poster_path) VALUES (9693, 'Children of Men', '2006-09-22', 'In 2027, in a chaotic world in which humans can no longer procreate, a former activist agrees to help transport a miraculously pregnant woman to a sanctuary at sea, where her child''s birth may help scientists save the future of humankind.', '/8Xgvmx7WWc7Z9Ws9RAYk7uya2kh.jpg');
INSERT INTO movie_genres (movie_id, genre_id) VALUES (9693, 18);
INSERT INTO movie_genres (movie_id, genre_id) VALUES (9693, 28);
INSERT INTO movie_genres (movie_id, genre_id) VALUES (9693, 53);
INSERT INTO movie_genres (movie_id, genre_id) VALUES (9693, 878);
INSERT INTO movies (id, title, release_date, description, poster_path) VALUES (457697, 'XXXXXXX', '2016-09-01', 'A tarot card reading as a starting point.  A disruptive relationship as a point.  Translation of the cards'' symbols to a joint.
 Of the domestic exploration for finding my voice.', '/vHwkMU0gKTDlg5A5kdgvcwKLtP3.jpg');
INSERT INTO movie_genres (movie_id, genre_id) VALUES (457697, 99);
INSERT INTO movies (id, title, release_date, description, poster_path) VALUES (938614, 'Late Night with the Devil', '2024-03-19', 'A live broadcast of a late-night talk show in 1977 goes horribly wrong, unleashing evil into the nation''s living rooms.', '/mu8LRWT9GHkfiyHm7kgxT6YNvMW.jpg');
INSERT INTO movie_genres (movie_id, genre_id) VALUES (938614, 27);
INSERT INTO movies (id, title, release_date, description, poster_path) VALUES (408567, 'Deadly Pickup', '2016-07-26', 'Breezy isn''t your ordinary hitch-hiker: she''s sexy, fun... and a cold-blooded killer. As deadly as a viper, Breezy murders her victims with a poisonous ring. As she preys on highway pickups, Breezy moves from town to town, finally settling briefly as a boarder in the house of a young couple who have no idea what kind of sexual wolf they''ve just let in the door.', '/kq0B2DAXRhauo3MACv8MKlliakW.jpg');
INSERT INTO movie_genres (movie_id, genre_id) VALUES (408567, 53);
INSERT INTO movies (id, title, release_date, description, poster_path) VALUES (1087822, 'Hellboy: The Crooked Man', '2024-08-29', 'Hellboy and a rookie BPRD agent get stranded in 1950s rural Appalachia. There, they discover a small community haunted by witches, led by a local devil with a troubling connection to Hellboy''s past: the Crooked Man.', '/3ZVv8XpfTbveKaHB4gsBolulmmk.jpg');
INSERT INTO movie_genres (movie_id, genre_id) VALUES (1087822, 14);
INSERT INTO movie_genres (movie_id, genre_id) VALUES (1087822, 27);
INSERT INTO movie_genres (movie_id, genre_id) VALUES (1087822, 28);
INSERT INTO movies (id, title, release_date, description, poster_path) VALUES (979275, 'Mob Land', '2023-08-04', 'A sheriff tries to keep the peace when a desperate family man violently robs a pill mill with his brother-in-law, alerting an enforcer for the New Orleans mafia.', '/mcz8oi9oCgq1wkA3Wz2kluE94pE.jpg');
INSERT INTO movie_genres (movie_id, genre_id) VALUES (979275, 28);
INSERT INTO movie_genres (movie_id, genre_id) VALUES (979275, 80);
INSERT INTO movie_genres (movie_id, genre_id) VALUES (979275, 53);
INSERT INTO movies (id, title, release_date, description, poster_path) VALUES (59916, 'Dangerous Isolation', '2006-09-13', 'A top software engineer and her daughter are kidnapped. The kidnappers want her to decrypt sensitive government information, and they are threatening her and her daughter''s life if she doesn''t cooperate.', '/lyRkCAqRMLFlMynKVd4iOBhYcV5.jpg');
INSERT INTO movie_genres (movie_id, genre_id) VALUES (59916, 53);
INSERT INTO movie_genres (movie_id, genre_id) VALUES (59916, 10770);
INSERT INTO movies (id, title, release_date, description, poster_path) VALUES (1581, 'The Holiday', '2006-12-05', 'Two women, one American and one British, swap homes at Christmastime following bad breakups. Each woman finds romance with a local man but realizes that the imminent return home may end the relationship.', '/h1ITOpvJN3Tw4Sy60w2QTfYMvdd.jpg');
INSERT INTO movie_genres (movie_id, genre_id) VALUES (1581, 35);
INSERT INTO movie_genres (movie_id, genre_id) VALUES (1581, 10749);
INSERT INTO movies (id, title, release_date, description, poster_path) VALUES (1373150, 'The Devil Is Busy', '2024-11-13', 'At an Atlanta abortion clinic besieged by protesters, the director of operations, Tracy, takes necessary risks to safeguard staff and patients.', '/hiDLqQ0r7uH5Ww9ekpOmzFEUpxz.jpg');
INSERT INTO movie_genres (movie_id, genre_id) VALUES (1373150, 99);
INSERT INTO movies (id, title, release_date, description, poster_path) VALUES (68326, 'The Rats of Tobruk', '1944-06-30', 'Three friends enlist in the Australian Army and serve in North Africa, holding the city of Tobruk against Rommel''s forces.', '/4yjvjnpYPgpv2RlY4BekdSA4FcB.jpg');
INSERT INTO movie_genres (movie_id, genre_id) VALUES (68326, 10752);
INSERT INTO movie_genres (movie_id, genre_id) VALUES (68326, 28);
INSERT INTO movies (id, title, release_date, description, poster_path) VALUES (267860, 'London Has Fallen', '2016-03-02', 'In London for the Prime Minister''s funeral, Mike Banning discovers a plot to assassinate all the attending world leaders.', '/iEbLkYzyiUdOKNK4WNBFyGH7r2Y.jpg');
INSERT INTO movie_genres (movie_id, genre_id) VALUES (267860, 28);
INSERT INTO movie_genres (movie_id, genre_id) VALUES (267860, 53);
INSERT INTO movies (id, title, release_date, description, poster_path) VALUES (302946, 'The Accountant', '2016-10-13', 'As a math savant uncooks the books for a new client, the Treasury Department closes in on his activities and the body count starts to rise.', '/fceheXB5fC4WrLVuWJ6OZv9FXYr.jpg');
INSERT INTO movie_genres (movie_id, genre_id) VALUES (302946, 80);
INSERT INTO movie_genres (movie_id, genre_id) VALUES (302946, 53);
INSERT INTO movie_genres (movie_id, genre_id) VALUES (302946, 18);
INSERT INTO movies (id, title, release_date, description, poster_path) VALUES (9509, 'Man on Fire', '2004-04-23', 'Jaded ex-CIA operative John Creasy reluctantly accepts a job as the bodyguard for a 10-year-old girl in Mexico City. They clash at first, but eventually bond, and when she''s kidnapped he''s consumed by fury and will stop at nothing to save her life.', '/grCGLCcTHv9TChibzOwzUpykcjB.jpg');
INSERT INTO movie_genres (movie_id, genre_id) VALUES (9509, 28);
INSERT INTO movie_genres (movie_id, genre_id) VALUES (9509, 18);
INSERT INTO movie_genres (movie_id, genre_id) VALUES (9509, 53);
INSERT INTO movies (id, title, release_date, description, poster_path) VALUES (965150, 'Aftersun', '2022-10-21', 'Sophie reflects on the shared joy and private melancholy of a holiday she took with her father twenty years earlier. Memories real and imagined fill the gaps between miniDV footage as she tries to reconcile the father she knew with the man she didn''t.', '/evKz85EKouVbIr51zy5fOtpNRPg.jpg');
INSERT INTO movie_genres (movie_id, genre_id) VALUES (965150, 18);
INSERT INTO movies (id, title, release_date, description, poster_path) VALUES (545609, 'Extraction', '2020-04-23', 'A hardened gun-for-hire''s latest mission becomes a soul-searching race to survive when he''s sent into Bangladesh to rescue a drug lord''s kidnapped son.', '/nygOUcBKPHFTbxsYRFZVePqgPK6.jpg');
INSERT INTO movie_genres (movie_id, genre_id) VALUES (545609, 28);
INSERT INTO movie_genres (movie_id, genre_id) VALUES (545609, 53);
INSERT INTO movies (id, title, release_date, description, poster_path) VALUES (30497, 'The Texas Chain Saw Massacre', '1974-10-11', 'Five friends head out to rural Texas to visit the grave of a grandfather. On the way, they stumble across what appears to be a deserted house, only to discover something sinister within. Something armed with a chainsaw.', '/mpgkRPH1GNkMCgdPk2OMyHzAks7.jpg');
INSERT INTO movie_genres (movie_id, genre_id) VALUES (30497, 27);
INSERT INTO movies (id, title, release_date, description, poster_path) VALUES (70447, 'Louisiana Story', '1948-09-28', 'The idyllic life of a young Cajun boy and his pet raccoon is disrupted when the tranquility of the bayou is broken by an oil well drilling near his home.', '/kwEbsHAvdY9G2gJKRKYmxJ6IB6L.jpg');
INSERT INTO movie_genres (movie_id, genre_id) VALUES (70447, 12);
INSERT INTO movie_genres (movie_id, genre_id) VALUES (70447, 18);
INSERT INTO movies (id, title, release_date, description, poster_path) VALUES (400155, 'Hotel Transylvania 3: Summer Vacation', '2018-06-28', 'Dracula, Mavis, Johnny and the rest of the Drac Pack take a vacation on a luxury Monster Cruise Ship, where Dracula falls in love with the ship’s captain, Ericka, who’s secretly a descendant of Abraham Van Helsing, the notorious monster slayer.', '/lzE5BwGQea1nek7TPXUuC5AZ6rq.jpg');
INSERT INTO movie_genres (movie_id, genre_id) VALUES (400155, 16);
INSERT INTO movie_genres (movie_id, genre_id) VALUES (400155, 35);
INSERT INTO movie_genres (movie_id, genre_id) VALUES (400155, 10751);
INSERT INTO movie_genres (movie_id, genre_id) VALUES (400155, 14);
INSERT INTO movies (id, title, release_date, description, poster_path) VALUES (560016, 'Monkey Man', '2024-04-03', 'Kid is an anonymous young man who ekes out a meager living in an underground fight club where, night after night, wearing a gorilla mask, he is beaten bloody by more popular fighters for cash. After years of suppressed rage, Kid discovers a way to infiltrate the enclave of the city’s sinister elite. As his childhood trauma boils over, his mysteriously scarred hands unleash an explosive campaign of retribution to settle the score with the men who took everything from him.', '/4lhR4L2vzzjl68P1zJyCH755Oz4.jpg');
INSERT INTO movie_genres (movie_id, genre_id) VALUES (560016, 28);
INSERT INTO movie_genres (movie_id, genre_id) VALUES (560016, 53);
INSERT INTO movies (id, title, release_date, description, poster_path) VALUES (77812, 'The Hike', '2011-09-30', 'Kate returns from war and goes on a camping trip with her friends. They come across strange people living off the land and befriend a group of rock climbers. After their friend goes missing, the women team up with the climbers to survive their hike.', '/saqj6ykli0hjSjrOBB0QFmfRYan.jpg');
INSERT INTO movie_genres (movie_id, genre_id) VALUES (77812, 27);
INSERT INTO movies (id, title, release_date, description, poster_path) VALUES (5245, 'Fast Lane to Malibu', '2000-09-12', 'The film follows randy college boys Zack and Brian on a trip to Malibu for a party where there''s a shortage of boys but a bevy of buxom girls. Beset on the way by car trouble, and various other distractions, the film also follows the journey of Zack and Brian''s girlfriends, who follow the boys to Malibu but end up having their own lusty adventures.', '/ilk4mLITsnR4JY8mpPIqPSgYrtg.jpg');
INSERT INTO movie_genres (movie_id, genre_id) VALUES (5245, 18);
INSERT INTO movie_genres (movie_id, genre_id) VALUES (5245, 35);
INSERT INTO movie_genres (movie_id, genre_id) VALUES (5245, 12);
INSERT INTO movies (id, title, release_date, description, poster_path) VALUES (9387, 'Conan the Barbarian', '1982-03-16', 'A horde of rampaging warriors massacre the parents of young Conan and enslave the young child for years on The Wheel of Pain. As the sole survivor of the childhood massacre, Conan is released from slavery and taught the ancient arts of fighting. Transforming himself into a killing machine, Conan travels into the wilderness to seek vengeance on Thulsa Doom, the man responsible for killing his family. In the wilderness, Conan takes up with the thieves Valeria and Subotai. The group comes upon King Osric, who wants the trio of warriors to help rescue his daughter who has joined Doom in the hills.', '/qw2A587Ee61IwcSOLNFRhuOACZZ.jpg');
INSERT INTO movie_genres (movie_id, genre_id) VALUES (9387, 12);
INSERT INTO movie_genres (movie_id, genre_id) VALUES (9387, 14);
INSERT INTO movie_genres (movie_id, genre_id) VALUES (9387, 28);
INSERT INTO movies (id, title, release_date, description, poster_path) VALUES (7518, 'Over the Hedge', '2006-05-17', 'A scheming raccoon fools a mismatched family of forest creatures into helping him repay a debt of food, by invading the new suburban sprawl that popped up while they were hibernating – and learns a lesson about family himself.', '/jtZnymorbnHY7mOiBXR14ZDJseM.jpg');
INSERT INTO movie_genres (movie_id, genre_id) VALUES (7518, 10751);
INSERT INTO movie_genres (movie_id, genre_id) VALUES (7518, 35);
INSERT INTO movie_genres (movie_id, genre_id) VALUES (7518, 16);
INSERT INTO movies (id, title, release_date, description, poster_path) VALUES (1895, 'Star Wars: Episode III - Revenge of the Sith', '2005-05-17', 'The evil Darth Sidious enacts his final plan for unlimited power – and the heroic Jedi Anakin Skywalker must choose a side.', '/xfSAoBEm9MNBjmlNcDYLvLSMlnq.jpg');
INSERT INTO movie_genres (movie_id, genre_id) VALUES (1895, 12);
INSERT INTO movie_genres (movie_id, genre_id) VALUES (1895, 28);
INSERT INTO movie_genres (movie_id, genre_id) VALUES (1895, 878);
INSERT INTO movies (id, title, release_date, description, poster_path) VALUES (2978, 'Ghostbusters II', '1989-06-16', 'The discovery of a massive river of ectoplasm and a resurgence of spectral activity allows the staff of Ghostbusters to revive the business.', '/yObYPMA58DnTMvJooFW7GG6jWAt.jpg');
INSERT INTO movie_genres (movie_id, genre_id) VALUES (2978, 35);
INSERT INTO movie_genres (movie_id, genre_id) VALUES (2978, 14);
INSERT INTO movies (id, title, release_date, description, poster_path) VALUES (25748, 'Children of the Corn II: The Final Sacrifice', '1992-01-29', 'When a tabloid reporter and his son travel to a quiet Midwestern town to investigate a gruesome massacre, they fall victim to a possessed orphan named Micah.', '/5UaH4zhfKT1taJGHUwPxm29ZENf.jpg');
INSERT INTO movie_genres (movie_id, genre_id) VALUES (25748, 27);
INSERT INTO movies (id, title, release_date, description, poster_path) VALUES (153, 'Lost in Translation', '2003-09-18', 'Two lost souls visiting Tokyo -- the young, neglected wife of a photographer and a washed-up movie star shooting a TV commercial -- find an odd solace and pensive freedom to be real in each other''s company, away from their lives in America.', '/3jCLmYDIIiSMPujbwygNpqdpM8N.jpg');
INSERT INTO movie_genres (movie_id, genre_id) VALUES (153, 18);
INSERT INTO movie_genres (movie_id, genre_id) VALUES (153, 10749);
INSERT INTO movie_genres (movie_id, genre_id) VALUES (153, 35);
INSERT INTO movies (id, title, release_date, description, poster_path) VALUES (9837, 'The Prince of Egypt', '1998-12-16', 'The strong bond between two brothers is challenged when their chosen responsibilities set them at odds, with extraordinary consequences.', '/2xUjYwL6Ol7TLJPPKs7sYW5PWLX.jpg');
INSERT INTO movie_genres (movie_id, genre_id) VALUES (9837, 12);
INSERT INTO movie_genres (movie_id, genre_id) VALUES (9837, 16);
INSERT INTO movie_genres (movie_id, genre_id) VALUES (9837, 18);
INSERT INTO movie_genres (movie_id, genre_id) VALUES (9837, 10751);
INSERT INTO movies (id, title, release_date, description, poster_path) VALUES (1017633, 'How to Date Billy Walsh', '2024-04-04', 'Archie has been in love with his best friend Amelia for as long as he can remember. Just when he builds up the courage to declare his feelings, she falls head over heels for Billy Walsh, a new American transfer student.', '/5qcHcoJL3otMwJPKnbV5M3a1jQd.jpg');
INSERT INTO movie_genres (movie_id, genre_id) VALUES (1017633, 10749);
INSERT INTO movie_genres (movie_id, genre_id) VALUES (1017633, 35);
INSERT INTO movies (id, title, release_date, description, poster_path) VALUES (44912, 'Green Lantern', '2011-06-14', 'For centuries, a small but powerful force of warriors called the Green Lantern Corps has sworn to keep intergalactic order. Each Green Lantern wears a ring that grants him superpowers. But when a new enemy called Parallax threatens to destroy the balance of power in the Universe, their fate and the fate of Earth lie in the hands of the first human ever recruited.', '/fj21HwUprqjjwTdkKC1XZurRSpV.jpg');
INSERT INTO movie_genres (movie_id, genre_id) VALUES (44912, 12);
INSERT INTO movie_genres (movie_id, genre_id) VALUES (44912, 28);
INSERT INTO movie_genres (movie_id, genre_id) VALUES (44912, 53);
INSERT INTO movie_genres (movie_id, genre_id) VALUES (44912, 878);
INSERT INTO movies (id, title, release_date, description, poster_path) VALUES (401478, 'Death Race: Beyond Anarchy', '2018-10-02', 'Black Ops specialist Connor Gibson infiltrates a maximum security prison to take down legendary driver Frankenstein in a violent and brutal car race.', '/1PrlKvPUbDQAqFQBCyyt68hLLl.jpg');
INSERT INTO movie_genres (movie_id, genre_id) VALUES (401478, 28);
INSERT INTO movie_genres (movie_id, genre_id) VALUES (401478, 53);
INSERT INTO movie_genres (movie_id, genre_id) VALUES (401478, 878);
INSERT INTO movies (id, title, release_date, description, poster_path) VALUES (4922, 'The Curious Case of Benjamin Button', '2008-12-25', 'Born under unusual circumstances, Benjamin Button springs into being as an elderly man in a New Orleans nursing home and ages in reverse. Twelve years after his birth, he meets Daisy, a child who flits in and out of his life as she grows up to be a dancer. Though he has all sorts of unusual adventures over the course of his life, it is his relationship with Daisy, and the hope that they will come together at the right time, that drives Benjamin forward.', '/26wEWZYt6yJkwRVkjcbwJEFh9IS.jpg');
INSERT INTO movie_genres (movie_id, genre_id) VALUES (4922, 18);
INSERT INTO movie_genres (movie_id, genre_id) VALUES (4922, 14);
INSERT INTO movie_genres (movie_id, genre_id) VALUES (4922, 10749);
INSERT INTO movies (id, title, release_date, description, poster_path) VALUES (36685, 'The Rocky Horror Picture Show', '1975-08-14', 'After getting a flat tire in the middle of nowhere, newly engaged couple Brad and Janet encounter the eerie mansion of the flamboyant, seductive Dr. Frank-N-Furter and a variety of eccentric characters. Through elaborate dance and rock music, the mad scientist unveils his latest creation: a perfect, muscular man.', '/3pyE6ZqDbuJi7zrNzzQzcKTWdmN.jpg');
INSERT INTO movie_genres (movie_id, genre_id) VALUES (36685, 35);
INSERT INTO movie_genres (movie_id, genre_id) VALUES (36685, 878);
INSERT INTO movie_genres (movie_id, genre_id) VALUES (36685, 14);
INSERT INTO movie_genres (movie_id, genre_id) VALUES (36685, 27);
INSERT INTO movies (id, title, release_date, description, poster_path) VALUES (774825, 'The Ice Age Adventures of Buck Wild', '2022-01-28', 'The fearless one-eyed weasel Buck teams up with mischievous possum brothers Crash & Eddie as they head off on a new adventure into Buck''s home: The Dinosaur World.', '/zzXFM4FKDG7l1ufrAkwQYv2xvnh.jpg');
INSERT INTO movie_genres (movie_id, genre_id) VALUES (774825, 16);
INSERT INTO movie_genres (movie_id, genre_id) VALUES (774825, 35);
INSERT INTO movie_genres (movie_id, genre_id) VALUES (774825, 10751);
INSERT INTO movie_genres (movie_id, genre_id) VALUES (774825, 12);
INSERT INTO movies (id, title, release_date, description, poster_path) VALUES (73456, 'Barbie: Princess Charm School', '2011-08-11', 'Barbie stars as Blair Willows, a kind-hearted girl who is chosen to attend Princess Charm School: a magical, modern place that teaches dancing, how to have tea parties, and proper princess manners. Blair loves her classes -- as well as the helpful magical sprites and her new friends, Princesses Hadley and Isla. But when royal teacher Dame Devin discovers that Blair looks a lot like the kingdom’s missing princess, she turns Blair’s world upside down to stop her from claiming the throne. Now Blair, Hadley and Delancy must find an enchanted crown to prove Blair’s true identity in this charming and magical princess story!', '/lI2jPbssax6XX5vDqB9mTJHGzfH.jpg');
INSERT INTO movie_genres (movie_id, genre_id) VALUES (73456, 10751);
INSERT INTO movie_genres (movie_id, genre_id) VALUES (73456, 16);
INSERT INTO movie_genres (movie_id, genre_id) VALUES (73456, 14);
INSERT INTO movies (id, title, release_date, description, poster_path) VALUES (36685, 'The Rocky Horror Picture Show', '1975-08-14', 'After getting a flat tire in the middle of nowhere, newly engaged couple Brad and Janet encounter the eerie mansion of the flamboyant, seductive Dr. Frank-N-Furter and a variety of eccentric characters. Through elaborate dance and rock music, the mad scientist unveils his latest creation: a perfect, muscular man.', '/3pyE6ZqDbuJi7zrNzzQzcKTWdmN.jpg');
INSERT INTO movie_genres (movie_id, genre_id) VALUES (36685, 35);
INSERT INTO movie_genres (movie_id, genre_id) VALUES (36685, 878);
INSERT INTO movie_genres (movie_id, genre_id) VALUES (36685, 14);
INSERT INTO movie_genres (movie_id, genre_id) VALUES (36685, 27);
INSERT INTO movies (id, title, release_date, description, poster_path) VALUES (774825, 'The Ice Age Adventures of Buck Wild', '2022-01-28', 'The fearless one-eyed weasel Buck teams up with mischievous possum brothers Crash & Eddie as they head off on a new adventure into Buck''s home: The Dinosaur World.', '/zzXFM4FKDG7l1ufrAkwQYv2xvnh.jpg');
INSERT INTO movie_genres (movie_id, genre_id) VALUES (774825, 16);
INSERT INTO movie_genres (movie_id, genre_id) VALUES (774825, 35);
INSERT INTO movie_genres (movie_id, genre_id) VALUES (774825, 10751);
INSERT INTO movie_genres (movie_id, genre_id) VALUES (774825, 12);
INSERT INTO movies (id, title, release_date, description, poster_path) VALUES (73456, 'Barbie: Princess Charm School', '2011-08-11', 'Barbie stars as Blair Willows, a kind-hearted girl who is chosen to attend Princess Charm School: a magical, modern place that teaches dancing, how to have tea parties, and proper princess manners. Blair loves her classes -- as well as the helpful magical sprites and her new friends, Princesses Hadley and Isla. But when royal teacher Dame Devin discovers that Blair looks a lot like the kingdom’s missing princess, she turns Blair’s world upside down to stop her from claiming the throne. Now Blair, Hadley and Delancy must find an enchanted crown to prove Blair’s true identity in this charming and magical princess story!', '/lI2jPbssax6XX5vDqB9mTJHGzfH.jpg');
INSERT INTO movie_genres (movie_id, genre_id) VALUES (73456, 10751);
INSERT INTO movie_genres (movie_id, genre_id) VALUES (73456, 16);
INSERT INTO movie_genres (movie_id, genre_id) VALUES (73456, 14);
INSERT INTO movies (id, title, release_date, description, poster_path) VALUES (11362, 'The Count of Monte Cristo', '2002-01-23', 'Edmond Dantés''s life and plans to marry the beautiful Mercedes are shattered when his best friend, Fernand, deceives him. After spending 13 miserable years in prison, Dantés escapes with the help of a fellow inmate and plots his revenge, cleverly insinuating himself into the French nobility.', '/ifMgDAUXVQLY4DeOu3VTTi55jSP.jpg');
INSERT INTO movie_genres (movie_id, genre_id) VALUES (11362, 12);
INSERT INTO movie_genres (movie_id, genre_id) VALUES (11362, 18);
INSERT INTO movie_genres (movie_id, genre_id) VALUES (11362, 36);
INSERT INTO movie_genres (movie_id, genre_id) VALUES (11362, 28);
INSERT INTO movie_genres (movie_id, genre_id) VALUES (11362, 53);
INSERT INTO movies (id, title, release_date, description, poster_path) VALUES (874204, 'A Christmas Wish in Hudson', '2021-10-29', 'Lori really needs a break for Christmas. When she sees Patrick Jacobs, a widowed firefighter from Hudson, Wisconsin on a reality cooking show, she feels a strong attraction and decides to take a shot at love, but she''s not the only one.', '/7dV361r1AxNdpYAeBb8QJ1elUfX.jpg');
INSERT INTO movie_genres (movie_id, genre_id) VALUES (874204, 10770);
INSERT INTO movie_genres (movie_id, genre_id) VALUES (874204, 35);
INSERT INTO movie_genres (movie_id, genre_id) VALUES (874204, 10749);
INSERT INTO movies (id, title, release_date, description, poster_path) VALUES (11005, 'Awakenings', '1990-12-04', 'Dr. Malcolm Sayer, a shy research physician, uses an experimental drug to "awaken" the catatonic victims of a rare disease. Leonard is the first patient to receive the controversial treatment. His awakening, filled with awe and enthusiasm, proves a rebirth for Sayer too, as the exuberant patient reveals life''s simple but unutterably sweet pleasures to the introverted doctor.', '/9gztZXuHLG6AJ0fgqGd7Q43cWRI.jpg');
INSERT INTO movie_genres (movie_id, genre_id) VALUES (11005, 18);
INSERT INTO movies (id, title, release_date, description, poster_path) VALUES (281338, 'War for the Planet of the Apes', '2017-07-11', 'Caesar and his apes are forced into a deadly conflict with an army of humans led by a ruthless Colonel. After the apes suffer unimaginable losses, Caesar wrestles with his darker instincts and begins his own mythic quest to avenge his kind. As the journey finally brings them face to face, Caesar and the Colonel are pitted against each other in an epic battle that will determine the fate of both their species and the future of the planet.', '/mMA1qhBFgZX8O36qPPTC016kQl1.jpg');
INSERT INTO movie_genres (movie_id, genre_id) VALUES (281338, 18);
INSERT INTO movie_genres (movie_id, genre_id) VALUES (281338, 878);
INSERT INTO movie_genres (movie_id, genre_id) VALUES (281338, 10752);
INSERT INTO movies (id, title, release_date, description, poster_path) VALUES (432602, 'An Inconvenient Sequel: Truth to Power', '2017-07-28', 'A decade after An Inconvenient Truth brought climate change into the heart of popular culture comes the riveting and rousing follow-up that shows just how close we are to a real energy revolution. Vice President Al Gore continues his tireless fight, traveling around the world training an army of climate champions and influencing international climate policy. Cameras follow him behind the scenes—in moments private and public, funny and poignant—as he pursues the empowering notion that while the stakes have never been higher, the perils of climate change can be overcome with human ingenuity and passion.', '/2WauUg4DcUxng5nwhisu7UFZq4Z.jpg');
INSERT INTO movie_genres (movie_id, genre_id) VALUES (432602, 99);
INSERT INTO movies (id, title, release_date, description, poster_path) VALUES (1324989, 'Untold: Sign Stealer', '2024-08-26', 'In this sports documentary, Connor Stalions addresses the allegations surrounding the Michigan football sign-stealing scandal for the first time.', '/f9smYB0Pqfe1QZwjBCbieAAFsDN.jpg');
INSERT INTO movie_genres (movie_id, genre_id) VALUES (1324989, 99);
INSERT INTO movies (id, title, release_date, description, poster_path) VALUES (310131, 'The Witch', '2016-02-19', 'In 1630, a farmer relocates his family to a remote plot of land on the edge of a forest where strange, unsettling things happen. With suspicion and paranoia mounting, each family member''s faith, loyalty and love are tested in shocking ways.', '/zap5hpFCWSvdWSuPGAQyjUv2wAC.jpg');
INSERT INTO movie_genres (movie_id, genre_id) VALUES (310131, 27);
INSERT INTO movie_genres (movie_id, genre_id) VALUES (310131, 14);
INSERT INTO movie_genres (movie_id, genre_id) VALUES (310131, 18);
INSERT INTO movies (id, title, release_date, description, poster_path) VALUES (1106739, 'Juror #2', '2024-10-30', 'While serving as a juror in a high profile murder trial, family man Justin Kemp finds himself struggling with a serious moral dilemma…one he could use to sway the jury verdict and potentially convict—or free—the accused killer.', '/ugQkpGajKFQ8eyOEhGheR0HfWQ.jpg');
INSERT INTO movie_genres (movie_id, genre_id) VALUES (1106739, 18);
INSERT INTO movie_genres (movie_id, genre_id) VALUES (1106739, 53);
INSERT INTO movies (id, title, release_date, description, poster_path) VALUES (250734, 'Far from the Madding Crowd', '2015-04-23', 'In Victorian England, the independent and headstrong Bathsheba Everdene attracts three very different suitors: Gabriel Oak, a hardworking young sheep farmer; Frank Troy, a handsome and reckless Sergeant; and William Boldwood, a prosperous and mature bachelor.', '/cr4cctBPv9qHDtjDps4wi0kqI7h.jpg');
INSERT INTO movie_genres (movie_id, genre_id) VALUES (250734, 18);
INSERT INTO movie_genres (movie_id, genre_id) VALUES (250734, 10749);
INSERT INTO movies (id, title, release_date, description, poster_path) VALUES (6466, 'Freddy vs. Jason', '2003-08-15', 'Freddy enlists Jason to kill on his behalf on Elm Street, after realizing that he can''t haunt dreams because people no longer fear him.', '/f9ZASRUfl8Jlco7rgRx3ujPR0P7.jpg');
INSERT INTO movie_genres (movie_id, genre_id) VALUES (6466, 27);
INSERT INTO movies (id, title, release_date, description, poster_path) VALUES (452030, 'Cinderella''s Hot Night', '2017-05-30', 'Cinderella''s Hot Night presents a lively retelling of the classic fairy tale...with a slightly more mature, erotic twist. Follow the adventures of the bewildered Cindy as she falls prey to her wicked sex-crazed benefactor all the while pining for her secret love, a noble European Prince. With the help of her smoking hot Fairy Godmother, Cindy finally realizes her dream of becoming a real-life Princess.', '/9CwaR4p3CK0NAIbZ72LrqUENJup.jpg');
INSERT INTO movie_genres (movie_id, genre_id) VALUES (452030, 14);
INSERT INTO movie_genres (movie_id, genre_id) VALUES (452030, 35);
INSERT INTO movies (id, title, release_date, description, poster_path) VALUES (877817, 'Wolfs', '2024-09-20', 'Hired to cover up a high-profile crime, a fixer soon finds his night spiralling out of control when he''s forced to work with an unexpected counterpart.', '/vOX1Zng472PC2KnS0B9nRfM8aaZ.jpg');
INSERT INTO movie_genres (movie_id, genre_id) VALUES (877817, 80);
INSERT INTO movie_genres (movie_id, genre_id) VALUES (877817, 35);
INSERT INTO movie_genres (movie_id, genre_id) VALUES (877817, 28);
INSERT INTO movies (id, title, release_date, description, poster_path) VALUES (558, 'Spider-Man 2', '2004-06-25', 'Peter Parker is going through a major identity crisis. Burned out from being Spider-Man, he decides to shelve his superhero alter ego, which leaves the city suffering in the wake of carnage left by the evil Doc Ock. In the meantime, Parker still can''t act on his feelings for Mary Jane Watson, a girl he''s loved since childhood. A certain anger begins to brew in his best friend Harry Osborn as well...', '/aGuvNAaaZuWXYQQ6N2v7DeuP6mB.jpg');
INSERT INTO movie_genres (movie_id, genre_id) VALUES (558, 28);
INSERT INTO movie_genres (movie_id, genre_id) VALUES (558, 12);
INSERT INTO movie_genres (movie_id, genre_id) VALUES (558, 878);
INSERT INTO movies (id, title, release_date, description, poster_path) VALUES (74465, 'We Bought a Zoo', '2011-12-08', 'Benjamin has lost his wife and, in a bid to start his life over, purchases a large house that has a zoo – welcome news for his daughter, but his son is not happy about it. The zoo is in need of renovation and Benjamin sets about the work with the head keeper and the rest of the staff, but, the zoo soon runs into financial trouble.', '/dcOvIqdsojUdAtWt1nPT9xS76Su.jpg');
INSERT INTO movie_genres (movie_id, genre_id) VALUES (74465, 18);
INSERT INTO movie_genres (movie_id, genre_id) VALUES (74465, 35);
INSERT INTO movie_genres (movie_id, genre_id) VALUES (74465, 10751);
INSERT INTO movies (id, title, release_date, description, poster_path) VALUES (353577, 'Love at First Sight', '2023-09-15', 'Hadley and Oliver begin falling in love on a flight from New York to London, but when they lose each other at customs, can they defy all odds to reunite?', '/vCMGlarDrcmhclBmnYoH7JUCDuA.jpg');
INSERT INTO movie_genres (movie_id, genre_id) VALUES (353577, 10749);
INSERT INTO movie_genres (movie_id, genre_id) VALUES (353577, 18);
INSERT INTO movies (id, title, release_date, description, poster_path) VALUES (9659, 'Mad Max', '1979-04-12', 'In the ravaged near-future, a savage motorcycle gang rules the road. Terrorizing innocent civilians while tearing up the streets, the ruthless gang laughs in the face of a police force hell-bent on stopping them.', '/5LrI4GiCSrChgkdskVZiwv643Kg.jpg');
INSERT INTO movie_genres (movie_id, genre_id) VALUES (9659, 12);
INSERT INTO movie_genres (movie_id, genre_id) VALUES (9659, 28);
INSERT INTO movie_genres (movie_id, genre_id) VALUES (9659, 53);
INSERT INTO movie_genres (movie_id, genre_id) VALUES (9659, 878);
INSERT INTO movies (id, title, release_date, description, poster_path) VALUES (1233575, 'Black Bag', '2025-03-12', 'When intelligence agent Kathryn Woodhouse is suspected of betraying the nation, her husband – also a legendary agent – faces the ultimate test of whether to be loyal to his marriage, or his country.', '/hHPovtU4b96LHcoeEwRkGHI5btw.jpg');
INSERT INTO movie_genres (movie_id, genre_id) VALUES (1233575, 18);
INSERT INTO movie_genres (movie_id, genre_id) VALUES (1233575, 9648);
INSERT INTO movie_genres (movie_id, genre_id) VALUES (1233575, 53);
INSERT INTO movies (id, title, release_date, description, poster_path) VALUES (13920, 'Radio', '2003-10-24', 'In the racially divided town of Anderson, South Carolina in 1976, football coach Harold Jones spots a mentally disabled African-American young man nicknamed Radio near his practice field and is inspired to befriend him. Soon, Radio is Jones'' loyal assistant, and he becomes a student at T.L. Hanna High School. But things start to sour when Coach Jones begins taking guff from parents and fans who feel that his devotion to Radio is getting in the way of the team''s quest for a championship.', '/uQ6ci4iFHhB6TWB2f4wftR7AEly.jpg');
INSERT INTO movie_genres (movie_id, genre_id) VALUES (13920, 18);
INSERT INTO movies (id, title, release_date, description, poster_path) VALUES (251990, 'No Clue', '2014-03-07', 'When a beautiful and mysterious woman bursts into the office of Leo Falloon, desperate to find her missing brother, it''s just another day in the life of a hard-boiled detective. The problem is, Leo''s not a detective. He sells novelty advertising across the hall from the detective, but how hard can it be?', '/jUodJacMVLAOH0AoI2UyS3kBpAv.jpg');
INSERT INTO movie_genres (movie_id, genre_id) VALUES (251990, 35);
INSERT INTO movie_genres (movie_id, genre_id) VALUES (251990, 53);
INSERT INTO movie_genres (movie_id, genre_id) VALUES (251990, 9648);
INSERT INTO movies (id, title, release_date, description, poster_path) VALUES (44683, 'Tinker Bell and the Great Fairy Rescue', '2010-07-29', 'During a summer stay on the mainland, Tinker Bell is accidentally discovered while investigating a little girl''s fairy house. As the other fairies, led by the brash Vidia, launch a daring rescue in the middle of a fierce storm, Tink develops a special bond with the lonely, little girl.', '/cb7PrVIYbwIadQqWxgSU6CGHJjj.jpg');
INSERT INTO movie_genres (movie_id, genre_id) VALUES (44683, 16);
INSERT INTO movie_genres (movie_id, genre_id) VALUES (44683, 12);
INSERT INTO movie_genres (movie_id, genre_id) VALUES (44683, 10751);
INSERT INTO movie_genres (movie_id, genre_id) VALUES (44683, 14);
INSERT INTO movies (id, title, release_date, description, poster_path) VALUES (1212855, 'Fight or Flight', '2025-04-03', 'A mercenary takes on the job of tracking down a target on a plane but must protect her when they''re surrounded by people trying to kill both of them.', '/dNyzZaMDS5hmOzWHFgNlgRRPDB0.jpg');
INSERT INTO movie_genres (movie_id, genre_id) VALUES (1212855, 28);
INSERT INTO movie_genres (movie_id, genre_id) VALUES (1212855, 35);
INSERT INTO movie_genres (movie_id, genre_id) VALUES (1212855, 53);
INSERT INTO movies (id, title, release_date, description, poster_path) VALUES (82675, 'Taken 2', '2012-09-27', 'In Istanbul, retired CIA operative Bryan Mills and his wife are taken hostage by the father of a kidnapper Mills killed while rescuing his daughter.', '/mGRtQS39DYIu6gXu5mXQsXFGZPO.jpg');
INSERT INTO movie_genres (movie_id, genre_id) VALUES (82675, 28);
INSERT INTO movie_genres (movie_id, genre_id) VALUES (82675, 80);
INSERT INTO movie_genres (movie_id, genre_id) VALUES (82675, 53);
INSERT INTO movies (id, title, release_date, description, poster_path) VALUES (51620, 'Death Race 2', '2010-11-12', 'In the world''s most dangerous prison, a new game is born: Death Race. The rules of this adrenaline-fueled blood sport are simple, drive or die. When repentant convict Carl Lucas discovers there''s a price on his head, his only hope is to survive a twisted race against an army of hardened criminals and tricked-out cars.', '/80mBFNVvak2bA9TJN1MD0yM7Lfi.jpg');
INSERT INTO movie_genres (movie_id, genre_id) VALUES (51620, 28);
INSERT INTO movie_genres (movie_id, genre_id) VALUES (51620, 53);
INSERT INTO movie_genres (movie_id, genre_id) VALUES (51620, 878);
INSERT INTO movies (id, title, release_date, description, poster_path) VALUES (18210, 'Beneath Still Waters', '2005-11-02', 'Studying under a disciple of Aleister Crowley, the leader of an upper class group invokes a supernatural force that slowly devours the village of Marienbad and its inhabitants, threatening to spread beyond its geographical limits. The mayor from the town nearby commissions the building of a dam which would flood the valley and therefore submerge the village forever sealing the evil force under water after leader and his followers were incapacitated to be kept from escaping. However, fate ensured the leader''s freedom as he remained in the depths when the waters covered Marienbad. Now 40 years later an array of disappearances and deaths in mysterious circumstances are threatening the town next to the reservoir that now covers Marienbad.', '/3tajmTmBG7ptIKTI5uBreIP2BEs.jpg');
INSERT INTO movie_genres (movie_id, genre_id) VALUES (18210, 27);
INSERT INTO movies (id, title, release_date, description, poster_path) VALUES (1153454, 'In Restless Dreams: The Music of Paul Simon', '2024-08-02', 'Chronicles the career of the titular Grammy Award-winning folk-pop singer-songwriter. The documentary also follows Simon’s journey creating his new album, Seven Psalms. The track on the record pose questions about faith and mortality, particularly during the pandemic, and also feature him contending with his hearing loss. Gibney and Simon also journey through a dreamlike world of storytelling that transcends both time and space, as it moves freely between present and past. The movie also offers a unique peek into Simon’s entire career, from Tom & Jerry to Simon & Garfunkel and the triumphs of Graceland and Rhythm of the Saints.', '/7i6vi55sKGJDjOpXJ2oVdmB4ktP.jpg');
INSERT INTO movie_genres (movie_id, genre_id) VALUES (1153454, 99);
INSERT INTO movie_genres (movie_id, genre_id) VALUES (1153454, 10402);
INSERT INTO movies (id, title, release_date, description, poster_path) VALUES (10022, 'The Pacifier', '2005-03-04', 'Navy SEAL Shane Wolfe is handed a new assignment: Protect the five Plummer kids from enemies of their recently deceased father -- a government scientist whose top-secret experiment remains hidden in the kids'' house.', '/brkyQKNcaVNWGsCBCW5bKy9zVeW.jpg');
INSERT INTO movie_genres (movie_id, genre_id) VALUES (10022, 35);
INSERT INTO movie_genres (movie_id, genre_id) VALUES (10022, 10751);
INSERT INTO movie_genres (movie_id, genre_id) VALUES (10022, 28);
INSERT INTO movies (id, title, release_date, description, poster_path) VALUES (598824, 'The Guard of Auschwitz', '2018-05-28', 'Nazi occupied Poland, during the World War II. Hans, a former brilliant student, has become an SS officer stationed at the Auschwitz-Birkenau concentration camp. When he is commissioned by his superior officer to build an efficient gas chamber, Hans, facing the harsh reality, begins to realize the magnitude of the atrocious acts of which he is being accomplice.', '/5GYOvmP9Nh3jKeToqA1qXH765No.jpg');
INSERT INTO movie_genres (movie_id, genre_id) VALUES (598824, 18);
INSERT INTO movie_genres (movie_id, genre_id) VALUES (598824, 53);
INSERT INTO movie_genres (movie_id, genre_id) VALUES (598824, 10752);
INSERT INTO movies (id, title, release_date, description, poster_path) VALUES (335988, 'Transformers: The Last Knight', '2017-06-16', 'Humans and Transformers are at war. Optimus Prime is gone. The key to saving our future lies buried in the secrets of the past, in the hidden history of Transformers on Earth. Saving our world falls upon the shoulders of an unlikely alliance: Cade Yeager; Bumblebee; an English Lord; and an Oxford Professor.', '/s5HQf2Gb3lIO2cRcFwNL9sn1o1o.jpg');
INSERT INTO movie_genres (movie_id, genre_id) VALUES (335988, 28);
INSERT INTO movie_genres (movie_id, genre_id) VALUES (335988, 12);
INSERT INTO movie_genres (movie_id, genre_id) VALUES (335988, 878);
INSERT INTO movies (id, title, release_date, description, poster_path) VALUES (1624, 'Liar Liar', '1997-03-21', 'Forced by his son''s birthday wish, fast-talking attorney and habitual liar Fletcher Reede must tell the truth for the next 24 hours.', '/p1habYSdC7oD3WygQ5lynU5G5rV.jpg');
INSERT INTO movie_genres (movie_id, genre_id) VALUES (1624, 35);
INSERT INTO movies (id, title, release_date, description, poster_path) VALUES (1022796, 'Wish', '2023-11-13', 'Asha, a sharp-witted idealist, makes a wish so powerful that it is answered by a cosmic force – a little ball of boundless energy called Star. Together, Asha and Star confront a most formidable foe - the ruler of Rosas, King Magnifico - to save her community and prove that when the will of one courageous human connects with the magic of the stars, wondrous things can happen.', '/m9ckCVKU9vW3Dxc8hbodx7mjJbe.jpg');
INSERT INTO movie_genres (movie_id, genre_id) VALUES (1022796, 16);
INSERT INTO movie_genres (movie_id, genre_id) VALUES (1022796, 10751);
INSERT INTO movie_genres (movie_id, genre_id) VALUES (1022796, 14);
INSERT INTO movie_genres (movie_id, genre_id) VALUES (1022796, 12);
INSERT INTO movies (id, title, release_date, description, poster_path) VALUES (738652, 'Copshop', '2021-09-09', 'On the run from a lethal assassin, a wily con artist devises a scheme to hide out inside a small-town police station. However, when the hit man turns up at the precinct, an unsuspecting rookie cop finds herself caught in the crosshairs.', '/9LEWWWEhS7SZXFDuH1YYhs0VFct.jpg');
INSERT INTO movie_genres (movie_id, genre_id) VALUES (738652, 53);
INSERT INTO movie_genres (movie_id, genre_id) VALUES (738652, 80);
INSERT INTO movie_genres (movie_id, genre_id) VALUES (738652, 28);
INSERT INTO movies (id, title, release_date, description, poster_path) VALUES (238636, 'The Purge: Anarchy', '2014-07-17', 'One night per year, the government sanctions a 12-hour period in which citizens can commit any crime they wish -- including murder -- without fear of punishment or imprisonment. Leo, a sergeant who lost his son, plans a vigilante mission of revenge during the mayhem. However, instead of a death-dealing avenger, he becomes the unexpected protector of four innocent strangers who desperately need his help if they are to survive the night.', '/qwqHHZLZSUvMkAMQ47ymtfjEifY.jpg');
INSERT INTO movie_genres (movie_id, genre_id) VALUES (238636, 27);
INSERT INTO movie_genres (movie_id, genre_id) VALUES (238636, 53);
INSERT INTO movies (id, title, release_date, description, poster_path) VALUES (343611, 'Jack Reacher: Never Go Back', '2016-10-19', 'Years after resigning command of an elite military police unit, the nomadic, righter-of-wrongs Reacher is drawn back into the life he left behind when his friend and successor, Major Susan Turner is framed for espionage. Reacher will stop at nothing to prove her innocence and to expose the real perpetrators behind the killings of his former soldiers.', '/cOg3UT2NYWHZxp41vpxAnVCOC4M.jpg');
INSERT INTO movie_genres (movie_id, genre_id) VALUES (343611, 28);
INSERT INTO movie_genres (movie_id, genre_id) VALUES (343611, 18);
INSERT INTO movie_genres (movie_id, genre_id) VALUES (343611, 53);
INSERT INTO movie_genres (movie_id, genre_id) VALUES (343611, 80);
INSERT INTO movies (id, title, release_date, description, poster_path) VALUES (76493, 'The Dictator', '2012-05-15', 'The heroic story of a dictator who risks his life to ensure that democracy would never come to the country he so lovingly oppressed.', '/n0W7kajF4GFMRk2c0wWwMQqTaDM.jpg');
INSERT INTO movie_genres (movie_id, genre_id) VALUES (76493, 35);
INSERT INTO movies (id, title, release_date, description, poster_path) VALUES (278154, 'Ice Age: Collision Course', '2016-06-23', 'Set after the events of Continental Drift, Scrat''s epic pursuit of his elusive acorn catapults him outside of Earth, where he accidentally sets off a series of cosmic events that transform and threaten the planet. To save themselves from peril, Manny, Sid, Diego, and the rest of the herd leave their home and embark on a quest full of thrills and spills, highs and lows, laughter and adventure while traveling to exotic new lands and locations.', '/dWyaaP1dmW5peBvgiVaugdRuyYD.jpg');
INSERT INTO movie_genres (movie_id, genre_id) VALUES (278154, 12);
INSERT INTO movie_genres (movie_id, genre_id) VALUES (278154, 16);
INSERT INTO movie_genres (movie_id, genre_id) VALUES (278154, 10751);
INSERT INTO movie_genres (movie_id, genre_id) VALUES (278154, 35);
INSERT INTO movie_genres (movie_id, genre_id) VALUES (278154, 878);
INSERT INTO movies (id, title, release_date, description, poster_path) VALUES (15157, 'Another Cinderella Story', '2008-09-16', 'A guy who danced with what could be the girl of his dreams at a costume ball only has one hint at her identity: the Zune she left behind as she rushed home in order to make her curfew. And with a once-in-a-lifetime opportunity in front of him, he sets out to find his masked beauty.', '/Acw0Syw7s8QFTCkdJgtGR2Eg0SB.jpg');
INSERT INTO movie_genres (movie_id, genre_id) VALUES (15157, 35);
INSERT INTO movie_genres (movie_id, genre_id) VALUES (15157, 10402);
INSERT INTO movies (id, title, release_date, description, poster_path) VALUES (1029235, 'Azrael', '2024-09-27', 'In a world where no one speaks, a devout female hunts down a young woman who has escaped her imprisonment. Recaptured by its ruthless leaders, Azrael is due to be sacrificed to pacify an ancient evil deep within the surrounding wilderness.', '/qpdFKDvJS7oLKTcBLXOaMwUESbs.jpg');
INSERT INTO movie_genres (movie_id, genre_id) VALUES (1029235, 28);
INSERT INTO movie_genres (movie_id, genre_id) VALUES (1029235, 27);
INSERT INTO movie_genres (movie_id, genre_id) VALUES (1029235, 53);
INSERT INTO movies (id, title, release_date, description, poster_path) VALUES (156717, 'Death Race: Inferno', '2013-01-04', 'Carl Lucas / Frankenstein has won four of his races and needs to win one more to win his freedom. Before his final race, Lucas and his team, car and all, are transferred to another prison where they will compete in a Death Race in the desert. Also, at the same time, Ceaser runs into a marketer who wants to franchise the Death Race program.', '/aRV4oC61nmBqypSaXtMXOk99dOM.jpg');
INSERT INTO movie_genres (movie_id, genre_id) VALUES (156717, 28);
INSERT INTO movie_genres (movie_id, genre_id) VALUES (156717, 878);
INSERT INTO movie_genres (movie_id, genre_id) VALUES (156717, 53);
INSERT INTO movies (id, title, release_date, description, poster_path) VALUES (32221, 'Rambling Rose', '1991-09-10', 'Rose is taken in by the Hillyer family to serve as a 1930s housemaid so that she can avoid falling into a life of prostitution. Her appearence and personality is such that all men fall for her, and she knows it. She can''t help herself from getting into trouble with men.', '/hAoluBzewlMqRH4mgFJvr4EPOMw.jpg');
INSERT INTO movie_genres (movie_id, genre_id) VALUES (32221, 18);
INSERT INTO movies (id, title, release_date, description, poster_path) VALUES (996154, 'Black Lotus', '2023-04-12', 'An ex-special forces operative wages a one man war through the streets of Amsterdam to rescue his friend''s daughter from the local crime syndicate.', '/y3AeW200hqGLxoPyHMDHpzudylz.jpg');
INSERT INTO movie_genres (movie_id, genre_id) VALUES (996154, 28);
INSERT INTO movie_genres (movie_id, genre_id) VALUES (996154, 80);
INSERT INTO movie_genres (movie_id, genre_id) VALUES (996154, 9648);
INSERT INTO movie_genres (movie_id, genre_id) VALUES (996154, 53);
INSERT INTO movies (id, title, release_date, description, poster_path) VALUES (588, 'Silent Hill', '2006-04-21', 'Rose, a desperate mother takes her adopted daughter, Sharon, to the town of Silent Hill in an attempt to cure her of her ailment. After a violent car crash, Sharon disappears and Rose begins a desperate search to get her back. She descends into the center of the twisted reality of a town''s terrible secret. Pursued by grotesquely deformed creatures and townspeople stuck in permanent purgatory, Rose begins to uncover the truth behind the apocalyptic disaster that burned the town 30 years earlier.', '/r0bEDWO2w4a43K2xTNSF284qOsc.jpg');
INSERT INTO movie_genres (movie_id, genre_id) VALUES (588, 27);
INSERT INTO movie_genres (movie_id, genre_id) VALUES (588, 9648);
INSERT INTO movies (id, title, release_date, description, poster_path) VALUES (602223, 'The Forever Purge', '2021-06-30', 'All the rules are broken as a sect of lawless marauders decides that the annual Purge does not stop at daybreak and instead should never end as they chase a group of immigrants who they want to punish because of their harsh historical past.', '/lB068qa6bQ0QKYKyC2xnYGvYjl7.jpg');
INSERT INTO movie_genres (movie_id, genre_id) VALUES (602223, 28);
INSERT INTO movie_genres (movie_id, genre_id) VALUES (602223, 27);
INSERT INTO movie_genres (movie_id, genre_id) VALUES (602223, 53);
INSERT INTO movies (id, title, release_date, description, poster_path) VALUES (1514364, 'Kill Me Again', '2025-08-08', 'Charlie, a notorious serial killer known as the Midnight Mangler finds himself trapped, reliving the same violent night over and over. Initially embracing his grisly urges, Charlie soon becomes desperate to escape the endless nightmare.', '/tPUC1q4zfxxoAPvz9ssF5QQ0sYk.jpg');
INSERT INTO movie_genres (movie_id, genre_id) VALUES (1514364, 27);
INSERT INTO movie_genres (movie_id, genre_id) VALUES (1514364, 53);
INSERT INTO movies (id, title, release_date, description, poster_path) VALUES (599975, 'Countdown', '2019-10-24', 'A young nurse downloads an app that tells her she only has three days to live. With time ticking away and a mysterious figure haunting her, she must find a way to save her life before time runs out.', '/qCDPKUMX5xrxxQY8XhGVCKO3fks.jpg');
INSERT INTO movie_genres (movie_id, genre_id) VALUES (599975, 27);
INSERT INTO movie_genres (movie_id, genre_id) VALUES (599975, 53);
INSERT INTO movies (id, title, release_date, description, poster_path) VALUES (9335, 'Transporter 2', '2005-08-03', 'Professional driver, and former Special Forces officer, Frank Martin is living in Miami, where he is temporarily filling in for a friend as the chauffeur for a government narcotics control policy director and his family. The young boy in the family is targeted for kidnapping, and Frank immediately becomes involved in protecting the child and exposing the kidnappers.', '/cdm17vK8PxHfTi7ayZf6WKbOgUO.jpg');
INSERT INTO movie_genres (movie_id, genre_id) VALUES (9335, 28);
INSERT INTO movie_genres (movie_id, genre_id) VALUES (9335, 53);
INSERT INTO movie_genres (movie_id, genre_id) VALUES (9335, 80);
INSERT INTO movies (id, title, release_date, description, poster_path) VALUES (15092, 'Crank: High Voltage', '2009-04-16', 'Chelios faces a Chinese mobster who has stolen his nearly indestructible heart and replaced it with a battery-powered ticker that requires regular jolts of electricity to keep working.', '/tzTC4EEvF0OPL63frEiogxL2T8M.jpg');
INSERT INTO movie_genres (movie_id, genre_id) VALUES (15092, 28);
INSERT INTO movie_genres (movie_id, genre_id) VALUES (15092, 53);
INSERT INTO movie_genres (movie_id, genre_id) VALUES (15092, 80);
INSERT INTO movies (id, title, release_date, description, poster_path) VALUES (193756, 'Lone Survivor', '2013-12-24', 'Four Navy SEALs on a covert mission to neutralize a high-level Taliban operative must make an impossible moral decision in the mountains of Afghanistan that leads them into an enemy ambush. As they confront unthinkable odds, the SEALs must find reserves of strength and resilience to fight to the finish.', '/zaBIrloyhGK7iNTZMb3f9SARsl8.jpg');
INSERT INTO movie_genres (movie_id, genre_id) VALUES (193756, 10752);
INSERT INTO movie_genres (movie_id, genre_id) VALUES (193756, 28);
INSERT INTO movie_genres (movie_id, genre_id) VALUES (193756, 18);
INSERT INTO movies (id, title, release_date, description, poster_path) VALUES (455476, 'Knights of the Zodiac', '2023-04-27', 'When a headstrong street orphan, Seiya, in search of his abducted sister unwittingly taps into hidden powers, he discovers he might be the only person alive who can protect a reincarnated goddess, sent to watch over humanity. Can he let his past go and embrace his destiny to become a Knight of the Zodiac?', '/qW4crfED8mpNDadSmMdi7ZDzhXF.jpg');
INSERT INTO movie_genres (movie_id, genre_id) VALUES (455476, 14);
INSERT INTO movie_genres (movie_id, genre_id) VALUES (455476, 28);
INSERT INTO movie_genres (movie_id, genre_id) VALUES (455476, 12);
INSERT INTO movie_genres (movie_id, genre_id) VALUES (455476, 878);
INSERT INTO movies (id, title, release_date, description, poster_path) VALUES (168361, 'Murder in New Hampshire: The Pamela Wojas Smart Story', '1991-09-23', 'Pamela Smart knows exactly what she wants and is willing to do anything to get it. She is fed up with teaching, and her marriage offers little excitement. Looking for a way out she applies for a job at a local TV station. When her dreams of fame are dashed by rejection, she seduces 15-year-old Billy, one of her students. Pam challenges Billy to prove his love for her by getting rid of her husband. The stakes heat up with a huge insurance policy on her husband''s life.', '/cMnAVP1Ulgd8Ma7RnnyhUMH4Qu0.jpg');
INSERT INTO movie_genres (movie_id, genre_id) VALUES (168361, 80);
INSERT INTO movie_genres (movie_id, genre_id) VALUES (168361, 18);
INSERT INTO movie_genres (movie_id, genre_id) VALUES (168361, 10770);
INSERT INTO movies (id, title, release_date, description, poster_path) VALUES (882206, 'L.O.L. Surprise! The Movie', '2021-10-08', 'Dazzling doll sisters Queen Bee and Royal Bee make their first movie with help from their fashionable friends in this one-of-a-kind magical adventure.', '/vbc8H3SR3BM6TZkJw6UBN4ekdjK.jpg');
INSERT INTO movie_genres (movie_id, genre_id) VALUES (882206, 16);
INSERT INTO movie_genres (movie_id, genre_id) VALUES (882206, 10751);
INSERT INTO movies (id, title, release_date, description, poster_path) VALUES (1340117, 'Marlee Matlin: Not Alone Anymore', '2025-06-20', 'In 1987, Marlee Matlin became the first Deaf actor to win an Academy Award and was thrust into the spotlight at 21 years old. Reflecting on her life in her primary language of American Sign Language, Marlee explores the complexities of what it means to be a trailblazer.', '/1RTdQRBtRFqXwr0c4Q8cMDcxikK.jpg');
INSERT INTO movie_genres (movie_id, genre_id) VALUES (1340117, 99);
INSERT INTO movies (id, title, release_date, description, poster_path) VALUES (76494, 'What to Expect When You''re Expecting', '2012-05-17', 'Challenges of impending parenthood turn the lives of five couples upside down. Two celebrities are unprepared for the surprise demands of pregnancy; hormones wreak havoc on a baby-crazy author, while her husband tries not to be outdone by his father, who''s expecting twins with his young trophy wife; a photographer''s husband isn''t sure about his wife''s adoption plans; a one-time hook-up results in a surprise pregnancy for rival food-truck owners.', '/51kg6CdfwwrBjDDFhT44TwoAZMr.jpg');
INSERT INTO movie_genres (movie_id, genre_id) VALUES (76494, 10749);
INSERT INTO movie_genres (movie_id, genre_id) VALUES (76494, 35);
INSERT INTO movie_genres (movie_id, genre_id) VALUES (76494, 18);
INSERT INTO movies (id, title, release_date, description, poster_path) VALUES (10340, 'Lady and the Tramp', '1955-06-22', 'Lady, a golden cocker spaniel, meets up with a mongrel dog who calls himself the Tramp. He is obviously from the wrong side of town, but happenings at Lady''s home make her decide to travel with him for a while.', '/340NcWz9SQXWQyf4oicMxjbrLOb.jpg');
INSERT INTO movie_genres (movie_id, genre_id) VALUES (10340, 10751);
INSERT INTO movie_genres (movie_id, genre_id) VALUES (10340, 16);
INSERT INTO movie_genres (movie_id, genre_id) VALUES (10340, 10749);
INSERT INTO movies (id, title, release_date, description, poster_path) VALUES (38700, 'Bad Boys for Life', '2020-01-15', 'Marcus and Mike are forced to confront new threats, career changes, and midlife crises as they join the newly created elite team AMMO of the Miami police department to take down the ruthless Armando Armas, the vicious leader of a Miami drug cartel.', '/y95lQLnuNKdPAzw9F9Ab8kJ80c3.jpg');
INSERT INTO movie_genres (movie_id, genre_id) VALUES (38700, 53);
INSERT INTO movie_genres (movie_id, genre_id) VALUES (38700, 28);
INSERT INTO movie_genres (movie_id, genre_id) VALUES (38700, 80);
INSERT INTO movies (id, title, release_date, description, poster_path) VALUES (23861, 'Command Decision', '1948-12-23', 'High-ranking officers struggle with the decision to prioritize bombing German factories producing new jet fighters over the extremely high casualties the mission will cost.', '/moCcbMzkfvxBh7QAl5cyehdmeVC.jpg');
INSERT INTO movie_genres (movie_id, genre_id) VALUES (23861, 10752);
INSERT INTO movie_genres (movie_id, genre_id) VALUES (23861, 18);
INSERT INTO movies (id, title, release_date, description, poster_path) VALUES (1020910, 'Influencer', '2023-05-18', 'While struggling on a solo backpacking trip in Thailand, social media influencer Madison meets CW, who travels with ease and shows her a more uninhibited way of living. But CW''s interest in her takes a darker turn.', '/mtXV301BF7pqwvRjsWhQo6sD10F.jpg');
INSERT INTO movie_genres (movie_id, genre_id) VALUES (1020910, 27);
INSERT INTO movie_genres (movie_id, genre_id) VALUES (1020910, 9648);
INSERT INTO movie_genres (movie_id, genre_id) VALUES (1020910, 53);
INSERT INTO movies (id, title, release_date, description, poster_path) VALUES (1414731, 'The Tattooist''s Son: Journey to Auschwitz', '2025-01-27', 'Filmed in Melbourne, Slovakia, and Poland, this poignant and intimate one-off documentary will follow Gary Sokolov, the only son of Gita and Lali Sokolov (one of the real-life tattooists of Auschwitz). Their incredible love story began when they met and fell in love as Slovakian Jewish prisoners at Auschwitz Concentration Camp, where the Nazi regime systematically murdered over a million Jews.  The film will chart Gary’s first visit to this most notorious German death camp.', '/4EfB8QJZVsk2ObgHcAcA6xUgo15.jpg');
INSERT INTO movie_genres (movie_id, genre_id) VALUES (1414731, 99);
INSERT INTO movie_genres (movie_id, genre_id) VALUES (1414731, 36);
INSERT INTO movies (id, title, release_date, description, poster_path) VALUES (60896, 'Animal Instincts 2', '1994-08-24', 'An unhappy divorcée has the bad fortune to move next door to a security systems installer, a voyeur whose hobby is planting hidden video cameras in the bedrooms of all his clients. He then monitors the sex lives of his customers through an elaborate TV monitor system in his garage. Joanna Cole becomes his latest victim, but when she discovers the camera by accident, she reverts back to her exhibitionist ways and begins putting on sex shows for his pleasure. Things gets ugly when Jim professes his love for her but is rebuffed.', '/jfkD52sL0piWrxUT8EHKztLsLy5.jpg');
INSERT INTO movie_genres (movie_id, genre_id) VALUES (60896, 18);
INSERT INTO movie_genres (movie_id, genre_id) VALUES (60896, 53);
INSERT INTO movies (id, title, release_date, description, poster_path) VALUES (1045938, 'G20', '2025-04-10', 'After the G20 Summit is overtaken by terrorists, President Danielle Sutton must bring all her statecraft and military experience to defend her family and her fellow leaders.', '/wv6oWAleCJZUk5htrGg413t3GCy.jpg');
INSERT INTO movie_genres (movie_id, genre_id) VALUES (1045938, 28);
INSERT INTO movie_genres (movie_id, genre_id) VALUES (1045938, 9648);
INSERT INTO movie_genres (movie_id, genre_id) VALUES (1045938, 18);
INSERT INTO movies (id, title, release_date, description, poster_path) VALUES (34851, 'Predators', '2010-07-07', 'A group of cold-blooded killers find themselves trapped on an alien planet to be hunted by extraterrestrial Predators.', '/sx5EuckP7SBQrlMlxg0PLt282WS.jpg');
INSERT INTO movie_genres (movie_id, genre_id) VALUES (34851, 878);
INSERT INTO movie_genres (movie_id, genre_id) VALUES (34851, 28);
INSERT INTO movie_genres (movie_id, genre_id) VALUES (34851, 53);
INSERT INTO movies (id, title, release_date, description, poster_path) VALUES (400535, 'Sicario: Day of the Soldado', '2018-06-27', 'Agent Matt Graver teams up with operative Alejandro Gillick to prevent Mexican drug cartels from smuggling terrorists across the United States border.', '/qcLYofEhNh51Sk1jUWjmKHLzkqw.jpg');
INSERT INTO movie_genres (movie_id, genre_id) VALUES (400535, 28);
INSERT INTO movie_genres (movie_id, genre_id) VALUES (400535, 80);
INSERT INTO movie_genres (movie_id, genre_id) VALUES (400535, 53);
INSERT INTO movies (id, title, release_date, description, poster_path) VALUES (1026436, 'Miller''s Girl', '2024-01-18', 'A talented young writer embarks on a creative odyssey when her teacher assigns a project that entangles them both.', '/ieU0zUj7WhE0GrgpgofRH0sNjbI.jpg');
INSERT INTO movie_genres (movie_id, genre_id) VALUES (1026436, 53);
INSERT INTO movie_genres (movie_id, genre_id) VALUES (1026436, 18);
INSERT INTO movie_genres (movie_id, genre_id) VALUES (1026436, 10749);
INSERT INTO movies (id, title, release_date, description, poster_path) VALUES (522402, 'Finch', '2021-11-04', 'On a post-apocalyptic Earth, a robot, built to protect the life of his dying creator''s beloved dog, learns about life, love, friendship, and what it means to be human.', '/eEJtzD1F05xDipFEDY98CTH5yZn.jpg');
INSERT INTO movie_genres (movie_id, genre_id) VALUES (522402, 878);
INSERT INTO movie_genres (movie_id, genre_id) VALUES (522402, 18);
INSERT INTO movie_genres (movie_id, genre_id) VALUES (522402, 12);
INSERT INTO movies (id, title, release_date, description, poster_path) VALUES (2502, 'The Bourne Supremacy', '2004-07-23', 'A CIA operation to purchase classified Russian documents is blown by a rival agent, who then shows up in the sleepy seaside village where Bourne and Marie have been living. The pair run for their lives and Bourne, who promised retaliation should anyone from his former life attempt contact, is forced to once again take up his life as a trained assassin to survive.', '/7IYGiDrquvX3q7e9PV6Pejs6b2g.jpg');
INSERT INTO movie_genres (movie_id, genre_id) VALUES (2502, 28);
INSERT INTO movie_genres (movie_id, genre_id) VALUES (2502, 18);
INSERT INTO movie_genres (movie_id, genre_id) VALUES (2502, 53);
INSERT INTO movies (id, title, release_date, description, poster_path) VALUES (601742, 'Axemas 2: Blood Slay', '2018-01-28', 'One year ago, Sarah Caldwell was stalked and her friends murdered by a killer Santa Claus. Now she must escape from the same storage facility in a fight for her life against an all new Santa.', '/9IEK0QmHkh6anzTGoowFi1MLNfJ.jpg');
INSERT INTO movie_genres (movie_id, genre_id) VALUES (601742, 28);
INSERT INTO movie_genres (movie_id, genre_id) VALUES (601742, 18);
INSERT INTO movies (id, title, release_date, description, poster_path) VALUES (9408, 'Surf''s Up', '2007-06-08', 'A young surfer enters his first contest, hoping a win will earn him respect. But an encounter with a laid-back local forces him to rethink his values.', '/lenJ0hOmlks0dyxzNJoNVQlR3qR.jpg');
INSERT INTO movie_genres (movie_id, genre_id) VALUES (9408, 16);
INSERT INTO movie_genres (movie_id, genre_id) VALUES (9408, 35);
INSERT INTO movie_genres (movie_id, genre_id) VALUES (9408, 10751);
INSERT INTO movies (id, title, release_date, description, poster_path) VALUES (25475, 'Tinker Bell and the Lost Treasure', '2009-09-03', 'A blue harvest moon will rise, allowing the fairies to use a precious moonstone to restore the Pixie Dust Tree, the source of all their magic. But when Tinker Bell accidentally puts all of Pixie Hollow in jeopardy, she must venture out across the sea on a secret quest to set things right.', '/6tNldk2zPUzXVKkU9aeirM9Wotu.jpg');
INSERT INTO movie_genres (movie_id, genre_id) VALUES (25475, 16);
INSERT INTO movie_genres (movie_id, genre_id) VALUES (25475, 10751);
INSERT INTO movie_genres (movie_id, genre_id) VALUES (25475, 12);
INSERT INTO movie_genres (movie_id, genre_id) VALUES (25475, 14);
INSERT INTO movies (id, title, release_date, description, poster_path) VALUES (550205, 'Wish Dragon', '2021-01-15', 'Determined teen Din is longing to reconnect with his childhood best friend when he meets a wish-granting dragon who shows him the magic of possibilities.', '/lnPf6hzANL6pVQTxUlsNYSuhT5l.jpg');
INSERT INTO movie_genres (movie_id, genre_id) VALUES (550205, 16);
INSERT INTO movie_genres (movie_id, genre_id) VALUES (550205, 10751);
INSERT INTO movie_genres (movie_id, genre_id) VALUES (550205, 35);
INSERT INTO movie_genres (movie_id, genre_id) VALUES (550205, 14);
INSERT INTO movies (id, title, release_date, description, poster_path) VALUES (152379, 'The Circuit 2: The Final Punch', '2003-07-15', 'Prisoners are dying at the Ogden Correctional Institution, a prison where a corrupt Warden has taken justice and business into his own hands. In the bowels of this prison, an underground fighting society has been formed. The Circuit is flourishing until investigative reporter Nicole Kent is thrown into the mix, and into Pike''s cell where she is viciously attacked and left for dead. Enter Dirk Longstreet. Dirk, who was once a fighting champion on the Eastern seaboard circuit, now has to sit idly by as his girlfriend fights for her life. Dirk decides to fight for revenge', '/rWREslFvHyZ6AGeQXrIxz6ZD80X.jpg');
INSERT INTO movie_genres (movie_id, genre_id) VALUES (152379, 28);
INSERT INTO movies (id, title, release_date, description, poster_path) VALUES (493014, 'Generation Wealth', '2018-07-20', 'Over the past 25 years, Lauren Greenfield''s documentary photography and film projects have explored youth culture, gender, body image, and affluence. Underscoring the ever-increasing gap between the haves and the have-nots, portraits reveal a focus on cultivating image over substance, where subjects unable to attain actual wealth instead settle for its trappings, no matter their ability to pay for it.', '/ehe6Hrf9Re7BdO7ErIM49FrO0JY.jpg');
INSERT INTO movie_genres (movie_id, genre_id) VALUES (493014, 99);
INSERT INTO movies (id, title, release_date, description, poster_path) VALUES (357096, 'I Spit on Your Grave III: Vengeance Is Mine', '2015-10-01', 'Jennifer Hills is still tormented by the brutal sexual assault she endured years ago. She’s changed identities and cities, reluctantly joining a support group where she begins to piece together a new life. But when her new friend’s murderer goes free and the tales of serial rapists haunt her, Jennifer will hunt down the men responsible and do what the system won’t – make them pay for their crimes in the most horrific ways imaginable. Only this time, no jury may be able to save her.', '/jG5GDIcqiqHXkvINZSjyzBUO2vH.jpg');
INSERT INTO movie_genres (movie_id, genre_id) VALUES (357096, 27);
INSERT INTO movie_genres (movie_id, genre_id) VALUES (357096, 53);
INSERT INTO movies (id, title, release_date, description, poster_path) VALUES (857702, 'LEGO Star Wars Terrifying Tales', '2021-10-01', 'Poe Dameron and BB-8 must face the greedy crime boss Graballa the Hutt, who has purchased Darth Vader’s castle and is renovating it into the galaxy’s first all-inclusive Sith-inspired luxury hotel.', '/fYiaBZDjyXjvlY6EDZMAxIhBO1I.jpg');
INSERT INTO movie_genres (movie_id, genre_id) VALUES (857702, 16);
INSERT INTO movie_genres (movie_id, genre_id) VALUES (857702, 10751);
INSERT INTO movie_genres (movie_id, genre_id) VALUES (857702, 878);
INSERT INTO movie_genres (movie_id, genre_id) VALUES (857702, 35);
INSERT INTO movie_genres (movie_id, genre_id) VALUES (857702, 10770);
INSERT INTO movies (id, title, release_date, description, poster_path) VALUES (213519, 'Silver Needle in the Sky', '1954-05-29', 'Rocky Jones tries to free the hostages and thwart the plans of the evil Queen Cleolantha.', '/ht4de0kLh9JTlywfRmy0lPNQgoM.jpg');
INSERT INTO movie_genres (movie_id, genre_id) VALUES (213519, 12);
INSERT INTO movie_genres (movie_id, genre_id) VALUES (213519, 878);
INSERT INTO movies (id, title, release_date, description, poster_path) VALUES (453779, 'Passage to Middle-Earth: The Making of ''The Lord of the Rings''', '2001-12-09', 'The making of Peter Jackson''s adaptation of Tolkien''s classic work.', '/jwPV3pby13xxN0tTiIiTtMegpuq.jpg');
INSERT INTO movie_genres (movie_id, genre_id) VALUES (453779, 99);
INSERT INTO movie_genres (movie_id, genre_id) VALUES (453779, 10770);
INSERT INTO movies (id, title, release_date, description, poster_path) VALUES (44896, 'Rango', '2011-03-02', 'When Rango, a lost family pet, accidentally winds up in the gritty, gun-slinging town of Dirt, the less-than-courageous lizard suddenly finds he stands out. Welcomed as the last hope the town has been waiting for, new Sheriff Rango is forced to play his new role to the hilt.', '/A5MP1guV8pbruieG0tnpPIbaJtt.jpg');
INSERT INTO movie_genres (movie_id, genre_id) VALUES (44896, 16);
INSERT INTO movie_genres (movie_id, genre_id) VALUES (44896, 35);
INSERT INTO movie_genres (movie_id, genre_id) VALUES (44896, 10751);
INSERT INTO movie_genres (movie_id, genre_id) VALUES (44896, 37);
INSERT INTO movie_genres (movie_id, genre_id) VALUES (44896, 12);
INSERT INTO movies (id, title, release_date, description, poster_path) VALUES (581, 'Dances with Wolves', '1990-03-30', 'Wounded Civil War soldier John Dunbar tries to commit suicide—and becomes a hero instead. As a reward, he''s assigned to his dream post, a remote junction on the Western frontier, and soon makes unlikely friends with the local Sioux tribe.', '/hw0ZEHAaTqTxSXGVwUFX7uvanSA.jpg');
INSERT INTO movie_genres (movie_id, genre_id) VALUES (581, 12);
INSERT INTO movie_genres (movie_id, genre_id) VALUES (581, 18);
INSERT INTO movie_genres (movie_id, genre_id) VALUES (581, 37);
INSERT INTO movies (id, title, release_date, description, poster_path) VALUES (9339, 'Click', '2006-06-23', 'A married workaholic, Michael Newman doesn''t have time for his wife and children, not if he''s to impress his ungrateful boss and earn a well-deserved promotion. So when he meets Morty, a loopy sales clerk, he gets the answer to his prayers: a magical remote that allows him to bypass life''s little distractions with increasingly hysterical results.', '/oL0k5JA53PyoHSZqKb3cNkhwBCE.jpg');
INSERT INTO movie_genres (movie_id, genre_id) VALUES (9339, 35);
INSERT INTO movie_genres (movie_id, genre_id) VALUES (9339, 18);
INSERT INTO movie_genres (movie_id, genre_id) VALUES (9339, 14);
INSERT INTO movies (id, title, release_date, description, poster_path) VALUES (581, 'Dances with Wolves', '1990-03-30', 'Wounded Civil War soldier John Dunbar tries to commit suicide—and becomes a hero instead. As a reward, he''s assigned to his dream post, a remote junction on the Western frontier, and soon makes unlikely friends with the local Sioux tribe.', '/hw0ZEHAaTqTxSXGVwUFX7uvanSA.jpg');
INSERT INTO movie_genres (movie_id, genre_id) VALUES (581, 12);
INSERT INTO movie_genres (movie_id, genre_id) VALUES (581, 18);
INSERT INTO movie_genres (movie_id, genre_id) VALUES (581, 37);
INSERT INTO movies (id, title, release_date, description, poster_path) VALUES (9339, 'Click', '2006-06-23', 'A married workaholic, Michael Newman doesn''t have time for his wife and children, not if he''s to impress his ungrateful boss and earn a well-deserved promotion. So when he meets Morty, a loopy sales clerk, he gets the answer to his prayers: a magical remote that allows him to bypass life''s little distractions with increasingly hysterical results.', '/oL0k5JA53PyoHSZqKb3cNkhwBCE.jpg');
INSERT INTO movie_genres (movie_id, genre_id) VALUES (9339, 35);
INSERT INTO movie_genres (movie_id, genre_id) VALUES (9339, 18);
INSERT INTO movie_genres (movie_id, genre_id) VALUES (9339, 14);
INSERT INTO movies (id, title, release_date, description, poster_path) VALUES (64854, 'Seconds Apart', '2011-01-28', 'Seth and Jonah are twins with a dangerous ability: telekinesis. Things start to spiral out of control as their classmates die in twisted and bizarre ways. Jealousy begins to divide them and soon they can no longer trust each other, leading up to a horrific battle against themselves.', '/wrWQbrGHBd0rVuymlZvSco5BNlr.jpg');
INSERT INTO movie_genres (movie_id, genre_id) VALUES (64854, 27);
INSERT INTO movie_genres (movie_id, genre_id) VALUES (64854, 53);
INSERT INTO movies (id, title, release_date, description, poster_path) VALUES (217, 'Indiana Jones and the Kingdom of the Crystal Skull', '2008-05-21', 'Set during the Cold War, the Soviets—led by sword-wielding Irina Spalko—are in search of a crystal skull which has supernatural powers related to a mystical Lost City of Gold. Indy is coerced to head to Peru at the behest of a young man whose friend—and Indy''s colleague—Professor Oxley has been captured for his knowledge of the skull''s whereabouts.', '/56As6XEM1flWvprX4LgkPl8ii4K.jpg');
INSERT INTO movie_genres (movie_id, genre_id) VALUES (217, 12);
INSERT INTO movie_genres (movie_id, genre_id) VALUES (217, 28);
INSERT INTO movies (id, title, release_date, description, poster_path) VALUES (934632, 'Rebel Moon - Part Two: The Scargiver', '2024-04-19', 'The rebels gear up for battle against the ruthless forces of the Motherworld as unbreakable bonds are forged, heroes emerge — and legends are made.', '/95gnJZIk2rEkMO0Ch46x5CVjnms.jpg');
INSERT INTO movie_genres (movie_id, genre_id) VALUES (934632, 878);
INSERT INTO movie_genres (movie_id, genre_id) VALUES (934632, 28);
INSERT INTO movie_genres (movie_id, genre_id) VALUES (934632, 12);
INSERT INTO movies (id, title, release_date, description, poster_path) VALUES (197127, 'Symphony in Black: A Rhapsody of Negro Life', '1935-09-12', 'A rising nineteen-year-old singer by the name of Billie Holiday made her screen debut in this musical landmark, which features Duke Ellington and his orchestra performing his symphonic jazz piece “A Rhapsody of Negro Life” set to scenes of everyday African American life.', '/at7gJgyLT1zLqtGCjzauWrhjqhS.jpg');
INSERT INTO movie_genres (movie_id, genre_id) VALUES (197127, 10402);
INSERT INTO movie_genres (movie_id, genre_id) VALUES (197127, 18);
INSERT INTO movies (id, title, release_date, description, poster_path) VALUES (11361, 'Halloween 5: The Revenge of Michael Myers', '1989-10-12', 'One year later, Michael Myers'' traumatized young niece is horrified to discover she has a telepathic bond with her evil uncle... and that he is on the way back to Haddonfield to begin the carnage again.', '/rYvP6yMXCIVHnkVtwGaAXFmpzkB.jpg');
INSERT INTO movie_genres (movie_id, genre_id) VALUES (11361, 27);
INSERT INTO movie_genres (movie_id, genre_id) VALUES (11361, 53);
INSERT INTO movies (id, title, release_date, description, poster_path) VALUES (764, 'The Evil Dead', '1981-10-15', 'In 1979, a group of college students find a Sumerian Book of the Dead in an old wilderness cabin they''ve rented for a weekend getaway.', '/54C1qdaiSijIU5NeNb4WsPJdNkG.jpg');
INSERT INTO movie_genres (movie_id, genre_id) VALUES (764, 27);
INSERT INTO movies (id, title, release_date, description, poster_path) VALUES (41154, 'Men in Black 3', '2012-05-23', 'Agents J and K are back...in time. J has seen some inexplicable things in his 15 years with the Men in Black, but nothing, not even aliens, perplexes him as much as his wry, reticent partner. But when K''s life and the fate of the planet are put at stake, Agent J will have to travel back in time to put things right. J discovers that there are secrets to the universe that K never told him - secrets that will reveal themselves as he teams up with the young Agent K to save his partner, the agency, and the future of humankind.', '/90DdoEStzeObs96fsYf4GG544iN.jpg');
INSERT INTO movie_genres (movie_id, genre_id) VALUES (41154, 28);
INSERT INTO movie_genres (movie_id, genre_id) VALUES (41154, 35);
INSERT INTO movie_genres (movie_id, genre_id) VALUES (41154, 878);
INSERT INTO movies (id, title, release_date, description, poster_path) VALUES (17979, 'A Christmas Carol', '2009-11-04', 'Miser Ebenezer Scrooge is awakened on Christmas Eve by spirits who reveal to him his own miserable existence, what opportunities he wasted in his youth, his current cruelties, and the dire fate that awaits him if he does not change his ways. Scrooge is faced with his own story of growing bitterness and meanness, and must decide what his own future will hold: death or redemption.', '/goHDZUnqZJ7FN4h48Qh6MzJNExl.jpg');
INSERT INTO movie_genres (movie_id, genre_id) VALUES (17979, 16);
INSERT INTO movie_genres (movie_id, genre_id) VALUES (17979, 10751);
INSERT INTO movie_genres (movie_id, genre_id) VALUES (17979, 14);
INSERT INTO movies (id, title, release_date, description, poster_path) VALUES (11001, 'Blue Streak', '1999-09-17', 'Miles Logan is a jewel thief who just hit the big time by stealing a huge diamond. However, after two years in jail, he comes to find out that he hid the diamond in a police building that was being built at the time of the robbery. In an attempt to regain his diamond, he poses as an LAPD detective.', '/jek2osBtFhzU6Hjj7yp1egOtbqO.jpg');
INSERT INTO movie_genres (movie_id, genre_id) VALUES (11001, 28);
INSERT INTO movie_genres (movie_id, genre_id) VALUES (11001, 35);
INSERT INTO movie_genres (movie_id, genre_id) VALUES (11001, 80);
INSERT INTO movies (id, title, release_date, description, poster_path) VALUES (163, 'Ocean''s Twelve', '2004-12-09', 'Despite pulling off one of the biggest heists in Las Vegas history and splitting the $160 million take, each of the infamous Ocean''s crew have tried to go straight, lay low and live a legit life ... but that''s proven to be a challenge. Casino owner Terry Benedict demands that Danny Ocean return the money, plus millions more in interest. Unable to come up the cash, the crew is forced to come together to pull off another series of heists, this time in Rome, Paris, and Amsterdam – but a Europol agent is hot on their heels.', '/pE5anFf7nf6ah7V3VRezQ1KSovi.jpg');
INSERT INTO movie_genres (movie_id, genre_id) VALUES (163, 53);
INSERT INTO movie_genres (movie_id, genre_id) VALUES (163, 80);
INSERT INTO movies (id, title, release_date, description, poster_path) VALUES (88, 'Dirty Dancing', '1987-08-21', 'Expecting the usual tedium that accompanies a summer in the Catskills with her family, 17-year-old Frances ''Baby'' Houseman is surprised to find herself stepping into the shoes of a professional hoofer—and unexpectedly falling in love.', '/9Jw6jys7q9gjzVX5zm1z0gC8gY9.jpg');
INSERT INTO movie_genres (movie_id, genre_id) VALUES (88, 18);
INSERT INTO movie_genres (movie_id, genre_id) VALUES (88, 10402);
INSERT INTO movie_genres (movie_id, genre_id) VALUES (88, 10749);
INSERT INTO movies (id, title, release_date, description, poster_path) VALUES (2251, 'Unfaithful', '2002-05-10', 'Connie is a wife and mother whose 11-year marriage to Edward has lost its sexual spark. When Connie literally runs into handsome book collector Paul, he sweeps her into an all-consuming affair. But Edward soon becomes suspicious and decides to confront the other man.', '/bjiHEhuiwhIygzjczbTPAA07cGc.jpg');
INSERT INTO movie_genres (movie_id, genre_id) VALUES (2251, 53);
INSERT INTO movie_genres (movie_id, genre_id) VALUES (2251, 18);
INSERT INTO movie_genres (movie_id, genre_id) VALUES (2251, 10749);
INSERT INTO movies (id, title, release_date, description, poster_path) VALUES (951491, 'Saw X', '2023-09-27', 'Between the events of ''Saw'' and ''Saw II'', a sick and desperate John Kramer travels to Mexico for a risky and experimental medical procedure in hopes of a miracle cure for his cancer, only to discover the entire operation is a scam to defraud the most vulnerable. Armed with a newfound purpose, the infamous serial killer returns to his work, turning the tables on the con artists in his signature visceral way through devious, deranged, and ingenious traps.', '/u7Lp1Hi8aBS73jv4KRMIv5aK4ax.jpg');
INSERT INTO movie_genres (movie_id, genre_id) VALUES (951491, 27);
INSERT INTO movie_genres (movie_id, genre_id) VALUES (951491, 9648);
INSERT INTO movies (id, title, release_date, description, poster_path) VALUES (1949, 'Zodiac', '2007-03-02', 'The Zodiac murders cause the lives of Paul Avery, David Toschi and Robert Graysmith to intersect.', '/6YmeO4pB7XTh8P8F960O1uA14JO.jpg');
INSERT INTO movie_genres (movie_id, genre_id) VALUES (1949, 80);
INSERT INTO movie_genres (movie_id, genre_id) VALUES (1949, 9648);
INSERT INTO movie_genres (movie_id, genre_id) VALUES (1949, 53);
INSERT INTO movies (id, title, release_date, description, poster_path) VALUES (101299, 'The Hunger Games: Catching Fire', '2013-11-15', 'After surviving the Hunger Games, Katniss and Peeta struggle with the consequences of their victory as unrest spreads across Panem. Forced back into the spotlight, they become symbols of hope and resistance while the Capitol prepares a new and deadly challenge that will change the future of the nation forever.', '/vrQHDXjVmbYzadOXQ0UaObunoy2.jpg');
INSERT INTO movie_genres (movie_id, genre_id) VALUES (101299, 12);
INSERT INTO movie_genres (movie_id, genre_id) VALUES (101299, 28);
INSERT INTO movie_genres (movie_id, genre_id) VALUES (101299, 878);
INSERT INTO movies (id, title, release_date, description, poster_path) VALUES (10014, 'A Nightmare on Elm Street Part 2: Freddy''s Revenge', '1985-11-01', 'Jesse Walsh moves with his family into the home of the lone survivor from a series of attacks by dream-stalking monster, Freddy Krueger. There, he is bedeviled by nightmares and inexplicably violent impulses.', '/rvAmOv0sZcoQCyJjHPQN4wU8ut4.jpg');
INSERT INTO movie_genres (movie_id, genre_id) VALUES (10014, 27);
INSERT INTO movies (id, title, release_date, description, poster_path) VALUES (537996, 'The Ballad of Buster Scruggs', '2018-11-09', 'Vignettes weaving together the stories of six individuals in the old West at the end of the Civil War. Following the tales of a sharp-shooting songster, a wannabe bank robber, two weary traveling performers, a lone gold prospector, a woman traveling the West to an uncertain future, and a motley crew of strangers undertaking a carriage ride.', '/voxl654m7p36y8FLu8oQD7dfwwK.jpg');
INSERT INTO movie_genres (movie_id, genre_id) VALUES (537996, 37);
INSERT INTO movie_genres (movie_id, genre_id) VALUES (537996, 35);
INSERT INTO movie_genres (movie_id, genre_id) VALUES (537996, 18);
INSERT INTO movie_genres (movie_id, genre_id) VALUES (537996, 10402);
INSERT INTO movie_genres (movie_id, genre_id) VALUES (537996, 9648);
INSERT INTO movie_genres (movie_id, genre_id) VALUES (537996, 10749);
INSERT INTO movies (id, title, release_date, description, poster_path) VALUES (520758, 'Chicken Run: Dawn of the Nugget', '2023-12-08', 'A band of fearless chickens flock together to save poultry-kind from an unsettling new threat: a nearby farm that''s cooking up something suspicious.', '/exNtEY8QUuQh9e23wSQjkPxKIU3.jpg');
INSERT INTO movie_genres (movie_id, genre_id) VALUES (520758, 10751);
INSERT INTO movie_genres (movie_id, genre_id) VALUES (520758, 16);
INSERT INTO movie_genres (movie_id, genre_id) VALUES (520758, 12);
INSERT INTO movie_genres (movie_id, genre_id) VALUES (520758, 35);
INSERT INTO movies (id, title, release_date, description, poster_path) VALUES (2024, 'The Patriot', '2000-06-28', 'After proving himself on the field of battle in the French and Indian War, Benjamin Martin wants nothing more to do with such things, preferring the simple life of a farmer. But when his son Gabriel enlists in the army to defend their new nation, America, against the British, Benjamin reluctantly returns to his old life to protect his son.', '/fWZd815QxUCUcrWQZwUkAp9ljG.jpg');
INSERT INTO movie_genres (movie_id, genre_id) VALUES (2024, 18);
INSERT INTO movie_genres (movie_id, genre_id) VALUES (2024, 36);
INSERT INTO movie_genres (movie_id, genre_id) VALUES (2024, 10752);
INSERT INTO movie_genres (movie_id, genre_id) VALUES (2024, 28);
INSERT INTO movies (id, title, release_date, description, poster_path) VALUES (1086747, 'The Watchers', '2024-06-06', 'A young artist gets stranded in an extensive, immaculate forest in western Ireland, where, after finding shelter, she becomes trapped alongside three strangers, stalked by mysterious creatures each night.', '/vZVEUPychdvZLrTNwWErr9xZFmu.jpg');
INSERT INTO movie_genres (movie_id, genre_id) VALUES (1086747, 14);
INSERT INTO movie_genres (movie_id, genre_id) VALUES (1086747, 27);
INSERT INTO movie_genres (movie_id, genre_id) VALUES (1086747, 9648);
INSERT INTO movies (id, title, release_date, description, poster_path) VALUES (311, 'Once Upon a Time in America', '1984-05-23', 'A former Prohibition-era Jewish gangster returns to the Lower East Side of Manhattan over thirty years later, where he once again must confront the ghosts and regrets of his old life.', '/i0enkzsL5dPeneWnjl1fCWm6L7k.jpg');
INSERT INTO movie_genres (movie_id, genre_id) VALUES (311, 18);
INSERT INTO movie_genres (movie_id, genre_id) VALUES (311, 80);
INSERT INTO movies (id, title, release_date, description, poster_path) VALUES (527641, 'Five Feet Apart', '2019-03-14', 'Seventeen-year-old Stella spends most of her time in the hospital as a cystic fibrosis patient. Her life is full of routines, boundaries and self-control — all of which get put to the test when she meets Will, an impossibly charming teen who has the same illness. There''s an instant flirtation, though restrictions dictate that they must maintain a safe distance between them. As their connection intensifies, so does the temptation to throw the rules out the window and embrace that attraction.', '/kreTuJBkUjVWePRfhHZuYfhNE1T.jpg');
INSERT INTO movie_genres (movie_id, genre_id) VALUES (527641, 10749);
INSERT INTO movie_genres (movie_id, genre_id) VALUES (527641, 18);
INSERT INTO movies (id, title, release_date, description, poster_path) VALUES (14, 'American Beauty', '1999-09-15', 'Lester Burnham, a depressed suburban father in a mid-life crisis, decides to turn his hectic life around after developing an infatuation with his daughter''s attractive friend.', '/wby9315QzVKdW9BonAefg8jGTTb.jpg');
INSERT INTO movie_genres (movie_id, genre_id) VALUES (14, 18);
INSERT INTO movies (id, title, release_date, description, poster_path) VALUES (225886, 'Sex Tape', '2014-07-17', 'When Jay and Annie first got together, their romantic connection was intense – but ten years and two kids later, the flame of their love needs a spark.  To kick things up a notch, they decide – why not? – to make a video of themselves trying out every position in The Joy of Sex in one marathon three-hour session.  It seems like a great idea – until they discover that their most private video is no longer private.  With their reputations on the line, they know they’re just one click away from being laid bare to the world... but as their race to reclaim their video leads to a night they''ll never forget, they''ll find that their video will expose even more than they bargained for.', '/pFdS7SIdjcrYXtf141dabWVly9B.jpg');
INSERT INTO movie_genres (movie_id, genre_id) VALUES (225886, 35);
INSERT INTO movies (id, title, release_date, description, poster_path) VALUES (1556398, 'Famous Last Words: Dr. Jane Goodall', '2025-10-02', 'Dr. Jane Goodall connected humanity and nature in unprecedented ways. In this deeply personal interview, she shares her final message with the world.', '/ypfl5VYRkeZ3HVM64HxOKriloe4.jpg');
INSERT INTO movie_genres (movie_id, genre_id) VALUES (1556398, 99);
INSERT INTO movies (id, title, release_date, description, poster_path) VALUES (10634, 'Friday', '1995-04-26', 'Craig and Smokey are two guys in Los Angeles hanging out on their porch on a Friday afternoon, smoking and drinking, looking for something to do.', '/g57KcE8tbpp3RK3DlIhPkfA6DE2.jpg');
INSERT INTO movie_genres (movie_id, genre_id) VALUES (10634, 35);
INSERT INTO movie_genres (movie_id, genre_id) VALUES (10634, 18);
INSERT INTO movies (id, title, release_date, description, poster_path) VALUES (485432, 'Kurt Vonnegut: Unstuck in Time', '2021-11-19', 'A documentary 33 years in the making. A director and friend of Kurt Vonnegut seeks through his archives to create the first film featuring the revolutionary late writer.', '/35vwi9L8Dwo11GobEhPTLHxgnxs.jpg');
INSERT INTO movie_genres (movie_id, genre_id) VALUES (485432, 99);
INSERT INTO movies (id, title, release_date, description, poster_path) VALUES (95348, 'The Mysterious Island', '1929-10-05', 'On a volcanic island near the Kingdom of Hetvia rules Count Dakkar, a benevolent leader and scientist who has eliminated class distinction among the island''s inhabitants. Dakkar, his sister Sonia and her fiance, engineer Nicolai Roget have designed a submarine which Roget pilots on its initial voyage just before the island is overrun by Baron Falon, despotic ruler of Hetvia. Falon sets out after Roget in a second submarine and the two craft, diving to the ocean''s floor, discover a strange land populated by dragons, giant squid and an eerie undiscovered humanoid race.', '/38h2BjStXFadAYce5bCSFqmuvCW.jpg');
INSERT INTO movie_genres (movie_id, genre_id) VALUES (95348, 12);
INSERT INTO movie_genres (movie_id, genre_id) VALUES (95348, 878);
INSERT INTO movie_genres (movie_id, genre_id) VALUES (95348, 28);
INSERT INTO movie_genres (movie_id, genre_id) VALUES (95348, 18);
INSERT INTO movie_genres (movie_id, genre_id) VALUES (95348, 14);
INSERT INTO movie_genres (movie_id, genre_id) VALUES (95348, 27);
INSERT INTO movies (id, title, release_date, description, poster_path) VALUES (18240, 'The Proposal', '2009-06-02', 'When she learns she''s in danger of losing her visa status and being deported, overbearing book editor Margaret Tate forces her put-upon assistant, Andrew Paxton, to marry her.', '/aEqtJDj8MvSDQwzggvcOfFTZMw.jpg');
INSERT INTO movie_genres (movie_id, genre_id) VALUES (18240, 35);
INSERT INTO movie_genres (movie_id, genre_id) VALUES (18240, 10749);
INSERT INTO movie_genres (movie_id, genre_id) VALUES (18240, 18);
INSERT INTO movies (id, title, release_date, description, poster_path) VALUES (421057, '40 Years of Rocky: The Birth of a Classic', '2020-06-09', 'Sylvester Stallone and John G. Avildsen narrate behind-the-scenes footage from the making of "Rocky" to mark the film''s 40th anniversary.', '/itLorKvIQHsmY0D22hiqQLHGIGT.jpg');
INSERT INTO movie_genres (movie_id, genre_id) VALUES (421057, 99);
INSERT INTO movies (id, title, release_date, description, poster_path) VALUES (776503, 'CODA', '2021-08-13', 'As a CODA (Child of Deaf Adults), Ruby is the only hearing person in her deaf family. When the family''s fishing business is threatened, Ruby finds herself torn between pursuing her love of music and her fear of abandoning her parents.', '/BzVjmm8l23rPsijLiNLUzuQtyd.jpg');
INSERT INTO movie_genres (movie_id, genre_id) VALUES (776503, 18);
INSERT INTO movie_genres (movie_id, genre_id) VALUES (776503, 10402);
INSERT INTO movie_genres (movie_id, genre_id) VALUES (776503, 10749);
INSERT INTO movies (id, title, release_date, description, poster_path) VALUES (43347, 'Love & Other Drugs', '2010-11-04', 'Maggie is an alluring free spirit who won''t let anyone – or anything – tie her down. But she meets her match in Jamie, whose relentless and nearly infallible charm serves him well with the ladies and the cutthroat world of pharmaceutical sales. Maggie and Jamie''s evolving relationship takes them both by surprise, as they find themselves under the influence of the ultimate drug: love.', '/wZLM2uKJRYNchLmiCIjosX0rXy8.jpg');
INSERT INTO movie_genres (movie_id, genre_id) VALUES (43347, 18);
INSERT INTO movie_genres (movie_id, genre_id) VALUES (43347, 35);
INSERT INTO movie_genres (movie_id, genre_id) VALUES (43347, 10749);
INSERT INTO movies (id, title, release_date, description, poster_path) VALUES (646380, 'Don''t Look Up', '2021-12-08', 'Two astronomers go on a media tour to warn humankind of a planet-killing comet hurtling toward Earth. The response from a distracted world: Meh.', '/th4E1yqsE8DGpAseLiUrI60Hf8V.jpg');
INSERT INTO movie_genres (movie_id, genre_id) VALUES (646380, 35);
INSERT INTO movie_genres (movie_id, genre_id) VALUES (646380, 878);
INSERT INTO movies (id, title, release_date, description, poster_path) VALUES (6978, 'Big Trouble in Little China', '1986-05-30', 'Truck driver Jack Burton gets embroiled in a supernatural battle when his best friend Wang Chi''s green-eyed fiancée is kidnapped by henchmen of the sorcerer Lo Pan, who must marry a girl with green eyes in order to return to the human realm.', '/aeGy6SZua7eFXEZP9zAvrLkkbI2.jpg');
INSERT INTO movie_genres (movie_id, genre_id) VALUES (6978, 28);
INSERT INTO movie_genres (movie_id, genre_id) VALUES (6978, 35);
INSERT INTO movie_genres (movie_id, genre_id) VALUES (6978, 14);
INSERT INTO movie_genres (movie_id, genre_id) VALUES (6978, 12);
INSERT INTO movies (id, title, release_date, description, poster_path) VALUES (8961, 'Bad Boys II', '2003-07-18', 'Detectives Marcus Burnett and Mike Lowrey of the Miami Narcotics Task Force are tasked with stopping the flow of the drug Ecstasy into Miami. They track the drugs to the whacked-out Cuban drug lord Johnny Tapia, who is also involved in a bloody war with Russian and Haitian mobsters. If that isn''t bad enough, there''s tension between the two detectives when Marcus discovers that playboy Mike is secretly romancing Marcus’ sister, Syd.', '/yCvB5fG5aEPqa1St7ihY6KEAsHD.jpg');
INSERT INTO movie_genres (movie_id, genre_id) VALUES (8961, 28);
INSERT INTO movie_genres (movie_id, genre_id) VALUES (8961, 80);
INSERT INTO movie_genres (movie_id, genre_id) VALUES (8961, 35);
INSERT INTO movies (id, title, release_date, description, poster_path) VALUES (25018, 'Leatherface: The Texas Chainsaw Massacre III', '1990-01-12', 'A California couple on a road trip become stranded in Texas and are pursued by the cannibalistic Sawyer family.', '/1ASsLiM9gENjnigcrAczBTetQ66.jpg');
INSERT INTO movie_genres (movie_id, genre_id) VALUES (25018, 27);
INSERT INTO movies (id, title, release_date, description, poster_path) VALUES (1410082, 'Sniper: The Last Stand', '2025-01-21', 'To stop an arms dealer from unleashing a deadly superweapon, Ace sniper Brandon Beckett and Agent Zero are deployed to Costa Verde to lead a group of elite soldiers against an unrelenting militia. Taking an untested sniper under his wing, Beckett faces his newest challenge: giving orders instead of receiving them. With both time and ammo running low in a race to save humanity, the team must overcome all odds just to survive.', '/TVvIyCsFCmLk9MRLbAZi4X8f32.jpg');
INSERT INTO movie_genres (movie_id, genre_id) VALUES (1410082, 28);
INSERT INTO movie_genres (movie_id, genre_id) VALUES (1410082, 53);
INSERT INTO movies (id, title, release_date, description, poster_path) VALUES (597594, 'Circus of Books', '2019-04-26', 'For decades, a nice Jewish couple ran Circus of Books, a porn shop and epicenter for gay LA. Their director daughter documents their life and times.', '/y19U39IccjFpn70UmYIET9B3dBV.jpg');
INSERT INTO movie_genres (movie_id, genre_id) VALUES (597594, 99);
INSERT INTO movie_genres (movie_id, genre_id) VALUES (597594, 36);
INSERT INTO movies (id, title, release_date, description, poster_path) VALUES (8961, 'Bad Boys II', '2003-07-18', 'Detectives Marcus Burnett and Mike Lowrey of the Miami Narcotics Task Force are tasked with stopping the flow of the drug Ecstasy into Miami. They track the drugs to the whacked-out Cuban drug lord Johnny Tapia, who is also involved in a bloody war with Russian and Haitian mobsters. If that isn''t bad enough, there''s tension between the two detectives when Marcus discovers that playboy Mike is secretly romancing Marcus’ sister, Syd.', '/yCvB5fG5aEPqa1St7ihY6KEAsHD.jpg');
INSERT INTO movie_genres (movie_id, genre_id) VALUES (8961, 28);
INSERT INTO movie_genres (movie_id, genre_id) VALUES (8961, 80);
INSERT INTO movie_genres (movie_id, genre_id) VALUES (8961, 35);
INSERT INTO movies (id, title, release_date, description, poster_path) VALUES (25018, 'Leatherface: The Texas Chainsaw Massacre III', '1990-01-12', 'A California couple on a road trip become stranded in Texas and are pursued by the cannibalistic Sawyer family.', '/1ASsLiM9gENjnigcrAczBTetQ66.jpg');
INSERT INTO movie_genres (movie_id, genre_id) VALUES (25018, 27);
INSERT INTO movies (id, title, release_date, description, poster_path) VALUES (1410082, 'Sniper: The Last Stand', '2025-01-21', 'To stop an arms dealer from unleashing a deadly superweapon, Ace sniper Brandon Beckett and Agent Zero are deployed to Costa Verde to lead a group of elite soldiers against an unrelenting militia. Taking an untested sniper under his wing, Beckett faces his newest challenge: giving orders instead of receiving them. With both time and ammo running low in a race to save humanity, the team must overcome all odds just to survive.', '/TVvIyCsFCmLk9MRLbAZi4X8f32.jpg');
INSERT INTO movie_genres (movie_id, genre_id) VALUES (1410082, 28);
INSERT INTO movie_genres (movie_id, genre_id) VALUES (1410082, 53);
INSERT INTO movies (id, title, release_date, description, poster_path) VALUES (597594, 'Circus of Books', '2019-04-26', 'For decades, a nice Jewish couple ran Circus of Books, a porn shop and epicenter for gay LA. Their director daughter documents their life and times.', '/y19U39IccjFpn70UmYIET9B3dBV.jpg');
INSERT INTO movie_genres (movie_id, genre_id) VALUES (597594, 99);
INSERT INTO movie_genres (movie_id, genre_id) VALUES (597594, 36);
INSERT INTO movies (id, title, release_date, description, poster_path) VALUES (5175, 'Rush Hour 2', '2001-08-03', 'It''s vacation time for Carter as he finds himself alongside Lee in Hong Kong wishing for more excitement. While Carter wants to party and meet the ladies, Lee is out to track down a Triad gang lord who may be responsible for killing two men at the American Embassy. Things get complicated as the pair stumble onto a counterfeiting plot. The boys are soon up to their necks in fist fights and life-threatening situations. A trip back to the U.S. may provide the answers about the bombing, the counterfeiting, and the true allegiance of sexy customs agent Isabella.', '/nmllsevWzx7XtrlARs3hHJn5Pf.jpg');
INSERT INTO movie_genres (movie_id, genre_id) VALUES (5175, 28);
INSERT INTO movie_genres (movie_id, genre_id) VALUES (5175, 35);
INSERT INTO movie_genres (movie_id, genre_id) VALUES (5175, 80);
INSERT INTO movies (id, title, release_date, description, poster_path) VALUES (1356236, 'Saint Catherine', '2024-09-24', 'An orphaned girl is rescued from a satanic ritual and taken to Saint Catherine Institute for homeless youth. There she will learn new skills while facing demons that stalk her.', '/hBJdzKPeDaC96AzlrtMWBomYSZV.jpg');
INSERT INTO movie_genres (movie_id, genre_id) VALUES (1356236, 27);
INSERT INTO movies (id, title, release_date, description, poster_path) VALUES (102899, 'Ant-Man', '2015-07-14', 'Armed with the astonishing ability to shrink in scale but increase in strength, master thief Scott Lang must embrace his inner-hero and help his mentor, Doctor Hank Pym, protect the secret behind his spectacular Ant-Man suit from a new generation of towering threats. Against seemingly insurmountable obstacles, Pym and Lang must plan and pull off a heist that will save the world.', '/rQRnQfUl3kfp78nCWq8Ks04vnq1.jpg');
INSERT INTO movie_genres (movie_id, genre_id) VALUES (102899, 878);
INSERT INTO movie_genres (movie_id, genre_id) VALUES (102899, 28);
INSERT INTO movie_genres (movie_id, genre_id) VALUES (102899, 12);
INSERT INTO movies (id, title, release_date, description, poster_path) VALUES (253, 'Live and Let Die', '1973-06-27', 'James Bond must investigate a mysterious murder case of a British agent in New Orleans. Soon he finds himself up against a gangster boss named Mr. Big.', '/39qkrjqMZs6utwNmihVImC3ghas.jpg');
INSERT INTO movie_genres (movie_id, genre_id) VALUES (253, 12);
INSERT INTO movie_genres (movie_id, genre_id) VALUES (253, 28);
INSERT INTO movie_genres (movie_id, genre_id) VALUES (253, 53);
INSERT INTO movies (id, title, release_date, description, poster_path) VALUES (559907, 'The Green Knight', '2021-07-29', 'An epic fantasy adventure based on the timeless Arthurian legend, The Green Knight tells the story of Sir Gawain, King Arthur''s reckless and headstrong nephew, who embarks on a daring quest to confront the eponymous Green Knight, a gigantic emerald-skinned stranger and tester of men.', '/if4hw3Ou5Sav9Em7WWHj66mnywp.jpg');
INSERT INTO movie_genres (movie_id, genre_id) VALUES (559907, 12);
INSERT INTO movie_genres (movie_id, genre_id) VALUES (559907, 18);
INSERT INTO movie_genres (movie_id, genre_id) VALUES (559907, 14);
INSERT INTO movies (id, title, release_date, description, poster_path) VALUES (321668, 'Strange Blood', '2015-04-01', 'When a brilliant but obsessive scientist goes to extremes to develop a universal cure for all disease, he finds himself infected with a bizarre parasite that begins to transform him into a bloodthirsty madman. Time running out, he must find a way to stop the monster that is growing within and prevent the rest of the world from being "cured."', '/4ujrzRHgyERXUBrhAzQIH0jSnLH.jpg');
INSERT INTO movie_genres (movie_id, genre_id) VALUES (321668, 878);
INSERT INTO movie_genres (movie_id, genre_id) VALUES (321668, 27);
INSERT INTO movies (id, title, release_date, description, poster_path) VALUES (13944, 'Passengers', '2008-09-26', 'After a plane crash, a young therapist, Claire, is assigned by her mentor to counsel the flight''s five survivors. When they share their recollections of the incident -- which some say include an explosion that the airline claims never happened -- Claire is intrigued by Eric, the most secretive of the passengers.', '/mUgzf27luTXvxrzH0jKgSNPwhMC.jpg');
INSERT INTO movie_genres (movie_id, genre_id) VALUES (13944, 18);
INSERT INTO movie_genres (movie_id, genre_id) VALUES (13944, 9648);
INSERT INTO movie_genres (movie_id, genre_id) VALUES (13944, 53);
INSERT INTO movie_genres (movie_id, genre_id) VALUES (13944, 10749);
INSERT INTO movies (id, title, release_date, description, poster_path) VALUES (565599, 'A Christmas for the Books', '2018-12-11', 'Lifestyle guru and romance expert Joanna Moret has developed a foolproof strategy for ending holiday loneliness and it''s all detailed in her best-selling book, The Love Audit. After appearing on a morning show, she is offered the biggest opportunity of her career—to throw the MacAllen Holiday Gala—and if all goes well, she''ll get her own TV show. Little do her fans—or the MacAllens—know that she is newly single and can''t seem to apply her principles to her own love life. Joanna asks the morning show producer, Ted, to pretend they are a couple or risk being exposed as a fraud.', '/xIznkA1EzVIgWBmZTQid2kf0CEN.jpg');
INSERT INTO movie_genres (movie_id, genre_id) VALUES (565599, 10749);
INSERT INTO movie_genres (movie_id, genre_id) VALUES (565599, 10770);
INSERT INTO movies (id, title, release_date, description, poster_path) VALUES (1203329, 'The Witcher: Sirens of the Deep', '2025-02-10', 'Geralt of Rivia, a mutated monster hunter, is hired to investigate a series of attacks in a seaside village and finds himself drawn into a centuries-old conflict between humans and merpeople. He must count on friends — old and new — to solve the mystery before the hostilities between the two kingdoms escalate into an all-out war.', '/y0pR5aBVvPn5uncaZjl94ZEnuEF.jpg');
INSERT INTO movie_genres (movie_id, genre_id) VALUES (1203329, 16);
INSERT INTO movie_genres (movie_id, genre_id) VALUES (1203329, 14);
INSERT INTO movie_genres (movie_id, genre_id) VALUES (1203329, 28);
INSERT INTO movies (id, title, release_date, description, poster_path) VALUES (104646, 'Justine: In the Heat of Passion', '1996-01-01', 'This edition of the sexually charged series The Adventures of Justine is titled In the Heat of Passion. The story involves Justine daydreaming about her teacher, Professor Robson. He then invites her to join him on his travels throughout the world.', '/lZTLUuSYL4JS0jsKE6RJYRz6DhG.jpg');
INSERT INTO movie_genres (movie_id, genre_id) VALUES (104646, 35);
INSERT INTO movie_genres (movie_id, genre_id) VALUES (104646, 12);
INSERT INTO movies (id, title, release_date, description, poster_path) VALUES (1985, 'The Constant Gardener', '2005-08-31', 'Justin Quayle is a low-level British diplomat who has always gone about his work very quietly, not causing any problems. But after his radical wife Tessa is killed he becomes determined to find out why, thrusting himself into the middle of a very dangerous conspiracy.', '/nkXq7V7mmJVbvwZGr3nxkHo7HkS.jpg');
INSERT INTO movie_genres (movie_id, genre_id) VALUES (1985, 18);
INSERT INTO movie_genres (movie_id, genre_id) VALUES (1985, 9648);
INSERT INTO movie_genres (movie_id, genre_id) VALUES (1985, 53);
INSERT INTO movies (id, title, release_date, description, poster_path) VALUES (943, 'Lethal Weapon 3', '1992-05-15', 'Riggs and Murtaugh pursue a former officer who uses his knowledge of police procedure and policies to steal and sell confiscated guns and ammunition to local street gangs.', '/smzJxEnusgqv3bvHIWwf4cuwPcr.jpg');
INSERT INTO movie_genres (movie_id, genre_id) VALUES (943, 28);
INSERT INTO movie_genres (movie_id, genre_id) VALUES (943, 35);
INSERT INTO movie_genres (movie_id, genre_id) VALUES (943, 53);
INSERT INTO movie_genres (movie_id, genre_id) VALUES (943, 80);
INSERT INTO movies (id, title, release_date, description, poster_path) VALUES (529203, 'The Croods: A New Age', '2020-11-25', 'Searching for a safer habitat, the prehistoric Crood family discovers an idyllic, walled-in paradise that meets all of its needs. Unfortunately, they must also learn to live with the Bettermans -- a family that''s a couple of steps above the Croods on the evolutionary ladder. As tensions between the new neighbors start to rise, a new threat soon propels both clans on an epic adventure that forces them to embrace their differences, draw strength from one another, and survive together.', '/tbVZ3Sq88dZaCANlUcewQuHQOaE.jpg');
INSERT INTO movie_genres (movie_id, genre_id) VALUES (529203, 16);
INSERT INTO movie_genres (movie_id, genre_id) VALUES (529203, 10751);
INSERT INTO movie_genres (movie_id, genre_id) VALUES (529203, 12);
INSERT INTO movie_genres (movie_id, genre_id) VALUES (529203, 14);
INSERT INTO movie_genres (movie_id, genre_id) VALUES (529203, 35);
INSERT INTO movies (id, title, release_date, description, poster_path) VALUES (997120, 'Sniper: Rogue Mission', '2022-08-16', 'When a crooked federal agent is involved in a human sex trafficking ring, Sniper and CIA Rookie Brandon Beckett goes rogue, teaming up with his former allies Homeland Security Agent Zero and assassin Lady Death to uncover the corrupt agent and take down the criminal organization.', '/wUkXarFUJqLlq6Zl69OYUnneNi.jpg');
INSERT INTO movie_genres (movie_id, genre_id) VALUES (997120, 28);
INSERT INTO movie_genres (movie_id, genre_id) VALUES (997120, 53);
INSERT INTO movie_genres (movie_id, genre_id) VALUES (997120, 9648);
INSERT INTO movies (id, title, release_date, description, poster_path) VALUES (140300, 'Kung Fu Panda 3', '2016-01-23', 'While Po and his father are visiting a secret panda village, an evil spirit threatens all of China, forcing Po to form a ragtag army to fight back.', '/oajNi4Su39WAByHI6EONu8G8HYn.jpg');
INSERT INTO movie_genres (movie_id, genre_id) VALUES (140300, 16);
INSERT INTO movie_genres (movie_id, genre_id) VALUES (140300, 28);
INSERT INTO movie_genres (movie_id, genre_id) VALUES (140300, 12);
INSERT INTO movie_genres (movie_id, genre_id) VALUES (140300, 35);
INSERT INTO movie_genres (movie_id, genre_id) VALUES (140300, 10751);
INSERT INTO movies (id, title, release_date, description, poster_path) VALUES (8358, 'Cast Away', '2000-12-22', 'Chuck Noland, a top international manager for FedEx, and Kelly, a Ph.D. student, are in love and heading towards marriage. Then Chuck''s plane to Malaysia crashes at sea during a terrible storm. He''s the only survivor, and finds himself marooned on a desolate island. With no way to escape, Chuck must find ways to survive in his new home.', '/7lLJgKnAicAcR5UEuo8xhSMj18w.jpg');
INSERT INTO movie_genres (movie_id, genre_id) VALUES (8358, 12);
INSERT INTO movie_genres (movie_id, genre_id) VALUES (8358, 18);
INSERT INTO movies (id, title, release_date, description, poster_path) VALUES (770, 'Gone with the Wind', '1939-12-15', 'The spoiled daughter of a Georgia plantation owner conducts a tumultuous romance with a cynical profiteer during the American Civil War and Reconstruction Era.', '/lNz2Ow0wGCAvzckW7EOjE03KcYv.jpg');
INSERT INTO movie_genres (movie_id, genre_id) VALUES (770, 18);
INSERT INTO movie_genres (movie_id, genre_id) VALUES (770, 10752);
INSERT INTO movie_genres (movie_id, genre_id) VALUES (770, 10749);
INSERT INTO movies (id, title, release_date, description, poster_path) VALUES (1226406, 'Love Hurts', '2025-02-06', 'A realtor is pulled back into the life he left behind after his former partner-in-crime resurfaces with an ominous message. With his crime-lord brother also on his trail, he must confront his past and the history he never fully buried.', '/skPPVeHoTTVVSJlb0Ib5vrqiuA4.jpg');
INSERT INTO movie_genres (movie_id, genre_id) VALUES (1226406, 28);
INSERT INTO movie_genres (movie_id, genre_id) VALUES (1226406, 35);
INSERT INTO movie_genres (movie_id, genre_id) VALUES (1226406, 10749);
INSERT INTO movies (id, title, release_date, description, poster_path) VALUES (391757, 'Never Back Down: No Surrender', '2016-06-07', 'Picking up after the events of Never Back Down 2, former MMA champion Case Walker is on the comeback trail to become champion once again.', '/pHVswTDHAvq9Npi0XCZ0qVMSiM2.jpg');
INSERT INTO movie_genres (movie_id, genre_id) VALUES (391757, 18);
INSERT INTO movie_genres (movie_id, genre_id) VALUES (391757, 28);
INSERT INTO movies (id, title, release_date, description, poster_path) VALUES (4148, 'Revolutionary Road', '2008-12-19', 'A young couple living in a Connecticut suburb during the mid-1950s struggle to come to terms with their personal problems while trying to raise their two children. Based on a novel by Richard Yates.', '/cvkD3yiVXLg3as8EAG3LaTycONQ.jpg');
INSERT INTO movie_genres (movie_id, genre_id) VALUES (4148, 18);
INSERT INTO movie_genres (movie_id, genre_id) VALUES (4148, 10749);
INSERT INTO movies (id, title, release_date, description, poster_path) VALUES (13497, 'Drumline', '2002-12-13', 'A talented street drummer from Harlem enrolls in a Southern university, expecting to lead its marching band''s drumline to victory. He initially flounders in his new world, before realizing that it takes more than talent to reach the top.', '/zl7gdxYqKdFCioPT3DAkZR5DDUP.jpg');
INSERT INTO movie_genres (movie_id, genre_id) VALUES (13497, 18);
INSERT INTO movie_genres (movie_id, genre_id) VALUES (13497, 10749);
INSERT INTO movie_genres (movie_id, genre_id) VALUES (13497, 35);
INSERT INTO movie_genres (movie_id, genre_id) VALUES (13497, 10402);
INSERT INTO movies (id, title, release_date, description, poster_path) VALUES (10112, 'The Aristocats', '1970-12-24', 'When Madame Adelaide Bonfamille leaves her fortune to Duchess and her children—Bonfamille’s beloved family of cats—the butler plots to steal the money and kidnaps the legatees, leaving them out on a country road. All seems lost until the wily Thomas O’Malley Cat and his jazz-playing alley cats come to the aristocats’ rescue.', '/1BVOSmQUhphMgnTxnXyfQ9tL1Sc.jpg');
INSERT INTO movie_genres (movie_id, genre_id) VALUES (10112, 16);
INSERT INTO movie_genres (movie_id, genre_id) VALUES (10112, 35);
INSERT INTO movie_genres (movie_id, genre_id) VALUES (10112, 10751);
INSERT INTO movie_genres (movie_id, genre_id) VALUES (10112, 12);
INSERT INTO movies (id, title, release_date, description, poster_path) VALUES (424694, 'Bohemian Rhapsody', '2018-10-24', 'Singer Freddie Mercury, guitarist Brian May, drummer Roger Taylor and bass guitarist John Deacon take the music world by storm when they form the rock ''n'' roll band Queen in 1970. Hit songs become instant classics. When Mercury''s increasingly wild lifestyle starts to spiral out of control, Queen soon faces its greatest challenge yet – finding a way to keep the band together amid the success and excess.', '/lHu1wtNaczFPGFDTrjCSzeLPTKN.jpg');
INSERT INTO movie_genres (movie_id, genre_id) VALUES (424694, 10402);
INSERT INTO movie_genres (movie_id, genre_id) VALUES (424694, 18);
INSERT INTO movies (id, title, release_date, description, poster_path) VALUES (888097, 'Slayers', '2022-10-21', 'A group of superstar influencers are drawn to a reclusive billionaire''s mansion only to find themselves trapped in the lair of an evil vampire. The only way out is to be saved by a famous online gamer and an old school vampire hunter.', '/1dgNc7FB5RMm6w4D6S0UpZhsUbW.jpg');
INSERT INTO movie_genres (movie_id, genre_id) VALUES (888097, 27);
INSERT INTO movie_genres (movie_id, genre_id) VALUES (888097, 35);
INSERT INTO movie_genres (movie_id, genre_id) VALUES (888097, 14);
INSERT INTO movies (id, title, release_date, description, poster_path) VALUES (644, 'A.I. Artificial Intelligence', '2001-06-29', 'David, a robotic boy—the first of his kind programmed to love—is adopted as a test case by a Cybertronics employee and his wife. Though he gradually becomes their child, a series of unexpected circumstances make this life impossible for David.', '/8MZSGX5JORoO72EfuAEcejH5yHn.jpg');
INSERT INTO movie_genres (movie_id, genre_id) VALUES (644, 18);
INSERT INTO movie_genres (movie_id, genre_id) VALUES (644, 878);
INSERT INTO movie_genres (movie_id, genre_id) VALUES (644, 12);
INSERT INTO movies (id, title, release_date, description, poster_path) VALUES (9454, 'EverAfter', '1998-07-31', 'Danielle, a vibrant young woman is forced into servitude after the death of her father when she was a young girl. Danielle''s stepmother Rodmilla is a heartless woman who forces Danielle to do the cooking and cleaning, while she tries to marry off the eldest of her two daughters to the prince. But Danielle''s life takes a wonderful turn when, under the guise of a visiting royal, she meets the charming Prince Henry.', '/9TspO5dThMBioF0DFrvy6YqrngH.jpg');
INSERT INTO movie_genres (movie_id, genre_id) VALUES (9454, 18);
INSERT INTO movie_genres (movie_id, genre_id) VALUES (9454, 10749);
INSERT INTO movie_genres (movie_id, genre_id) VALUES (9454, 35);
INSERT INTO movies (id, title, release_date, description, poster_path) VALUES (50546, 'Just Go with It', '2011-02-10', 'While romancing Palmer, a much younger schoolteacher, plastic surgeon Danny Maccabee enlists his loyal assistant Katherine to pretend to be his soon to be ex-wife, in order to cover up a careless lie. When more lies backfire, Katherine''s kids become involved, and everyone heads off for a weekend in Hawaii that will change all their lives.', '/3rz7bfGsPGcI6cfY002n9VrUgao.jpg');
INSERT INTO movie_genres (movie_id, genre_id) VALUES (50546, 35);
INSERT INTO movie_genres (movie_id, genre_id) VALUES (50546, 10749);
INSERT INTO movies (id, title, release_date, description, poster_path) VALUES (446807, 'The Girl in the Spider''s Web', '2018-10-25', 'After being enlisted to recover a dangerous computer program, hacker Lisbeth Salander and journalist Mikael Blomkvist find themselves caught in a web of spies, cybercriminals and corrupt government officials.', '/w4ibr8R702DCjwYniry1D1XwQXj.jpg');
INSERT INTO movie_genres (movie_id, genre_id) VALUES (446807, 28);
INSERT INTO movie_genres (movie_id, genre_id) VALUES (446807, 80);
INSERT INTO movie_genres (movie_id, genre_id) VALUES (446807, 53);
INSERT INTO movies (id, title, release_date, description, poster_path) VALUES (1369, 'Rambo: First Blood Part II', '1985-05-21', 'John Rambo is released from prison by the government for a top-secret covert mission to the last place on Earth he''d want to return - the jungles of Vietnam.', '/pzPdwOitmTleVE3YPMfIQgLh84p.jpg');
INSERT INTO movie_genres (movie_id, genre_id) VALUES (1369, 28);
INSERT INTO movie_genres (movie_id, genre_id) VALUES (1369, 12);
INSERT INTO movie_genres (movie_id, genre_id) VALUES (1369, 53);
INSERT INTO movie_genres (movie_id, genre_id) VALUES (1369, 10752);
INSERT INTO movies (id, title, release_date, description, poster_path) VALUES (6520, 'First Knight', '1995-07-07', 'The timeless tale of King Arthur and the legend of Camelot are retold in this passionate period drama. Arthur is reluctant to hand the crown to Lancelot, and Guinevere is torn between her loyalty to her husband and her growing love for his rival. But Lancelot must balance his loyalty to the throne with the rewards of true love.', '/xuXkCcrvUTkehVXuTGpnfySsx0Z.jpg');
INSERT INTO movie_genres (movie_id, genre_id) VALUES (6520, 28);
INSERT INTO movie_genres (movie_id, genre_id) VALUES (6520, 12);
INSERT INTO movie_genres (movie_id, genre_id) VALUES (6520, 18);
INSERT INTO movie_genres (movie_id, genre_id) VALUES (6520, 10749);
INSERT INTO movies (id, title, release_date, description, poster_path) VALUES (742629, 'Behind the Life of Chris Gaines', '1999-11-24', 'To promote the release of his album Garth Brooks in... The Life of Chris Gaines, Garth Brooks appeared as Chris Gaines in a television "mockumentary," a version of VH1''s seminal cable classic Behind the Music, featuring a totally made-up tale that just may be the greatest rock n'' roll documentary ever made.  This piece of art has everything that makes the story of being a rockstar fucking cool. It has childhood trauma, record label trauma, death, disfigurement, a plane crash, a car crash, sex addiction, redemption, a house fire, random unexplained commentary from Billy Joel, and more sex addiction.', '/xBfyHE0Pau7tgQbXrRz9CUrN9ib.jpg');
INSERT INTO movie_genres (movie_id, genre_id) VALUES (742629, 99);
INSERT INTO movie_genres (movie_id, genre_id) VALUES (742629, 10402);
INSERT INTO movies (id, title, release_date, description, poster_path) VALUES (44264, 'True Grit', '2010-12-22', 'Following the murder of her father by a hired hand, a 14-year-old farm girl sets out to capture the killer. To aid her, she hires the toughest U.S. Marshal she can find—a man with ''true grit''—Reuben J. ''Rooster'' Cogburn.', '/6W6sbvrSFRxlluSkUcnGufpUfJi.jpg');
INSERT INTO movie_genres (movie_id, genre_id) VALUES (44264, 18);
INSERT INTO movie_genres (movie_id, genre_id) VALUES (44264, 12);
INSERT INTO movie_genres (movie_id, genre_id) VALUES (44264, 37);
INSERT INTO movies (id, title, release_date, description, poster_path) VALUES (848538, 'Argylle', '2024-01-31', 'When the plots of reclusive author Elly Conway''s fictional espionage novels begin to mirror the covert actions of a real-life spy organization, quiet evenings at home become a thing of the past. Accompanied by her cat Alfie and Aidan, a cat-allergic spy, Elly races across the world to stay one step ahead of the killers as the line between Conway''s fictional world and her real one begins to blur.', '/siduVKgOnABO4WH4lOwPQwaGwJp.jpg');
INSERT INTO movie_genres (movie_id, genre_id) VALUES (848538, 28);
INSERT INTO movie_genres (movie_id, genre_id) VALUES (848538, 12);
INSERT INTO movie_genres (movie_id, genre_id) VALUES (848538, 35);
INSERT INTO movie_genres (movie_id, genre_id) VALUES (848538, 53);
INSERT INTO movies (id, title, release_date, description, poster_path) VALUES (1894, 'Star Wars: Episode II - Attack of the Clones', '2002-05-15', 'Following an assassination attempt on Senator Padmé Amidala, Jedi Knights Anakin Skywalker and Obi-Wan Kenobi investigate a mysterious plot that could change the galaxy forever.', '/oZNPzxqM2s5DyVWab09NTQScDQt.jpg');
INSERT INTO movie_genres (movie_id, genre_id) VALUES (1894, 12);
INSERT INTO movie_genres (movie_id, genre_id) VALUES (1894, 28);
INSERT INTO movie_genres (movie_id, genre_id) VALUES (1894, 878);
INSERT INTO movies (id, title, release_date, description, poster_path) VALUES (7551, 'Déjà Vu', '2006-11-22', 'Called in to recover evidence in the aftermath of a horrific explosion on a New Orleans ferry, Federal agent Doug Carlin gets pulled away from the scene and taken to a top-secret government lab that uses a time-shifting surveillance device to help prevent crime.', '/eTX6hklzFOiEVqVukNCEedZKhix.jpg');
INSERT INTO movie_genres (movie_id, genre_id) VALUES (7551, 28);
INSERT INTO movie_genres (movie_id, genre_id) VALUES (7551, 53);
INSERT INTO movie_genres (movie_id, genre_id) VALUES (7551, 878);
INSERT INTO movies (id, title, release_date, description, poster_path) VALUES (449756, 'The Postcard Killings', '2020-03-13', 'After suffering a personal tragedy, and desperate for justice, Jacob Kanon, a veteran New York City police detective, embarks on the search for a twisted killer who is leaving a bloody trail of elaborate murders across Europe.', '/ugLLTEYBuNTqdQ0zCjFCJ5mI44p.jpg');
INSERT INTO movie_genres (movie_id, genre_id) VALUES (449756, 18);
INSERT INTO movie_genres (movie_id, genre_id) VALUES (449756, 53);
INSERT INTO movies (id, title, release_date, description, poster_path) VALUES (8688, 'Snake Eyes', '1998-08-07', 'All bets are off when shady homicide cop Rick Santoro witnesses a murder during a boxing match. It''s up to him and lifelong friend, Naval intelligence agent Kevin Dunne, to uncover the conspiracy behind the killing. At every turn, Santoro makes increasingly shocking discoveries that even he can''t turn a blind eye to.', '/gsh9mQKRrr4M90XC9Rr0wxefc9u.jpg');
INSERT INTO movie_genres (movie_id, genre_id) VALUES (8688, 53);
INSERT INTO movie_genres (movie_id, genre_id) VALUES (8688, 80);
INSERT INTO movie_genres (movie_id, genre_id) VALUES (8688, 9648);
INSERT INTO movies (id, title, release_date, description, poster_path) VALUES (290859, 'Terminator: Dark Fate', '2019-10-23', 'Decades after Sarah Connor prevented Judgment Day, a lethal new Terminator is sent to eliminate the future leader of the resistance. In a fight to save mankind, battle-hardened Sarah Connor teams up with an unexpected ally and an enhanced super soldier to stop the deadliest Terminator yet.', '/vqzNJRH4YyquRiWxCCOH0aXggHI.jpg');
INSERT INTO movie_genres (movie_id, genre_id) VALUES (290859, 878);
INSERT INTO movie_genres (movie_id, genre_id) VALUES (290859, 28);
INSERT INTO movie_genres (movie_id, genre_id) VALUES (290859, 12);
INSERT INTO movie_genres (movie_id, genre_id) VALUES (290859, 53);
INSERT INTO movies (id, title, release_date, description, poster_path) VALUES (205587, 'The Judge', '2014-10-08', 'A successful lawyer returns to his hometown for his mother''s funeral only to discover that his estranged father, the town''s judge, is suspected of murder.', '/3K93GWotLXe4FqpErri0xkpLaD5.jpg');
INSERT INTO movie_genres (movie_id, genre_id) VALUES (205587, 18);
INSERT INTO movies (id, title, release_date, description, poster_path) VALUES (608, 'Men in Black II', '2002-07-03', 'Kay and Jay reunite to provide our best, last and only line of defense against a sinister seductress who levels the toughest challenge yet to the MIB''s untarnished mission statement – protecting Earth from the scum of the universe. It''s been four years since the alien-seeking agents averted an intergalactic disaster of epic proportions. Now it''s a race against the clock as Jay must convince Kay – who not only has absolutely no memory of his time spent with the MIB, but is also the only living person left with the expertise to save the galaxy – to reunite with the MIB before the earth submits to ultimate destruction.', '/enA22EPyzc2WQ1VVyY7zxresQQr.jpg');
INSERT INTO movie_genres (movie_id, genre_id) VALUES (608, 28);
INSERT INTO movie_genres (movie_id, genre_id) VALUES (608, 35);
INSERT INTO movie_genres (movie_id, genre_id) VALUES (608, 878);
INSERT INTO movies (id, title, release_date, description, poster_path) VALUES (10386, 'The Iron Giant', '1999-08-06', 'In the small town of Rockwell, Maine in October 1957, a giant metal machine befriends a nine-year-old boy and ultimately finds its humanity by unselfishly saving people from their own fears and prejudices.', '/ct04FCFLPImNG5thcPLRnVsZlmS.jpg');
INSERT INTO movie_genres (movie_id, genre_id) VALUES (10386, 16);
INSERT INTO movie_genres (movie_id, genre_id) VALUES (10386, 10751);
INSERT INTO movie_genres (movie_id, genre_id) VALUES (10386, 878);
INSERT INTO movie_genres (movie_id, genre_id) VALUES (10386, 18);
INSERT INTO movies (id, title, release_date, description, poster_path) VALUES (339846, 'Baywatch', '2017-05-25', 'Devoted lifeguard Mitch Buchannon butts heads with a brash new recruit. Together, they uncover a local criminal plot that threatens the future of the Bay.', '/6HE4xd8zloDqmjMZuhUCCw2UcY1.jpg');
INSERT INTO movie_genres (movie_id, genre_id) VALUES (339846, 35);
INSERT INTO movie_genres (movie_id, genre_id) VALUES (339846, 28);
INSERT INTO movie_genres (movie_id, genre_id) VALUES (339846, 80);
INSERT INTO movies (id, title, release_date, description, poster_path) VALUES (61012, 'Silent Hill: Revelation 3D', '2012-10-10', 'Heather Mason and her father have been on the run, always one step ahead of dangerous forces that she doesn''t fully understand. Now on the eve of her 18th birthday, plagued by horrific nightmares and the disappearance of her father, Heather discovers she''s not who she thinks she is. The revelation leads her deeper into a demonic world that threatens to trap her forever.', '/2JOujdpYUeGg3886gigTAQq0na6.jpg');
INSERT INTO movie_genres (movie_id, genre_id) VALUES (61012, 53);
INSERT INTO movie_genres (movie_id, genre_id) VALUES (61012, 27);
INSERT INTO movie_genres (movie_id, genre_id) VALUES (61012, 9648);
INSERT INTO movies (id, title, release_date, description, poster_path) VALUES (1018, 'Mulholland Drive', '2001-06-06', 'Blonde Betty Elms has only just arrived in Hollywood to become a movie star when she meets an enigmatic brunette with amnesia. Meanwhile, as the two set off to solve the second woman''s identity, filmmaker Adam Kesher runs into ominous trouble while casting his latest project.', '/x7A59t6ySylr1L7aubOQEA480vM.jpg');
INSERT INTO movie_genres (movie_id, genre_id) VALUES (1018, 53);
INSERT INTO movie_genres (movie_id, genre_id) VALUES (1018, 18);
INSERT INTO movie_genres (movie_id, genre_id) VALUES (1018, 9648);
INSERT INTO movies (id, title, release_date, description, poster_path) VALUES (339403, 'Baby Driver', '2017-06-28', 'After being coerced into working for a crime boss, a young getaway driver finds himself taking part in a heist doomed to fail.', '/tYzFuYXmT8LOYASlFCkaPiAFAl0.jpg');
INSERT INTO movie_genres (movie_id, genre_id) VALUES (339403, 28);
INSERT INTO movie_genres (movie_id, genre_id) VALUES (339403, 80);
INSERT INTO movies (id, title, release_date, description, poster_path) VALUES (174785, 'By Word of Mouse', '1954-10-02', 'Hans, a mouse from Germany, comes to America to visit his cousin Willie, and learns about the wonders of the capitalist system.', '/kzbdBT3PRXOyMFQBphJGC7RdYxC.jpg');
INSERT INTO movie_genres (movie_id, genre_id) VALUES (174785, 16);
INSERT INTO movie_genres (movie_id, genre_id) VALUES (174785, 35);
INSERT INTO movies (id, title, release_date, description, poster_path) VALUES (324668, 'Jason Bourne', '2016-07-27', 'The most dangerous former operative of the CIA is drawn out of hiding to uncover hidden truths about his past.', '/ziU0b3hRM6raH1u4wym02EYMLZ6.jpg');
INSERT INTO movie_genres (movie_id, genre_id) VALUES (324668, 28);
INSERT INTO movie_genres (movie_id, genre_id) VALUES (324668, 12);
INSERT INTO movie_genres (movie_id, genre_id) VALUES (324668, 53);
INSERT INTO movies (id, title, release_date, description, poster_path) VALUES (9884, 'Collateral Damage', '2002-02-06', 'Firefighter Gordon Brewer is plunged into the complex and dangerous world of international terrorism after he loses his wife and child in a bombing credited to Claudio ''The Wolf'' Perrini.', '/rALb2pU8QQGIlYdHezB2F5kwecI.jpg');
INSERT INTO movie_genres (movie_id, genre_id) VALUES (9884, 28);
INSERT INTO movie_genres (movie_id, genre_id) VALUES (9884, 53);
INSERT INTO movie_genres (movie_id, genre_id) VALUES (9884, 18);
INSERT INTO movies (id, title, release_date, description, poster_path) VALUES (9802, 'The Rock', '1996-06-07', 'When vengeful General Francis X. Hummel seizes control of Alcatraz Island and threatens to launch missiles loaded with deadly chemical weapons into San Francisco, only a young FBI chemical weapons expert and notorious Federal prisoner have the skills to penetrate the impregnable island fortress and take him down.', '/j5mxLNWjUlXUUk8weFBtnF4afIR.jpg');
INSERT INTO movie_genres (movie_id, genre_id) VALUES (9802, 28);
INSERT INTO movie_genres (movie_id, genre_id) VALUES (9802, 12);
INSERT INTO movie_genres (movie_id, genre_id) VALUES (9802, 53);
INSERT INTO movies (id, title, release_date, description, poster_path) VALUES (19124, 'Blind Fury', '1989-08-17', 'A blind Vietnam vet, trained as a swordfighter, comes to America and helps to rescue the son of a fellow soldier.', '/ufbA7v7b2xt85Cf1tocr69cwuCO.jpg');
INSERT INTO movie_genres (movie_id, genre_id) VALUES (19124, 28);
INSERT INTO movie_genres (movie_id, genre_id) VALUES (19124, 53);
INSERT INTO movies (id, title, release_date, description, poster_path) VALUES (11430, 'The Lion King 1½', '2004-10-28', 'Timon the meerkat and Pumbaa the warthog are best pals and the unsung heroes of the African savanna. This prequel to the smash Disney animated adventure takes you back -- way back -- before Simba''s adventure began. You''ll find out all about Timon and Pumbaa and tag along as they search for the perfect home and attempt to raise a rambunctious lion cub.', '/sVJME5R1NmTXtbdnAxYPx7Xa7kr.jpg');
INSERT INTO movie_genres (movie_id, genre_id) VALUES (11430, 10751);
INSERT INTO movie_genres (movie_id, genre_id) VALUES (11430, 16);
INSERT INTO movie_genres (movie_id, genre_id) VALUES (11430, 35);
INSERT INTO movie_genres (movie_id, genre_id) VALUES (11430, 12);
INSERT INTO movies (id, title, release_date, description, poster_path) VALUES (8656, 'Deep Impact', '1998-05-08', 'A seven-mile-wide space rock is hurtling toward Earth, threatening to obliterate the planet. Now, it''s up to the president of the United States to save the world. He appoints a tough-as-nails veteran astronaut to lead a joint American-Russian crew into space to destroy the comet before impact. Meanwhile, an enterprising reporter uses her smarts to uncover the scoop of the century.', '/a3vQS7JKqlOb3MdVJHuTCP9s7Mg.jpg');
INSERT INTO movie_genres (movie_id, genre_id) VALUES (8656, 28);
INSERT INTO movie_genres (movie_id, genre_id) VALUES (8656, 18);
INSERT INTO movie_genres (movie_id, genre_id) VALUES (8656, 878);
INSERT INTO movies (id, title, release_date, description, poster_path) VALUES (353486, 'Jumanji: Welcome to the Jungle', '2017-12-09', 'Four teenagers in detention discover an old video game console with a game they’ve never heard of. When they decide to play, they are immediately sucked into the jungle world of Jumanji in the bodies of their avatars. They’ll have to complete the adventure of their lives filled with fun, thrills and danger or be stuck in the game forever!', '/pSgXKPU5h6U89ipF7HBYajvYt7j.jpg');
INSERT INTO movie_genres (movie_id, genre_id) VALUES (353486, 12);
INSERT INTO movie_genres (movie_id, genre_id) VALUES (353486, 35);
INSERT INTO movie_genres (movie_id, genre_id) VALUES (353486, 14);
INSERT INTO movie_genres (movie_id, genre_id) VALUES (353486, 28);
INSERT INTO movie_genres (movie_id, genre_id) VALUES (353486, 10751);
INSERT INTO movies (id, title, release_date, description, poster_path) VALUES (332392, 'The Man Who Had Power Over Women', '1970-08-12', 'A successful talent agent enjoys the good life until his wife leaves him. Moving in with his friend and igniting an affair with the man''s wife, he also acquires a difficult new client whose public image must be preserved at any cost.', '/8a9VIICFjbomum6Q5QApVeXwTDK.jpg');
INSERT INTO movie_genres (movie_id, genre_id) VALUES (332392, 35);
INSERT INTO movie_genres (movie_id, genre_id) VALUES (332392, 18);
INSERT INTO movie_genres (movie_id, genre_id) VALUES (332392, 10402);
INSERT INTO movies (id, title, release_date, description, poster_path) VALUES (6795, 'Zathura: A Space Adventure', '2005-11-06', 'After their father is called into work, two young boys, Walter and Danny, are left in the care of their teenage sister, Lisa, and told they must stay inside. Walter and Danny, who anticipate a boring day, are shocked when they begin playing Zathura, a space-themed board game, which they realize has mystical powers when their house is shot into space. With the help of an astronaut, the boys attempt to return home.', '/gDb5BW2NLqZ9cvg9nyzkZVvmgze.jpg');
INSERT INTO movie_genres (movie_id, genre_id) VALUES (6795, 878);
INSERT INTO movie_genres (movie_id, genre_id) VALUES (6795, 12);
INSERT INTO movie_genres (movie_id, genre_id) VALUES (6795, 10751);
INSERT INTO movies (id, title, release_date, description, poster_path) VALUES (1096197, 'No Way Up', '2024-01-18', 'Characters from different backgrounds are thrown together when the plane they''re travelling on crashes into the Pacific Ocean. A nightmare fight for survival ensues with the air supply running out and dangers creeping in from all sides.', '/hu40Uxp9WtpL34jv3zyWLb5zEVY.jpg');
INSERT INTO movie_genres (movie_id, genre_id) VALUES (1096197, 53);
INSERT INTO movie_genres (movie_id, genre_id) VALUES (1096197, 27);
INSERT INTO movie_genres (movie_id, genre_id) VALUES (1096197, 28);
INSERT INTO movies (id, title, release_date, description, poster_path) VALUES (438148, 'Minions: The Rise of Gru', '2022-06-29', 'A fanboy of a supervillain supergroup known as the Vicious 6, Gru hatches a plan to become evil enough to join them, with the backup of his followers, the Minions.', '/wKiOkZTN9lUUUNZLmtnwubZYONg.jpg');
INSERT INTO movie_genres (movie_id, genre_id) VALUES (438148, 10751);
INSERT INTO movie_genres (movie_id, genre_id) VALUES (438148, 35);
INSERT INTO movie_genres (movie_id, genre_id) VALUES (438148, 12);
INSERT INTO movie_genres (movie_id, genre_id) VALUES (438148, 16);
INSERT INTO movies (id, title, release_date, description, poster_path) VALUES (479, 'Shaft', '2000-06-15', 'New York police detective John Shaft arrests Walter Wade Jr. for a racially motivated slaying. But the only eyewitness disappears, and Wade jumps bail for Switzerland. Two years later Wade returns to face trial, confident his money and influence will get him acquitted -- especially since he''s paid a drug kingpin to kill the witness.', '/5ncvnNPaN73cOqD4muE413sSOyY.jpg');
INSERT INTO movie_genres (movie_id, genre_id) VALUES (479, 28);
INSERT INTO movie_genres (movie_id, genre_id) VALUES (479, 12);
INSERT INTO movie_genres (movie_id, genre_id) VALUES (479, 80);
INSERT INTO movie_genres (movie_id, genre_id) VALUES (479, 53);
INSERT INTO movies (id, title, release_date, description, poster_path) VALUES (76108, 'Passage to Zarahemla', '2007-10-15', 'Two teens from L.A. make their way to Utah to hide with distant Mormon relatives from their troubled pasts. An earthquake opens up a time rift, drawing them and their pursuers into an ancient mesoamerican war.', '/xHjTBvO3PnXfvTC1Hm0RoCFxJEo.jpg');
INSERT INTO movie_genres (movie_id, genre_id) VALUES (76108, 12);
INSERT INTO movie_genres (movie_id, genre_id) VALUES (76108, 28);
INSERT INTO movie_genres (movie_id, genre_id) VALUES (76108, 14);
INSERT INTO movies (id, title, release_date, description, poster_path) VALUES (44214, 'Black Swan', '2010-12-03', 'The story of Nina, a ballerina in a New York City ballet company whose life, like all those in her profession, is completely consumed with dance. She lives with her retired ballerina mother Erica who zealously supports her daughter''s professional ambition. When artistic director Thomas Leroy decides to replace prima ballerina Beth MacIntyre for the opening production of their new season, Swan Lake, Nina is his first choice.', '/viWheBd44bouiLCHgNMvahLThqx.jpg');
INSERT INTO movie_genres (movie_id, genre_id) VALUES (44214, 18);
INSERT INTO movie_genres (movie_id, genre_id) VALUES (44214, 53);
INSERT INTO movie_genres (movie_id, genre_id) VALUES (44214, 27);
INSERT INTO movies (id, title, release_date, description, poster_path) VALUES (1138749, 'The Island', '2023-07-21', 'When his brother is killed, LAPD officer Mark leaves the city to return to the island he grew up on. Seeking answers and ultimately vengeance, he soon finds himself in a bloody battle with the corrupt tycoon who''s taken over the island paradise.', '/ajb1rMiorchfRemYHZCkbV9DBg6.jpg');
INSERT INTO movie_genres (movie_id, genre_id) VALUES (1138749, 28);
INSERT INTO movie_genres (movie_id, genre_id) VALUES (1138749, 80);
INSERT INTO movie_genres (movie_id, genre_id) VALUES (1138749, 53);
INSERT INTO movies (id, title, release_date, description, poster_path) VALUES (661539, 'A Complete Unknown', '2024-12-25', 'New York, early 1960s. Against the backdrop of a vibrant music scene and tumultuous cultural upheaval, an enigmatic 19-year-old from Minnesota arrives in the West Village with his guitar and revolutionary talent, destined to change the course of American music.', '/llWl3GtNoXosbvYboelmoT459NM.jpg');
INSERT INTO movie_genres (movie_id, genre_id) VALUES (661539, 18);
INSERT INTO movie_genres (movie_id, genre_id) VALUES (661539, 10402);
INSERT INTO movies (id, title, release_date, description, poster_path) VALUES (747, 'Shaun of the Dead', '2004-04-09', 'Shaun lives a supremely uneventful life, which revolves around his girlfriend, his mother, and, above all, his local pub. This gentle routine is threatened when the dead return to life and make strenuous attempts to snack on ordinary Londoners.', '/dgXPhzNJH8HFTBjXPB177yNx6RI.jpg');
INSERT INTO movie_genres (movie_id, genre_id) VALUES (747, 27);
INSERT INTO movie_genres (movie_id, genre_id) VALUES (747, 35);
INSERT INTO movies (id, title, release_date, description, poster_path) VALUES (942576, 'Buried in Barstow', '2022-06-04', 'Follows Hazel King, a single mother determined to protect her daughter from the life she once had while defending and protecting those who can''t protect themselves.', '/jROLolTGKmAAeiPndRO0DpiUWNy.jpg');
INSERT INTO movie_genres (movie_id, genre_id) VALUES (942576, 53);
INSERT INTO movie_genres (movie_id, genre_id) VALUES (942576, 28);
INSERT INTO movie_genres (movie_id, genre_id) VALUES (942576, 18);
INSERT INTO movie_genres (movie_id, genre_id) VALUES (942576, 10770);
INSERT INTO movies (id, title, release_date, description, poster_path) VALUES (12775, 'Flesh + Blood', '1985-08-30', 'A band of medieval mercenaries take revenge on a noble lord who decides not to pay them by kidnapping the betrothed of the noble''s son. As the plague and warfare cut a swathe of destruction throughout the land, the mercenaries hole up in a castle and await their fate.', '/bjUYC4uC82oASTMPkb6iGCYOO2e.jpg');
INSERT INTO movie_genres (movie_id, genre_id) VALUES (12775, 12);
INSERT INTO movie_genres (movie_id, genre_id) VALUES (12775, 18);
INSERT INTO movies (id, title, release_date, description, poster_path) VALUES (50646, 'Crazy, Stupid, Love.', '2011-07-29', 'Cal Weaver is living the American dream. He has a good job, a beautiful house, great children and a beautiful wife, named Emily. Cal''s seemingly perfect life unravels, however, when he learns that Emily has been unfaithful and wants a divorce. Over 40 and suddenly single, Cal is adrift in the fickle world of dating. Enter, Jacob Palmer, a self-styled player who takes Cal under his wing and teaches him how to be a hit with the ladies.', '/p4RafgAPk558muOjnBMHhMArjS2.jpg');
INSERT INTO movie_genres (movie_id, genre_id) VALUES (50646, 35);
INSERT INTO movie_genres (movie_id, genre_id) VALUES (50646, 18);
INSERT INTO movie_genres (movie_id, genre_id) VALUES (50646, 10749);
INSERT INTO movies (id, title, release_date, description, poster_path) VALUES (178682, 'The Wizards Return: Alex vs. Alex', '2013-06-01', 'While trying to prove to her family she can be mature and responsible, teen wizard Alex Russo conjures up a spell to rid herself of her bad qualities, unintentionally creating a Good and Evil Alex. When Evil Alex gets involved in a plan to take over the world by a dark wizard, Good Alex must find a way to save her family, humankind, and ultimately herself in an epic Good vs. Evil battle.', '/iWL88DymJrzO6hYI1ykUeUohqef.jpg');
INSERT INTO movie_genres (movie_id, genre_id) VALUES (178682, 10751);
INSERT INTO movie_genres (movie_id, genre_id) VALUES (178682, 35);
INSERT INTO movie_genres (movie_id, genre_id) VALUES (178682, 10770);
INSERT INTO movie_genres (movie_id, genre_id) VALUES (178682, 14);
INSERT INTO movies (id, title, release_date, description, poster_path) VALUES (726759, 'Tetris', '2023-03-15', 'In 1988, American video game salesman Henk Rogers discovers the video game Tetris. When he sets out to bring the game to the world, he enters a dangerous web of lies and corruption behind the Iron Curtain.', '/4F2QwCOYHJJjecSvdOjStuVLkpu.jpg');
INSERT INTO movie_genres (movie_id, genre_id) VALUES (726759, 53);
INSERT INTO movie_genres (movie_id, genre_id) VALUES (726759, 36);
INSERT INTO movie_genres (movie_id, genre_id) VALUES (726759, 18);
INSERT INTO movies (id, title, release_date, description, poster_path) VALUES (814889, 'Never Let Go', '2024-09-18', 'As an evil takes over the world beyond their front doorstep, the only protection for a mother and her twin sons is their house and their family’s protective bond.', '/iwUoM3y77fov7bKyFMwpGMzRHyn.jpg');
INSERT INTO movie_genres (movie_id, genre_id) VALUES (814889, 27);
INSERT INTO movies (id, title, release_date, description, poster_path) VALUES (125509, 'Wrong Turn 5: Bloodlines', '2012-10-18', 'A small West Virginia town is hosting the legendary Mountain Man Festival on Halloween, where throngs of costumed party goers gather for a wild night of music and mischief. But an inbred family of hillbilly cannibals kill the fun when they trick and treat themselves to a group of visiting college students.', '/nALE9wbgwIYKuwdhANoLbxasw7z.jpg');
INSERT INTO movie_genres (movie_id, genre_id) VALUES (125509, 27);
INSERT INTO movie_genres (movie_id, genre_id) VALUES (125509, 53);
INSERT INTO movies (id, title, release_date, description, poster_path) VALUES (955, 'Mission: Impossible II', '2000-05-24', 'With computer genius Luther Stickell at his side and a beautiful thief on his mind, agent Ethan Hunt races across Australia and Spain to stop a former IMF agent from unleashing a genetically engineered biological weapon called Chimera. This mission, should Hunt choose to accept it, plunges him into the center of an international crisis of terrifying magnitude.', '/hfnrual76gPeNFduhD4xzHWpfTw.jpg');
INSERT INTO movie_genres (movie_id, genre_id) VALUES (955, 12);
INSERT INTO movie_genres (movie_id, genre_id) VALUES (955, 28);
INSERT INTO movie_genres (movie_id, genre_id) VALUES (955, 53);
INSERT INTO movies (id, title, release_date, description, poster_path) VALUES (9472, 'DodgeBall: A True Underdog Story', '2004-06-18', 'When megalomaniacal White Goodman, the owner of a trendy, high-end fitness center, makes a move to take over the struggling local gym run by happy-go-lucky Pete La Fleur, there''s only one way for La Fleur to fight back: dodgeball. Aided by a dodgeball guru and Goodman''s attorney, La Fleur and his rag-tag team of underdogs launch a knock-down, drag-out battle in which the winner takes all.', '/r8KbNHkkwFXLjV1suGwm0Qjure5.jpg');
INSERT INTO movie_genres (movie_id, genre_id) VALUES (9472, 35);
INSERT INTO movies (id, title, release_date, description, poster_path) VALUES (1527477, 'Slaughter on Tenth Avenue', '1957-09-01', 'A brave longshoreman lingers on after being gunned down by three racketeers as a determined assistant D.A. searches hard for fearful witnesses against the men.', '/anQ5OD2jpiG0iQcKeaq91QvtFbD.jpg');
INSERT INTO movie_genres (movie_id, genre_id) VALUES (1527477, 80);
INSERT INTO movie_genres (movie_id, genre_id) VALUES (1527477, 18);
INSERT INTO movies (id, title, release_date, description, poster_path) VALUES (137106, 'The Lego Movie', '2014-02-06', 'An ordinary Lego mini-figure, mistakenly thought to be the extraordinary MasterBuilder, is recruited to join a quest to stop an evil Lego tyrant from conquering the universe.', '/lbctonEnewCYZ4FYoTZhs8cidAl.jpg');
INSERT INTO movie_genres (movie_id, genre_id) VALUES (137106, 16);
INSERT INTO movie_genres (movie_id, genre_id) VALUES (137106, 10751);
INSERT INTO movie_genres (movie_id, genre_id) VALUES (137106, 12);
INSERT INTO movie_genres (movie_id, genre_id) VALUES (137106, 35);
INSERT INTO movie_genres (movie_id, genre_id) VALUES (137106, 14);
INSERT INTO movies (id, title, release_date, description, poster_path) VALUES (549514, 'Fatale', '2020-12-18', 'After a wild one-night stand, successful sports agent Derrick Tyler watches his perfect life slowly disappear when he discovers the sexy and mysterious woman he risked everything for is determined police detective Valerie Quinlan who entangles him in her latest investigation. As he desperately tries to put the pieces together, he falls deeper into her trap, risking his family, his career, and even his life.', '/tGFXEyESXIuei5tZWXRkSRSFSxi.jpg');
INSERT INTO movie_genres (movie_id, genre_id) VALUES (549514, 18);
INSERT INTO movie_genres (movie_id, genre_id) VALUES (549514, 53);
INSERT INTO movies (id, title, release_date, description, poster_path) VALUES (57737, 'Barbie: A Fairy Secret', '2011-03-01', 'Get ready for Barbie: A Fairy Secret, an amazing adventure with Barbie where she discovers there are fairies living secretly all around us! When Ken is suddenly whisked away by a group of fairies, Barbie''s two fashion stylist friends reveal they are actually fairies and that Ken has been taken to a magical secret fairy world not far away! Barbie and her rival Raquelle take off with the fairy friends on an action-packed journey to bring him back. Along the way they must stick together and learn that the real magic lies not just in the fairy world itself, but in the power of friendship.', '/wn2aoYKOonwMNKkzfgO5y4ji8pB.jpg');
INSERT INTO movie_genres (movie_id, genre_id) VALUES (57737, 16);
INSERT INTO movie_genres (movie_id, genre_id) VALUES (57737, 10751);
INSERT INTO movie_genres (movie_id, genre_id) VALUES (57737, 14);
INSERT INTO movies (id, title, release_date, description, poster_path) VALUES (1527477, 'Slaughter on Tenth Avenue', '1957-09-01', 'A brave longshoreman lingers on after being gunned down by three racketeers as a determined assistant D.A. searches hard for fearful witnesses against the men.', '/anQ5OD2jpiG0iQcKeaq91QvtFbD.jpg');
INSERT INTO movie_genres (movie_id, genre_id) VALUES (1527477, 80);
INSERT INTO movie_genres (movie_id, genre_id) VALUES (1527477, 18);
INSERT INTO movies (id, title, release_date, description, poster_path) VALUES (137106, 'The Lego Movie', '2014-02-06', 'An ordinary Lego mini-figure, mistakenly thought to be the extraordinary MasterBuilder, is recruited to join a quest to stop an evil Lego tyrant from conquering the universe.', '/lbctonEnewCYZ4FYoTZhs8cidAl.jpg');
INSERT INTO movie_genres (movie_id, genre_id) VALUES (137106, 16);
INSERT INTO movie_genres (movie_id, genre_id) VALUES (137106, 10751);
INSERT INTO movie_genres (movie_id, genre_id) VALUES (137106, 12);
INSERT INTO movie_genres (movie_id, genre_id) VALUES (137106, 35);
INSERT INTO movie_genres (movie_id, genre_id) VALUES (137106, 14);
INSERT INTO movies (id, title, release_date, description, poster_path) VALUES (549514, 'Fatale', '2020-12-18', 'After a wild one-night stand, successful sports agent Derrick Tyler watches his perfect life slowly disappear when he discovers the sexy and mysterious woman he risked everything for is determined police detective Valerie Quinlan who entangles him in her latest investigation. As he desperately tries to put the pieces together, he falls deeper into her trap, risking his family, his career, and even his life.', '/tGFXEyESXIuei5tZWXRkSRSFSxi.jpg');
INSERT INTO movie_genres (movie_id, genre_id) VALUES (549514, 18);
INSERT INTO movie_genres (movie_id, genre_id) VALUES (549514, 53);
INSERT INTO movies (id, title, release_date, description, poster_path) VALUES (57737, 'Barbie: A Fairy Secret', '2011-03-01', 'Get ready for Barbie: A Fairy Secret, an amazing adventure with Barbie where she discovers there are fairies living secretly all around us! When Ken is suddenly whisked away by a group of fairies, Barbie''s two fashion stylist friends reveal they are actually fairies and that Ken has been taken to a magical secret fairy world not far away! Barbie and her rival Raquelle take off with the fairy friends on an action-packed journey to bring him back. Along the way they must stick together and learn that the real magic lies not just in the fairy world itself, but in the power of friendship.', '/wn2aoYKOonwMNKkzfgO5y4ji8pB.jpg');
INSERT INTO movie_genres (movie_id, genre_id) VALUES (57737, 16);
INSERT INTO movie_genres (movie_id, genre_id) VALUES (57737, 10751);
INSERT INTO movie_genres (movie_id, genre_id) VALUES (57737, 14);
INSERT INTO movies (id, title, release_date, description, poster_path) VALUES (190859, 'American Sniper', '2014-12-25', 'U.S. Navy SEAL Chris Kyle takes his sole mission—protect his comrades—to heart and becomes one of the most lethal snipers in American history. His pinpoint accuracy not only saves countless lives but also makes him a prime target of insurgents. Despite grave danger and his struggle to be a good husband and father to his family back in the States, Kyle serves four tours of duty in Iraq. However, when he finally returns home, he finds that he cannot leave the war behind.', '/i1U46OwMc6vlm7OoSUKfqUH615e.jpg');
INSERT INTO movie_genres (movie_id, genre_id) VALUES (190859, 10752);
INSERT INTO movie_genres (movie_id, genre_id) VALUES (190859, 28);
INSERT INTO movies (id, title, release_date, description, poster_path) VALUES (899082, 'Harry Potter 20th Anniversary: Return to Hogwarts', '2022-01-01', 'An enchanting making-of story told through all-new in-depth interviews and cast conversations, inviting fans on a magical first-person journey through one of the most beloved film franchises of all time.', '/jntLBq0MLR3hrwKaTQswxACRPMs.jpg');
INSERT INTO movie_genres (movie_id, genre_id) VALUES (899082, 99);
INSERT INTO movies (id, title, release_date, description, poster_path) VALUES (10538, 'Passenger 57', '1992-11-06', 'Airline security specialist John Cutter, finally returning to the job after his wife''s death, finds himself stuck on a flight being hijacked by notorious terrorist Charles Rane. Unfortunately for the terrorists, they''re also stuck with him.', '/4VBN8pQxGHjeZWcNv1V1xSw0OKC.jpg');
INSERT INTO movie_genres (movie_id, genre_id) VALUES (10538, 28);
INSERT INTO movie_genres (movie_id, genre_id) VALUES (10538, 12);
INSERT INTO movie_genres (movie_id, genre_id) VALUES (10538, 53);
INSERT INTO movies (id, title, release_date, description, poster_path) VALUES (84992, 'Blood Theatre', '1984-09-05', 'Three young movie theater employees are given the task of re-opening a long-closed, old-time theater at which, many years before, a shocking series of grisly murders took place. It seems many more murders have occurred since then but all of this remains unknown to these three young upstart employees hoping to finally make it big on their own. As they approach the grand re-opening night, things keep getting stranger and more unsettling with items suddenly starting to move around by themselves without any seen aid and a terrifying old man seemingly haunting the premises.', '/3KMRX64Q3pleib8bwM8C6zQi3Nd.jpg');
INSERT INTO movie_genres (movie_id, genre_id) VALUES (84992, 27);
INSERT INTO movie_genres (movie_id, genre_id) VALUES (84992, 35);
INSERT INTO movies (id, title, release_date, description, poster_path) VALUES (219096, 'Flight to Fury', '1964-08-07', 'After a plane crash in the Philippine jungle, two men, one an avaricious killer who has come to the islands to search for a fortune in diamonds, the other an international adventurer, must somehow overcome their vast personal differences and desires to survive in the steamy wilderness.', '/uQtWUfkM5molpnTAH28YM9om8U4.jpg');
INSERT INTO movie_genres (movie_id, genre_id) VALUES (219096, 12);
INSERT INTO movie_genres (movie_id, genre_id) VALUES (219096, 18);
INSERT INTO movies (id, title, release_date, description, poster_path) VALUES (107, 'Snatch', '2000-09-01', 'Unscrupulous boxing promoters, violent bookies, a Russian gangster, incompetent amateur robbers, and supposedly Jewish jewellers fight to track down a priceless stolen diamond.', '/kJZoAHq1SLDdWjeNGtlHAnGpmFV.jpg');
INSERT INTO movie_genres (movie_id, genre_id) VALUES (107, 80);
INSERT INTO movie_genres (movie_id, genre_id) VALUES (107, 35);
INSERT INTO movies (id, title, release_date, description, poster_path) VALUES (785663, 'Old Henry', '2021-10-01', 'A widowed farmer and his son warily take in a mysterious, injured man with a satchel of cash. When a posse of men claiming to be the law come for the money, the farmer must decide who to trust. Defending a siege of his homestead, the farmer reveals a talent for gun-slinging that surprises everyone calling his true identity into question.', '/eE1SL0QoDsvAMqQly56IkRtlN1W.jpg');
INSERT INTO movie_genres (movie_id, genre_id) VALUES (785663, 37);
INSERT INTO movie_genres (movie_id, genre_id) VALUES (785663, 28);
INSERT INTO movie_genres (movie_id, genre_id) VALUES (785663, 18);
INSERT INTO movies (id, title, release_date, description, poster_path) VALUES (297761, 'Suicide Squad', '2016-08-03', 'From DC Comics comes the Suicide Squad, an antihero team of incarcerated supervillains who act as deniable assets for the United States government, undertaking high-risk black ops missions in exchange for commuted prison sentences.', '/sk3FZgh3sRrmr8vyhaitNobMcfh.jpg');
INSERT INTO movie_genres (movie_id, genre_id) VALUES (297761, 28);
INSERT INTO movie_genres (movie_id, genre_id) VALUES (297761, 12);
INSERT INTO movie_genres (movie_id, genre_id) VALUES (297761, 14);
INSERT INTO movies (id, title, release_date, description, poster_path) VALUES (9023, 'Spirit: Stallion of the Cimarron', '2002-05-24', 'A captured mustang remains determined to return to his herd no matter what.', '/cUgYrz4twiJ3QgVGpRfey984NIB.jpg');
INSERT INTO movie_genres (movie_id, genre_id) VALUES (9023, 16);
INSERT INTO movie_genres (movie_id, genre_id) VALUES (9023, 12);
INSERT INTO movie_genres (movie_id, genre_id) VALUES (9023, 10751);
INSERT INTO movie_genres (movie_id, genre_id) VALUES (9023, 18);
INSERT INTO movie_genres (movie_id, genre_id) VALUES (9023, 37);
INSERT INTO movie_genres (movie_id, genre_id) VALUES (9023, 10749);
INSERT INTO movies (id, title, release_date, description, poster_path) VALUES (11619, 'Flushed Away', '2006-10-22', 'London high-society mouse, Roddy is flushed down the toilet by Sid, a common sewer rat. Hang on for a madcap adventure deep in the sewer bowels of Ratropolis, where Roddy meets the resourceful Rita, the rodent-hating Toad and his faithful thugs, Spike and Whitey.', '/kgoZI4xh38RrEYEPVib6a12UPLn.jpg');
INSERT INTO movie_genres (movie_id, genre_id) VALUES (11619, 12);
INSERT INTO movie_genres (movie_id, genre_id) VALUES (11619, 16);
INSERT INTO movie_genres (movie_id, genre_id) VALUES (11619, 35);
INSERT INTO movie_genres (movie_id, genre_id) VALUES (11619, 10751);
INSERT INTO movies (id, title, release_date, description, poster_path) VALUES (1924, 'Superman', '1978-12-14', 'Mild-mannered Clark Kent works as a reporter at the Daily Planet alongside his crush, Lois Lane. Clark must summon his superhero alter-ego when the nefarious Lex Luthor launches a plan to take over the world.', '/d7px1FQxW4tngdACVRsCSaZq0Xl.jpg');
INSERT INTO movie_genres (movie_id, genre_id) VALUES (1924, 878);
INSERT INTO movie_genres (movie_id, genre_id) VALUES (1924, 28);
INSERT INTO movie_genres (movie_id, genre_id) VALUES (1924, 12);
INSERT INTO movies (id, title, release_date, description, poster_path) VALUES (21644, 'Molokai: The Story of Father Damien', '1999-03-17', 'The true story of the 19th century Belgian priest, Father Damien, who volunteered to go to the island of Molokai, to console and care for the lepers.', '/fIjamNr5wMYZRjGmhAJ4ftOGJ1W.jpg');
INSERT INTO movie_genres (movie_id, genre_id) VALUES (21644, 18);
INSERT INTO movies (id, title, release_date, description, poster_path) VALUES (9513, 'Garfield: A Tail of Two Kitties', '2006-06-15', 'Jon and Garfield visit the United Kingdom, where a case of mistaken cat identity finds Garfield ruling over a castle. His reign is soon jeopardized by the nefarious Lord Dargis, who has designs on the estate.', '/eRbG8Buz2eFylHL5uX8bTxgoNp9.jpg');
INSERT INTO movie_genres (movie_id, genre_id) VALUES (9513, 35);
INSERT INTO movie_genres (movie_id, genre_id) VALUES (9513, 10751);
INSERT INTO movie_genres (movie_id, genre_id) VALUES (9513, 12);
INSERT INTO movies (id, title, release_date, description, poster_path) VALUES (1893, 'Star Wars: Episode I - The Phantom Menace', '1999-05-19', 'Anakin Skywalker, a young slave strong with the Force, is discovered on Tatooine. Meanwhile, the evil Sith have returned, enacting their plot for revenge against the Jedi.', '/6wkfovpn7Eq8dYNKaG5PY3q2oq6.jpg');
INSERT INTO movie_genres (movie_id, genre_id) VALUES (1893, 12);
INSERT INTO movie_genres (movie_id, genre_id) VALUES (1893, 28);
INSERT INTO movie_genres (movie_id, genre_id) VALUES (1893, 878);
INSERT INTO movies (id, title, release_date, description, poster_path) VALUES (629176, 'Samaritan', '2022-08-25', 'Thirteen year old Sam Cleary suspects that his mysteriously reclusive neighbor Mr. Smith is actually the legendary vigilante Samaritan, who was reported dead 25 years ago. With crime on the rise and the city on the brink of chaos, Sam makes it his mission to coax his neighbor out of hiding to save the city from ruin.', '/zgH8Ej50n2cvJCMJrxd4twEwSqz.jpg');
INSERT INTO movie_genres (movie_id, genre_id) VALUES (629176, 878);
INSERT INTO movie_genres (movie_id, genre_id) VALUES (629176, 80);
INSERT INTO movie_genres (movie_id, genre_id) VALUES (629176, 28);
INSERT INTO movies (id, title, release_date, description, poster_path) VALUES (262841, 'Monster Trucks', '2016-12-21', 'Tripp is a high school senior with a knack for building trucks who makes an incredible discovery - a gas-guzzling creature named Creech. To protect his mischievous new friend, Tripp hides Creech under the hood of his latest creation, turning it into a real-life super-powered Monster Truck. Together, this unlikely duo with a shared taste for speed team up on a wild and unforgettable journey to reunite Creech with his family.', '/aUzNybWqURfeg9BveLr4GOVCkti.jpg');
INSERT INTO movie_genres (movie_id, genre_id) VALUES (262841, 28);
INSERT INTO movie_genres (movie_id, genre_id) VALUES (262841, 35);
INSERT INTO movie_genres (movie_id, genre_id) VALUES (262841, 878);
INSERT INTO movies (id, title, release_date, description, poster_path) VALUES (451048, 'Jungle Cruise', '2021-07-28', 'Dr. Lily Houghton enlists the aid of wisecracking skipper Frank Wolff to take her down the Amazon in his dilapidated boat. Together, they search for an ancient tree that holds the power to heal – a discovery that will change the future of medicine.', '/3UPz63cGsAQlYQnkOHfAbUhl1O3.jpg');
INSERT INTO movie_genres (movie_id, genre_id) VALUES (451048, 14);
INSERT INTO movie_genres (movie_id, genre_id) VALUES (451048, 12);
INSERT INTO movies (id, title, release_date, description, poster_path) VALUES (935, 'Dr. Strangelove or: How I Learned to Stop Worrying and Love the Bomb', '1964-01-29', 'After the insane General Jack D. Ripper initiates a nuclear strike on the Soviet Union, a war room full of politicians, generals and a Russian diplomat all frantically try to stop it.', '/7SixLzxcqezkZEYU8pcHZgbkmjp.jpg');
INSERT INTO movie_genres (movie_id, genre_id) VALUES (935, 35);
INSERT INTO movie_genres (movie_id, genre_id) VALUES (935, 10752);
INSERT INTO movies (id, title, release_date, description, poster_path) VALUES (814340, 'Cha Cha Real Smooth', '2022-06-17', 'Fresh out of college and stuck at his New Jersey home without a clear path forward, 22-year-old Andrew begins working as a party starter for bar/bat mitzvahs—where he strikes up a unique friendship with a young mom and her teenage daughter.', '/iUvoVhvwTlP8DofoqeIu7QAGLAe.jpg');
INSERT INTO movie_genres (movie_id, genre_id) VALUES (814340, 35);
INSERT INTO movie_genres (movie_id, genre_id) VALUES (814340, 18);
INSERT INTO movie_genres (movie_id, genre_id) VALUES (814340, 10749);
INSERT INTO movies (id, title, release_date, description, poster_path) VALUES (470861, 'Liza, Liza, Skies Are Grey', '2016-09-17', 'A teenage girl and her boyfriend set off on an eventful road trip up the coast of California hoping to figure out the meaning of love and life.', '/54XDVjXruiusiTKLIMzNr1q89C.jpg');
INSERT INTO movie_genres (movie_id, genre_id) VALUES (470861, 18);
INSERT INTO movie_genres (movie_id, genre_id) VALUES (470861, 10749);
INSERT INTO movies (id, title, release_date, description, poster_path) VALUES (374720, 'Dunkirk', '2017-07-19', 'The story of the miraculous evacuation of Allied soldiers from Belgium, Britain, Canada and France, who were cut off and surrounded by the German army from the beaches and harbour of Dunkirk between May 26th and June 4th 1940 during World War II.', '/b4Oe15CGLL61Ped0RAS9JpqdmCt.jpg');
INSERT INTO movie_genres (movie_id, genre_id) VALUES (374720, 10752);
INSERT INTO movie_genres (movie_id, genre_id) VALUES (374720, 28);
INSERT INTO movie_genres (movie_id, genre_id) VALUES (374720, 18);
INSERT INTO movies (id, title, release_date, description, poster_path) VALUES (238615, 'Self/less', '2015-07-10', 'An extremely wealthy elderly man dying from cancer undergoes a radical medical procedure that transfers his consciousness to the body of a healthy young man but everything may not be as good as it seems when he starts to uncover the mystery of the body''s origins and the secret organization that will kill to keep its secrets.', '/jhzjPJnwiQwBzW0nIHBC01fr9GG.jpg');
INSERT INTO movie_genres (movie_id, genre_id) VALUES (238615, 878);
INSERT INTO movie_genres (movie_id, genre_id) VALUES (238615, 28);
INSERT INTO movie_genres (movie_id, genre_id) VALUES (238615, 53);
INSERT INTO movies (id, title, release_date, description, poster_path) VALUES (9982, 'Chicken Little', '2005-11-04', 'When the sky really is falling and sanity has flown the coop, who will rise to save the day? Together with his hysterical band of misfit friends, Chicken Little must hatch a plan to save the planet from alien invasion and prove that the world''s biggest hero is a little chicken.', '/vkhMtzwmAEglnilVNsL3IE6kU0B.jpg');
INSERT INTO movie_genres (movie_id, genre_id) VALUES (9982, 16);
INSERT INTO movie_genres (movie_id, genre_id) VALUES (9982, 10751);
INSERT INTO movie_genres (movie_id, genre_id) VALUES (9982, 35);
INSERT INTO movies (id, title, release_date, description, poster_path) VALUES (431392, 'Ouija 3: The Charlie Charlie Challenge', '2016-10-21', 'An Eccentric haunted house owner invites a group of hapless teens to play the terrifying game known as Charlie Charlie, overnight in the many attractions his house has to offer. While the game is meant to be a mere spectacle of spooky fun, it soon turns into a true nightmare leaving the teenagers, and the owner, battling for their lives.', '/aKxNpZDq4qp1mYkiwst4MTaKMIW.jpg');
INSERT INTO movie_genres (movie_id, genre_id) VALUES (431392, 27);
INSERT INTO movies (id, title, release_date, description, poster_path) VALUES (2503, 'The Bourne Ultimatum', '2007-08-03', 'Bourne is brought out of hiding once again by reporter Simon Ross who is trying to unveil Operation Blackbriar, an upgrade to Project Treadstone, in a series of newspaper columns. Information from the reporter stirs a new set of memories, and Bourne must finally uncover his dark past while dodging The Company''s best efforts to eradicate him.', '/15rMz5MRXFp7CP4VxhjYw4y0FUn.jpg');
INSERT INTO movie_genres (movie_id, genre_id) VALUES (2503, 28);
INSERT INTO movie_genres (movie_id, genre_id) VALUES (2503, 18);
INSERT INTO movie_genres (movie_id, genre_id) VALUES (2503, 9648);
INSERT INTO movie_genres (movie_id, genre_id) VALUES (2503, 53);
INSERT INTO movies (id, title, release_date, description, poster_path) VALUES (28, 'Apocalypse Now', '1979-05-19', 'At the height of the Vietnam war, Captain Benjamin Willard is sent on a dangerous mission that, officially, "does not exist, nor will it ever exist." His goal is to locate - and eliminate - a mysterious Green Beret Colonel named Walter Kurtz, who has been leading his personal army on illegal guerrilla missions into enemy territory.', '/gQB8Y5RCMkv2zwzFHbUJX3kAhvA.jpg');
INSERT INTO movie_genres (movie_id, genre_id) VALUES (28, 18);
INSERT INTO movie_genres (movie_id, genre_id) VALUES (28, 10752);
INSERT INTO movies (id, title, release_date, description, poster_path) VALUES (59108, 'Tower Heist', '2011-11-02', 'A luxury condo manager leads a staff of workers to seek payback on the Wall Street swindler who defrauded them. With only days until the billionaire gets away with the perfect crime, the unlikely crew of amateur thieves enlists the help of petty crook Slide to steal the $20 million they’re sure is hidden in the penthouse.', '/jQrroNwP8hbFiUlNMs20emauwPE.jpg');
INSERT INTO movie_genres (movie_id, genre_id) VALUES (59108, 28);
INSERT INTO movie_genres (movie_id, genre_id) VALUES (59108, 35);
INSERT INTO movies (id, title, release_date, description, poster_path) VALUES (80321, 'Madagascar 3: Europe''s Most Wanted', '2012-06-06', 'Animal pals Alex, Marty, Melman, and Gloria are still trying to make it back to New York''s Central Park Zoo. They are forced to take a detour to Europe to find the penguins and chimps who broke the bank at a Monte Carlo casino. When French animal-control officer Capitaine Chantel DuBois picks up their scent, Alex and company are forced to hide out in a traveling circus.', '/ekraj4ksvIKeuvQVEevEJkuybZd.jpg');
INSERT INTO movie_genres (movie_id, genre_id) VALUES (80321, 16);
INSERT INTO movie_genres (movie_id, genre_id) VALUES (80321, 10751);
INSERT INTO movie_genres (movie_id, genre_id) VALUES (80321, 35);
INSERT INTO movie_genres (movie_id, genre_id) VALUES (80321, 12);
INSERT INTO movies (id, title, release_date, description, poster_path) VALUES (458220, 'Palmer', '2021-01-28', 'After 12 years in prison, former high school football star Eddie Palmer returns home to put his life back together—and forms an unlikely bond with Sam, an outcast boy from a troubled home. But Eddie''s past threatens to ruin his new life and family.', '/xSDdRAjxKAGi8fUBLOqSrBhJmF0.jpg');
INSERT INTO movie_genres (movie_id, genre_id) VALUES (458220, 18);
INSERT INTO movies (id, title, release_date, description, poster_path) VALUES (703754, 'Eric Andre: Legalize Everything', '2020-06-23', 'Comedian Eric Andre presents his very first Netflix original stand-up special. Taking the stage in New Orleans, Andre breaks the boundaries of comedy as he critiques the war on drugs, the war on sex, and the war on fart jokes!', '/epCjHq5yefl7h3cKaOJgexc0AMY.jpg');
INSERT INTO movie_genres (movie_id, genre_id) VALUES (703754, 35);
INSERT INTO movies (id, title, release_date, description, poster_path) VALUES (174132, 'Mabel Lost and Won', '1915-06-02', 'Mabel has just gotten engaged during a housewarming party of which her mother is the hostess. When an annoying party guest persuades Mabel to dance with him, Mabel hurries through the dance and then goes to look for her fiancé, only to discover him caressing another woman. Her fiancé finds not only Mabel, but also her mother, very displeased, and not inclined to believe his explanation.', '/s8cDzW40d5tFNE9dkLuBqaSh87c.jpg');
INSERT INTO movie_genres (movie_id, genre_id) VALUES (174132, 35);
INSERT INTO movies (id, title, release_date, description, poster_path) VALUES (522627, 'The Gentlemen', '2020-01-01', 'American expat Mickey Pearson has built a highly profitable marijuana empire in London. When word gets out that he’s looking to cash out of the business forever it triggers plots, schemes, bribery and blackmail in an attempt to steal his domain out from under him.', '/jtrhTYB7xSrJxR1vusu99nvnZ1g.jpg');
INSERT INTO movie_genres (movie_id, genre_id) VALUES (522627, 35);
INSERT INTO movie_genres (movie_id, genre_id) VALUES (522627, 80);
INSERT INTO movies (id, title, release_date, description, poster_path) VALUES (497828, 'Triangle of Sadness', '2022-09-18', 'A celebrity model couple are invited on a luxury cruise for the uber-rich, helmed by an unhinged, alcoholic captain. What first appears Instagrammable ends catastrophically, leaving the survivors stranded on a desert island in a struggle of hierarchy.', '/k9eLozCgCed5FGTSdHu0bBElAV8.jpg');
INSERT INTO movie_genres (movie_id, genre_id) VALUES (497828, 35);
INSERT INTO movie_genres (movie_id, genre_id) VALUES (497828, 18);
INSERT INTO movies (id, title, release_date, description, poster_path) VALUES (36647, 'Blade', '1998-08-21', 'The Daywalker known as "Blade" - a half-vampire, half-mortal man - becomes the protector of humanity against an underground army of vampires.', '/hx0sdduAsr4rq03RZKZzglR25z7.jpg');
INSERT INTO movie_genres (movie_id, genre_id) VALUES (36647, 27);
INSERT INTO movie_genres (movie_id, genre_id) VALUES (36647, 28);
INSERT INTO movies (id, title, release_date, description, poster_path) VALUES (9100, 'The Craft', '1996-05-03', 'A Catholic school newcomer falls in with a clique of teen witches who wield their powers against all who dare to cross them -- be they teachers, rivals or meddlesome parents.', '/8bW2RdRkloYtEPhbQZN4wcdmJP4.jpg');
INSERT INTO movie_genres (movie_id, genre_id) VALUES (9100, 27);
INSERT INTO movie_genres (movie_id, genre_id) VALUES (9100, 18);
INSERT INTO movie_genres (movie_id, genre_id) VALUES (9100, 14);
INSERT INTO movies (id, title, release_date, description, poster_path) VALUES (1100169, 'Jinkx Monsoon: Red Head Redemption', '2023-03-17', 'Follow Jinkx Monsoon through the weaving tale of her booze addled, sex-filled, gender defying life. In this (extremely) candid standup special, Jinkx shares her experiences as a trans-femme, non-binary, alcoholic, ethical slut. You’ll learn more than you ever wanted to know about her journey of self discovery– leading her to her husband, sobriety, and to be the first queen to win Drag Race twice! AND she sings!', '/wPskoi2LL8A69az1pYTBtz0zK45.jpg');
INSERT INTO movie_genres (movie_id, genre_id) VALUES (1100169, 35);
INSERT INTO movies (id, title, release_date, description, poster_path) VALUES (1100169, 'Jinkx Monsoon: Red Head Redemption', '2023-03-17', 'Follow Jinkx Monsoon through the weaving tale of her booze addled, sex-filled, gender defying life. In this (extremely) candid standup special, Jinkx shares her experiences as a trans-femme, non-binary, alcoholic, ethical slut. You’ll learn more than you ever wanted to know about her journey of self discovery– leading her to her husband, sobriety, and to be the first queen to win Drag Race twice! AND she sings!', '/wPskoi2LL8A69az1pYTBtz0zK45.jpg');
INSERT INTO movie_genres (movie_id, genre_id) VALUES (1100169, 35);
INSERT INTO movies (id, title, release_date, description, poster_path) VALUES (476669, 'The King''s Man', '2021-12-22', 'As a collection of history''s worst tyrants and criminal masterminds gather to plot a war to wipe out millions, one man must race against time to stop them.', '/aq4Pwv5Xeuvj6HZKtxyd23e6bE9.jpg');
INSERT INTO movie_genres (movie_id, genre_id) VALUES (476669, 28);
INSERT INTO movie_genres (movie_id, genre_id) VALUES (476669, 12);
INSERT INTO movie_genres (movie_id, genre_id) VALUES (476669, 53);
INSERT INTO movies (id, title, release_date, description, poster_path) VALUES (37169, 'The Human Centipede (First Sequence)', '2009-10-31', 'During a stopover in Germany in the middle of a carefree road trip through Europe, two American girls find themselves alone at night when their car breaks down in the woods. Searching for help at a nearby villa, they are wooed into the clutches of a deranged retired surgeon, who has a very disturbed vision.', '/gMtjxIkEi0hnTV5lPHbgeZ4ZpUZ.jpg');
INSERT INTO movie_genres (movie_id, genre_id) VALUES (37169, 27);
INSERT INTO movies (id, title, release_date, description, poster_path) VALUES (1129598, 'Prey', '2024-03-15', 'A young couple is compelled to leave their Christian missionary station in the Kalahari Desert after being threatened with death by an extremist militant gang. After crashing their aircraft they must battle man and beast for their lives.', '/aOsPclgSiOqhndI2Xp2ksz2g9n6.jpg');
INSERT INTO movie_genres (movie_id, genre_id) VALUES (1129598, 28);
INSERT INTO movie_genres (movie_id, genre_id) VALUES (1129598, 53);
INSERT INTO movie_genres (movie_id, genre_id) VALUES (1129598, 27);
INSERT INTO movies (id, title, release_date, description, poster_path) VALUES (13387, 'Transporter 3', '2008-11-26', 'Frank Martin puts the driving gloves on to deliver Valentina, the kidnapped daughter of a Ukrainian government official, from Marseilles to Odessa on the Black Sea. En route, he has to contend with thugs who want to intercept Valentina''s safe delivery and not let his personal feelings get in the way of his dangerous objective.', '/o4w9VF3GRZuXe9NHHvZ07pJespl.jpg');
INSERT INTO movie_genres (movie_id, genre_id) VALUES (13387, 28);
INSERT INTO movie_genres (movie_id, genre_id) VALUES (13387, 53);
INSERT INTO movie_genres (movie_id, genre_id) VALUES (13387, 80);
INSERT INTO movies (id, title, release_date, description, poster_path) VALUES (460465, 'Mortal Kombat', '2021-04-07', 'Washed-up MMA fighter Cole Young, unaware of his heritage, and hunted by Emperor Shang Tsung''s best warrior, Sub-Zero, seeks out and trains with Earth''s greatest champions as he prepares to stand against the enemies of Outworld in a high stakes battle for the universe.', '/ybrX94xQm8lXYpZAPRmwD9iIbWP.jpg');
INSERT INTO movie_genres (movie_id, genre_id) VALUES (460465, 28);
INSERT INTO movie_genres (movie_id, genre_id) VALUES (460465, 14);
INSERT INTO movie_genres (movie_id, genre_id) VALUES (460465, 12);
INSERT INTO movies (id, title, release_date, description, poster_path) VALUES (141, 'Donnie Darko', '2001-01-19', 'After narrowly escaping a bizarre accident, a troubled teenager is plagued by visions of a large bunny rabbit that manipulates him to commit a series of crimes.', '/fhQoQfejY1hUcwyuLgpBrYs6uFt.jpg');
INSERT INTO movie_genres (movie_id, genre_id) VALUES (141, 14);
INSERT INTO movie_genres (movie_id, genre_id) VALUES (141, 18);
INSERT INTO movie_genres (movie_id, genre_id) VALUES (141, 9648);
INSERT INTO movies (id, title, release_date, description, poster_path) VALUES (9475, 'Scent of a Woman', '1992-12-23', 'Charlie Simms is a student at a private preparatory school who comes from a poor family. To earn the money for his flight home to Gresham, Oregon for Christmas, Charlie takes a job over Thanksgiving looking after retired U.S. Army officer Lieutenant Colonel Frank Slade, a cantankerous middle-aged man who lives with his niece and her family.', '/4adI7IaveWb7EidYXfLb3MK3CgO.jpg');
INSERT INTO movie_genres (movie_id, genre_id) VALUES (9475, 18);
INSERT INTO movies (id, title, release_date, description, poster_path) VALUES (13225, 'FernGully: The Last Rainforest', '1992-04-10', 'When a sprite named Crysta shrinks a human boy, Zak, down to her size, he vows to help the magical fairy folk stop a greedy logging company from destroying their home: the pristine rainforest known as FernGully. Zak and his new friends fight to defend FernGully from lumberjacks — and the vengeful spirit they accidentally unleash after chopping down a magic tree.', '/xkJxdeaibcrcsi1XHvT0IuOjdzB.jpg');
INSERT INTO movie_genres (movie_id, genre_id) VALUES (13225, 10751);
INSERT INTO movie_genres (movie_id, genre_id) VALUES (13225, 14);
INSERT INTO movie_genres (movie_id, genre_id) VALUES (13225, 16);
INSERT INTO movie_genres (movie_id, genre_id) VALUES (13225, 12);
INSERT INTO movies (id, title, release_date, description, poster_path) VALUES (55888, 'Ed Gein', '2000-11-17', 'The true story of Edward Gein, the farmer whose horrific crimes inspired Psycho, The Texas Chainsaw Massacre and The Silence of the Lambs. This is the first film to Gein''s tormented upbringing, his adored but domineering mother, and the 1957 arrest uncovered the most bizarre series of murders America has ever seen', '/kmgR0RmsFei4Ev3a6GiRojuZwHx.jpg');
INSERT INTO movie_genres (movie_id, genre_id) VALUES (55888, 80);
INSERT INTO movie_genres (movie_id, genre_id) VALUES (55888, 18);
INSERT INTO movie_genres (movie_id, genre_id) VALUES (55888, 27);
INSERT INTO movie_genres (movie_id, genre_id) VALUES (55888, 53);
INSERT INTO movies (id, title, release_date, description, poster_path) VALUES (92766, 'Transmutations', '1985-11-29', 'When high class hooker Nicole is kidnapped from her brothel, Rich businessman Hugo Motherskille hires her ex love Roy Bain to find her. Investigating the disappearance, he eventually finds traces that lead to Dr. Savary, who has produced a strange white powder that''s coveted by a race of deformed human beings who live in the underworld in the sewers below the city.', '/nXx5ByHcqqArMKsPSwCSFCE7shb.jpg');
INSERT INTO movie_genres (movie_id, genre_id) VALUES (92766, 27);
INSERT INTO movie_genres (movie_id, genre_id) VALUES (92766, 28);
INSERT INTO movie_genres (movie_id, genre_id) VALUES (92766, 878);
INSERT INTO movie_genres (movie_id, genre_id) VALUES (92766, 12);
INSERT INTO movie_genres (movie_id, genre_id) VALUES (92766, 53);
INSERT INTO movies (id, title, release_date, description, poster_path) VALUES (188783, 'The Lion''s Busy', '1950-02-18', 'In an African jungle, hungry Beaky Buzzard can''t wait until Leo the Lion is decently deceased before trying to devour him. Leo takes a rocket to the Moon to try to escape Beaky, but finds Beaky already there waiting for him.', '/nrFGKt6or7ZedgWUff5OoHGcNLF.jpg');
INSERT INTO movie_genres (movie_id, genre_id) VALUES (188783, 16);
INSERT INTO movie_genres (movie_id, genre_id) VALUES (188783, 10751);
INSERT INTO movie_genres (movie_id, genre_id) VALUES (188783, 35);
INSERT INTO movies (id, title, release_date, description, poster_path) VALUES (459295, 'Sarah Silverman: A Speck of Dust', '2017-05-30', 'In her first comedy special post-health scare, Sarah Silverman shares a mix of fun facts, sad truths and yeah-she-just-went-there moments.', '/bvTyPBdS4tiJ4Nv2zPnT9kAjSoD.jpg');
INSERT INTO movie_genres (movie_id, genre_id) VALUES (459295, 35);
INSERT INTO movies (id, title, release_date, description, poster_path) VALUES (981, 'The Philadelphia Story', '1940-12-05', 'When a rich woman''s ex-husband and a tabloid-type reporter turn up just before her planned remarriage, she begins to learn the truth about herself.', '/dKUubjvxO78XDts6VP1Ggcp4R9O.jpg');
INSERT INTO movie_genres (movie_id, genre_id) VALUES (981, 35);
INSERT INTO movie_genres (movie_id, genre_id) VALUES (981, 10749);
INSERT INTO movies (id, title, release_date, description, poster_path) VALUES (11601, 'Stir of Echoes', '1999-09-10', 'After being hypnotized by his sister-in-law, Tom Witzky begins seeing haunting visions of a girl''s ghost and a mystery begins to unfold around her.', '/9CyJ5aYF27cITX1WSUTENeP4wBE.jpg');
INSERT INTO movie_genres (movie_id, genre_id) VALUES (11601, 27);
INSERT INTO movie_genres (movie_id, genre_id) VALUES (11601, 9648);
INSERT INTO movie_genres (movie_id, genre_id) VALUES (11601, 53);
INSERT INTO movies (id, title, release_date, description, poster_path) VALUES (254425, 'When the Bullet Hits the Bone', '1996-05-01', 'An emergency-room doctor declares war on street crime after linking drug traffic to the federal government.', '/l4MXRgqKbJcIlkEhMebnJjT9DNx.jpg');
INSERT INTO movie_genres (movie_id, genre_id) VALUES (254425, 28);
INSERT INTO movies (id, title, release_date, description, poster_path) VALUES (397514, 'The Windmill Massacre', '2016-08-29', 'Jennifer, an Australian girl on the run from her past, turns up in Amsterdam and, in a desperate attempt to blend in, joins a coach-load of tourists on a tour of Holland''s old windmills. When the bus breaks down in the middle of nowhere, she and the other tourists are forced to seek shelter in a disused shed beside a sinister windmill where a devil-worshiping miller once ground the bones of locals instead of grain. As members of the group start to disappear, Jennifer learns that they all have something in common – a shared secret that seems to mark them all for doom.', '/jlmbMnrzxkFaSa8UnHefY4tNuOp.jpg');
INSERT INTO movie_genres (movie_id, genre_id) VALUES (397514, 18);
INSERT INTO movie_genres (movie_id, genre_id) VALUES (397514, 27);
INSERT INTO movies (id, title, release_date, description, poster_path) VALUES (853088, 'Happier Than Ever: A Love Letter to Los Angeles', '2021-09-03', 'Fresh off the heels of her brand-new album, "Happier Than Ever," this cinematic concert experience features an intimate performance of every song in the album''s sequential order – for the first and only time – from the stage of the legendary Hollywood Bowl.', '/m0f9sDiwYlEtfhUWxc5F2ZW7wfq.jpg');
INSERT INTO movie_genres (movie_id, genre_id) VALUES (853088, 10402);
INSERT INTO movie_genres (movie_id, genre_id) VALUES (853088, 99);
INSERT INTO movies (id, title, release_date, description, poster_path) VALUES (110336, 'Blood of Dracula', '1957-11-01', 'A crazed teacher at a respectable girls'' school draws power from a medallion she has obtained from the Carpathian Mountains, and uses it to experiment telepathically on the school''s newest young pupil.', '/gcnOgLB2QXS44uzzGwhljx291zy.jpg');
INSERT INTO movie_genres (movie_id, genre_id) VALUES (110336, 27);
INSERT INTO movies (id, title, release_date, description, poster_path) VALUES (1228710, 'The Mandalorian and Grogu', '2026-05-20', 'The evil Empire has fallen, and Imperial warlords remain scattered throughout the galaxy. As the fledgling New Republic works to protect everything the Rebellion fought for, they have enlisted the help of legendary Mandalorian bounty hunter Din Djarin and his young apprentice Grogu.', '/qSWiY6KAvkapXJWeyNrmDGYWQwr.jpg');
INSERT INTO movie_genres (movie_id, genre_id) VALUES (1228710, 28);
INSERT INTO movie_genres (movie_id, genre_id) VALUES (1228710, 12);
INSERT INTO movie_genres (movie_id, genre_id) VALUES (1228710, 878);
INSERT INTO movies (id, title, release_date, description, poster_path) VALUES (80219, 'Homeless to Harvard: The Liz Murray Story', '2003-04-07', 'Based on a true story. Liz Murray is a young girl who is taken care of by her loving, but drug-addicted parents. Liz becomes homeless at 15 and after a tragedy comes upon her, she begins her work to finish high school.', '/oI6BivZQsKj5uZLsudJOke8rc1S.jpg');
INSERT INTO movie_genres (movie_id, genre_id) VALUES (80219, 18);
INSERT INTO movie_genres (movie_id, genre_id) VALUES (80219, 10770);
INSERT INTO movies (id, title, release_date, description, poster_path) VALUES (28178, 'Hachi: A Dog''s Tale', '2009-06-08', 'A drama based on the true story of a college professor''s bond with the abandoned dog he takes into his home.', '/lsy3aEsEfYIHdLRk4dontZ4s85h.jpg');
INSERT INTO movie_genres (movie_id, genre_id) VALUES (28178, 18);
INSERT INTO movie_genres (movie_id, genre_id) VALUES (28178, 10751);
INSERT INTO movies (id, title, release_date, description, poster_path) VALUES (628, 'Interview with the Vampire', '1994-11-11', 'A vampire relates his epic life story of love, betrayal, loneliness, and dark hunger to an over-curious reporter.', '/2162lAT2MP36MyJd2sttmj5du5T.jpg');
INSERT INTO movie_genres (movie_id, genre_id) VALUES (628, 27);
INSERT INTO movie_genres (movie_id, genre_id) VALUES (628, 18);
INSERT INTO movie_genres (movie_id, genre_id) VALUES (628, 14);
INSERT INTO movies (id, title, release_date, description, poster_path) VALUES (484889, 'Rise of the Footsoldier 3: The Pat Tate Story', '2017-11-03', 'Notorious gangster, Pat Tate, rises through the ranks of Essex''s criminal underworld. A prequel to the ''Rise of the Footsoldier'' franchise.', '/1LgOIQNpTfWKY3wizRrQ6CvNAXK.jpg');
INSERT INTO movie_genres (movie_id, genre_id) VALUES (484889, 28);
INSERT INTO movie_genres (movie_id, genre_id) VALUES (484889, 80);
INSERT INTO movie_genres (movie_id, genre_id) VALUES (484889, 18);
INSERT INTO movie_genres (movie_id, genre_id) VALUES (484889, 53);
INSERT INTO movies (id, title, release_date, description, poster_path) VALUES (448982, 'King Cohen: The Wild World of Filmmaker Larry Cohen', '2018-07-07', 'A feature-length documentary focusing on the acclaimed work and eclectic career of maverick filmmaker Larry Cohen, writer-director of "Black Caesar," "It''s Alive," "God Told Me To," "Q," "The Stuff," and many more.', '/7wMNzJcbidOX84YZMtS6ToqRE72.jpg');
INSERT INTO movie_genres (movie_id, genre_id) VALUES (448982, 99);
INSERT INTO movies (id, title, release_date, description, poster_path) VALUES (12237, 'Faces of Death', '1978-11-10', 'A collection of death scenes, ranging from TV-material to home-made super-8 movies. The common factor is death by some means.', '/fhHzqDrdHLqjawXLXoV3w4FDOUd.jpg');
INSERT INTO movie_genres (movie_id, genre_id) VALUES (12237, 27);
INSERT INTO movie_genres (movie_id, genre_id) VALUES (12237, 99);
INSERT INTO movies (id, title, release_date, description, poster_path) VALUES (1243186, 'Demise', '2024-02-27', 'After the ultimate betrayal by her husband, a woman gets a deadly taste for revenge in a tense and explosive tale of desire, obsession and vengeance.', '/3RFkqeMh0lsoBdlsHNmJ2I0uec8.jpg');
INSERT INTO movie_genres (movie_id, genre_id) VALUES (1243186, 53);
INSERT INTO movies (id, title, release_date, description, poster_path) VALUES (423, 'The Pianist', '2002-09-17', 'The true story of pianist Władysław Szpilman''s experiences in Warsaw during the Nazi occupation. When the Jews of the city find themselves forced into a ghetto, Szpilman finds work playing in a café; and when his family is deported in 1942, he stays behind, works for a while as a laborer, and eventually goes into hiding in the ruins of the war-torn city.', '/2hFvxCCWrTmCYwfy7yum0GKRi3Y.jpg');
INSERT INTO movie_genres (movie_id, genre_id) VALUES (423, 18);
INSERT INTO movie_genres (movie_id, genre_id) VALUES (423, 10752);
INSERT INTO movies (id, title, release_date, description, poster_path) VALUES (62764, 'Mirror Mirror', '2012-03-15', 'After she spends all her money, an evil enchantress queen schemes to marry a handsome, wealthy prince. There''s just one problem - he''s in love with a beautiful princess, Snow White. Now, joined by seven rebellious dwarves, Snow White launches an epic battle of good vs. evil...', '/pys6zIJN8Sxlk2Ss2GZuYuXPbtw.jpg');
INSERT INTO movie_genres (movie_id, genre_id) VALUES (62764, 12);
INSERT INTO movie_genres (movie_id, genre_id) VALUES (62764, 35);
INSERT INTO movie_genres (movie_id, genre_id) VALUES (62764, 10751);
INSERT INTO movie_genres (movie_id, genre_id) VALUES (62764, 14);
INSERT INTO movies (id, title, release_date, description, poster_path) VALUES (2312, 'In the Name of the King: A Dungeon Siege Tale', '2007-11-29', 'A man named Farmer sets out to rescue his kidnapped wife and avenge the death of his son – two acts committed by the Krugs, a race of animal-warriors who are controlled by the evil Gallian.', '/bbN1lmDk1PT0GsTFCy179sk5nIF.jpg');
INSERT INTO movie_genres (movie_id, genre_id) VALUES (2312, 12);
INSERT INTO movie_genres (movie_id, genre_id) VALUES (2312, 14);
INSERT INTO movie_genres (movie_id, genre_id) VALUES (2312, 28);
INSERT INTO movie_genres (movie_id, genre_id) VALUES (2312, 18);
INSERT INTO movies (id, title, release_date, description, poster_path) VALUES (172385, 'Rio 2', '2014-03-19', 'It''s a jungle out there for Blu, Jewel and their three kids after they''re hurtled from Rio de Janeiro to the wilds of the Amazon. As Blu tries to fit in, he goes beak-to-beak with the vengeful Nigel, and meets the most fearsome adversary of all: his father-in-law.', '/gVNTBrjxh2YRmQFjlaqrNbHVvrd.jpg');
INSERT INTO movie_genres (movie_id, genre_id) VALUES (172385, 16);
INSERT INTO movie_genres (movie_id, genre_id) VALUES (172385, 12);
INSERT INTO movie_genres (movie_id, genre_id) VALUES (172385, 35);
INSERT INTO movie_genres (movie_id, genre_id) VALUES (172385, 10751);
INSERT INTO movies (id, title, release_date, description, poster_path) VALUES (42622, 'Finian''s Rainbow', '1968-10-09', 'An Irish immigrant and his daughter arrive in Kentucky with a magical piece of gold that alters the course of several lives, including those of a struggling farmer and an African American community facing persecution from a bigoted politician.', '/7vPJBLw9GL0FlJXXTgZqWnwMzK9.jpg');
INSERT INTO movie_genres (movie_id, genre_id) VALUES (42622, 14);
INSERT INTO movie_genres (movie_id, genre_id) VALUES (42622, 10749);
INSERT INTO movie_genres (movie_id, genre_id) VALUES (42622, 10751);
INSERT INTO movies (id, title, release_date, description, poster_path) VALUES (44833, 'Battleship', '2012-04-11', 'When mankind beams a radio signal into space, a reply comes from ‘Planet G’, in the form of several alien crafts that splash down in the waters off Hawaii. Lieutenant Alex Hopper is a weapons officer assigned to the USS John Paul Jones, part of an international naval coalition which becomes the world''s last hope for survival as they engage the hostile alien force of unimaginable strength. While taking on the invaders, Hopper must also try to live up to the potential that his brother, and his fiancée''s father—an Admiral—expect of him.', '/9b0Im7SfedHiajTwzSL9zGyBI7M.jpg');
INSERT INTO movie_genres (movie_id, genre_id) VALUES (44833, 53);
INSERT INTO movie_genres (movie_id, genre_id) VALUES (44833, 28);
INSERT INTO movie_genres (movie_id, genre_id) VALUES (44833, 12);
INSERT INTO movie_genres (movie_id, genre_id) VALUES (44833, 878);
INSERT INTO movies (id, title, release_date, description, poster_path) VALUES (412117, 'The Secret Life of Pets 2', '2019-05-24', 'Max the terrier must cope with some major life changes when his owner gets married and has a baby. When the family takes a trip to the countryside, nervous Max has numerous run-ins with canine-intolerant cows, hostile foxes and a scary turkey. Luckily for Max, he soon catches a break when he meets Rooster, a gruff farm dog who tries to cure the lovable pooch of his neuroses.', '/s9xg4V5EDKiphgIksVJ9gewBM11.jpg');
INSERT INTO movie_genres (movie_id, genre_id) VALUES (412117, 10751);
INSERT INTO movie_genres (movie_id, genre_id) VALUES (412117, 35);
INSERT INTO movie_genres (movie_id, genre_id) VALUES (412117, 12);
INSERT INTO movie_genres (movie_id, genre_id) VALUES (412117, 16);
INSERT INTO movies (id, title, release_date, description, poster_path) VALUES (120467, 'The Grand Budapest Hotel', '2014-02-26', 'The Grand Budapest Hotel tells of a legendary concierge at a famous European hotel between the wars and his friendship with a young employee who becomes his trusted protégé. The story involves the theft and recovery of a priceless Renaissance painting, the battle for an enormous family fortune and the slow and then sudden upheavals that transformed Europe during the first half of the 20th century.', '/eWdyYQreja6JGCzqHWXpWHDrrPo.jpg');
INSERT INTO movie_genres (movie_id, genre_id) VALUES (120467, 35);
INSERT INTO movie_genres (movie_id, genre_id) VALUES (120467, 18);
INSERT INTO movies (id, title, release_date, description, poster_path) VALUES (643205, 'Between Waves', '2020-07-15', 'Professional photographer Jamie''s quantum physicist boyfriend Isaac has gone missing, and is presumed dead. Haunted by his disappearance while attempting to continue with life as normal, Jamie gets more and more wrapped up in figuring out exactly what happened, and is convinced that his disappearance has something to do with Isaac’s research into parallel dimensions. She continues to pursue him until she collides with a shattering revelation.', '/liBz6LyxUBChqLCrP7Bp86rq33V.jpg');
INSERT INTO movie_genres (movie_id, genre_id) VALUES (643205, 18);
INSERT INTO movie_genres (movie_id, genre_id) VALUES (643205, 10749);
INSERT INTO movie_genres (movie_id, genre_id) VALUES (643205, 878);
INSERT INTO movies (id, title, release_date, description, poster_path) VALUES (278924, 'Mechanic: Resurrection', '2016-08-25', 'Arthur Bishop thought he had put his murderous past behind him when his most formidable foe kidnaps the love of his life. Now he is forced to travel the globe to complete three impossible assassinations, and do what he does best, make them look like accidents.', '/x3xzd4i6M9vi5814x197zn86rd1.jpg');
INSERT INTO movie_genres (movie_id, genre_id) VALUES (278924, 28);
INSERT INTO movie_genres (movie_id, genre_id) VALUES (278924, 80);
INSERT INTO movie_genres (movie_id, genre_id) VALUES (278924, 53);
INSERT INTO movies (id, title, release_date, description, poster_path) VALUES (380, 'Rain Man', '1988-12-12', 'When car dealer Charlie Babbitt learns that his estranged father has died, he returns home to Cincinnati, where he discovers that he has a savant older brother named Raymond and that his father''s $3 million fortune is being left to the mental institution in which Raymond lives. Motivated by his father''s money, Charlie checks Raymond out of the facility in order to return with him to Los Angeles. The brothers'' cross-country trip ends up changing both their lives.', '/iTNHwO896WKkaoPtpMMS74d8VNi.jpg');
INSERT INTO movie_genres (movie_id, genre_id) VALUES (380, 18);
INSERT INTO movies (id, title, release_date, description, poster_path) VALUES (19908, 'Zombieland', '2009-10-02', 'Columbus has made a habit of running from what scares him. Tallahassee doesn''t have fears. If he did, he''d kick their ever-living ass. In a world overrun by zombies, these two are perfectly evolved survivors. But now, they''re about to stare down the most terrifying prospect of all: each other.', '/dUkAmAyPVqubSBNRjRqCgHggZcK.jpg');
INSERT INTO movie_genres (movie_id, genre_id) VALUES (19908, 35);
INSERT INTO movie_genres (movie_id, genre_id) VALUES (19908, 27);
INSERT INTO movies (id, title, release_date, description, poster_path) VALUES (258509, 'Alvin and the Chipmunks: The Road Chip', '2015-12-17', 'Through a series of misunderstandings, Alvin, Simon and Theodore come to believe that Dave is going to propose to his new girlfriend in New York City - and dump them. They have three days to get to him and stop the proposal.', '/16OcuuW5z509WILR6BmscNdXgw0.jpg');
INSERT INTO movie_genres (movie_id, genre_id) VALUES (258509, 10751);
INSERT INTO movie_genres (movie_id, genre_id) VALUES (258509, 35);
INSERT INTO movie_genres (movie_id, genre_id) VALUES (258509, 10402);
INSERT INTO movie_genres (movie_id, genre_id) VALUES (258509, 12);
INSERT INTO movie_genres (movie_id, genre_id) VALUES (258509, 16);
INSERT INTO movies (id, title, release_date, description, poster_path) VALUES (1137205, 'Last Straw', '2024-09-20', 'A rural roadside diner becomes the host of a maniacal killing spree – leaving a young waitress to clean up the mess. After hard-headed Nancy fires the staff at her dad’s diner, she decides to cover the last shift of the night by herself. Little does she know, she is far from alone. The day is coming back to haunt her and when things begin to spiral out of control, she must fight for her life over the course of one long night.', '/hgpUvybRQzRK6UagoHNQRrO8sUg.jpg');
INSERT INTO movie_genres (movie_id, genre_id) VALUES (1137205, 27);
INSERT INTO movie_genres (movie_id, genre_id) VALUES (1137205, 18);
INSERT INTO movie_genres (movie_id, genre_id) VALUES (1137205, 53);
INSERT INTO movies (id, title, release_date, description, poster_path) VALUES (1372028, 'Christmas in the Spotlight', '2024-11-23', 'A pop star named Bowyn hasn’t found Mr. Right, until she meets Drew, a professional football player, backstage at one of her shows. When Drew publicly declares he has a crush on Bowyn, they decide to give dating a shot. Their feelings grow stronger, but can it last in the limelight?', '/2NlflOUyy1Iae3i6x7q6Jr1tNzm.jpg');
INSERT INTO movie_genres (movie_id, genre_id) VALUES (1372028, 10749);
INSERT INTO movies (id, title, release_date, description, poster_path) VALUES (722607, 'Truth to Power', '2020-04-15', 'The Grammy-winning lead singer of System of a Down, Serj Tankian helps to awaken a political revolution on the other side of the world, inspiring Armenia''s struggle for democracy through his music and message.', '/y1BO0Io8sGbSg8mXWSZ4h5WHkl.jpg');
INSERT INTO movie_genres (movie_id, genre_id) VALUES (722607, 99);
INSERT INTO movies (id, title, release_date, description, poster_path) VALUES (13207, 'Friday the 13th', '2009-02-11', 'A group of young adults visit a boarded up campsite named Crystal Lake where they soon encounter the mysterious Jason Voorhees and his deadly intentions.', '/88wlJ4teYlck4hJ2bnlxBrAVh0m.jpg');
INSERT INTO movie_genres (movie_id, genre_id) VALUES (13207, 27);
INSERT INTO movie_genres (movie_id, genre_id) VALUES (13207, 53);
INSERT INTO movies (id, title, release_date, description, poster_path) VALUES (1147203, 'Billion Dollar Heist', '2023-08-05', 'Global, dynamic, and eye-opening, this is story of the most daring cyber heist of all time, the Bangladeshi Central Bank theft, tracing the origins of cyber-crime from basic credit card fraud to the wildly complex criminal organisations in existence today, supported by commentary and fascinating insight from highly regarded cyber security experts.', '/7QGQWVvIRwP1tLaSzQoRUZVp7HA.jpg');
INSERT INTO movie_genres (movie_id, genre_id) VALUES (1147203, 99);
INSERT INTO movies (id, title, release_date, description, poster_path) VALUES (345938, 'The Shack', '2017-03-03', 'A grieving man receives a mysterious, personal invitation to meet with God at a place called ''The Shack''.', '/doAzav9kfdtsoSdw1MDFvjKq3J4.jpg');
INSERT INTO movie_genres (movie_id, genre_id) VALUES (345938, 18);
INSERT INTO movie_genres (movie_id, genre_id) VALUES (345938, 10751);
INSERT INTO movies (id, title, release_date, description, poster_path) VALUES (41639, 'Magic & Bird: A Courtship of Rivals', '2010-03-10', 'An exploration of the fierce rivalry between NBA superstars Larry Bird and Magic Johnson during their decade of dominance.', '/yIsR4khvfEFHaDmP9hSgpq4aJIv.jpg');
INSERT INTO movie_genres (movie_id, genre_id) VALUES (41639, 99);
INSERT INTO movie_genres (movie_id, genre_id) VALUES (41639, 18);
INSERT INTO movies (id, title, release_date, description, poster_path) VALUES (676, 'Pearl Harbor', '2001-05-21', 'The lifelong friendship between Rafe McCawley and Danny Walker is put to the ultimate test when the two ace fighter pilots become entangled in a love triangle with beautiful Naval nurse Evelyn Johnson. But the rivalry between the friends-turned-foes is immediately put on hold when they find themselves at the center of Japan''s devastating attack on Pearl Harbor on Dec. 7, 1941.', '/y8A0Cvp8WQmZ3bjbnsL53lY0dsC.jpg');
INSERT INTO movie_genres (movie_id, genre_id) VALUES (676, 10752);
INSERT INTO movie_genres (movie_id, genre_id) VALUES (676, 10749);
INSERT INTO movie_genres (movie_id, genre_id) VALUES (676, 36);
INSERT INTO movie_genres (movie_id, genre_id) VALUES (676, 28);
INSERT INTO movies (id, title, release_date, description, poster_path) VALUES (526896, 'Morbius', '2022-03-30', 'Dangerously ill with a rare blood disorder, and determined to save others suffering his same fate, Dr. Michael Morbius attempts a desperate gamble. What at first appears to be a radical success soon reveals itself to be a remedy potentially worse than the disease.', '/6JjfSchsU6daXk2AKX8EEBjO3Fm.jpg');
INSERT INTO movie_genres (movie_id, genre_id) VALUES (526896, 28);
INSERT INTO movie_genres (movie_id, genre_id) VALUES (526896, 878);
INSERT INTO movie_genres (movie_id, genre_id) VALUES (526896, 14);
INSERT INTO movies (id, title, release_date, description, poster_path) VALUES (1219620, 'All That''s Left of You', '2025-09-25', 'In the Occupied West Bank of the 1980s, a Palestinian teenager is swept into a protest that changes the course of his family''s life. Reeling from its aftermath, his mother, Hanan, shares the story that led them to that fateful moment. Spanning seven decades, this epic drama traces the hopes and heartaches of one uprooted family, revealing not only the scars of displacement, but the unbreakable spirit of survival.', '/8OTAu88K9r9wqlLXux1mbnHmyPF.jpg');
INSERT INTO movie_genres (movie_id, genre_id) VALUES (1219620, 18);
INSERT INTO movies (id, title, release_date, description, poster_path) VALUES (22794, 'Cloudy with a Chance of Meatballs', '2009-09-17', 'Inventor Flint Lockwood creates a machine that makes clouds rain food, enabling the down-and-out citizens of Chewandswallow to feed themselves. But when the falling food reaches gargantuan proportions, Flint must scramble to avert disaster. Can he regain control of the machine and put an end to the wild weather before the town is destroyed?', '/qhOhIKf7QEyQ5dMrRUqs5eTX1Oq.jpg');
INSERT INTO movie_genres (movie_id, genre_id) VALUES (22794, 16);
INSERT INTO movie_genres (movie_id, genre_id) VALUES (22794, 35);
INSERT INTO movie_genres (movie_id, genre_id) VALUES (22794, 10751);
INSERT INTO movies (id, title, release_date, description, poster_path) VALUES (846507, 'Day of Destiny', '2021-10-30', 'The thrilling adventure of Chidi and Rotimi, teenagers who get a magical chance to travel back in time and change their broke parents'' past.', '/sv4XZgvQcZPn9ArOhSFNOKHd0M.jpg');
INSERT INTO movie_genres (movie_id, genre_id) VALUES (846507, 878);
INSERT INTO movie_genres (movie_id, genre_id) VALUES (846507, 35);
INSERT INTO movies (id, title, release_date, description, poster_path) VALUES (435107, 'A Royal Winter', '2017-01-14', 'While on a last-minute European holiday, a young woman finds herself in the middle of a real-life fairy tale when a chance meeting with a handsome local leads to something more. However, things get complicated when she learns that the "local" is actually a prince who is about to be crowned King, and whose mother is dead-set against her royal son''s romance with the tourist.', '/lxeJQe4lcW8AzDrRjzixOrlmihv.jpg');
INSERT INTO movie_genres (movie_id, genre_id) VALUES (435107, 10770);
INSERT INTO movie_genres (movie_id, genre_id) VALUES (435107, 10749);
INSERT INTO movies (id, title, release_date, description, poster_path) VALUES (1108566, 'Killer Heat', '2024-09-25', 'An expat PI is hired to investigate a suspicious death in Crete, Greece, where jealousies run deep amongst the victim''s powerful family.', '/WiAEiqelck0NGWplhL5JQR12eg.jpg');
INSERT INTO movie_genres (movie_id, genre_id) VALUES (1108566, 80);
INSERT INTO movie_genres (movie_id, genre_id) VALUES (1108566, 18);
INSERT INTO movie_genres (movie_id, genre_id) VALUES (1108566, 10749);
INSERT INTO movies (id, title, release_date, description, poster_path) VALUES (792, 'Platoon', '1986-12-19', 'As a young and naive recruit in Vietnam, Chris Taylor faces a moral crisis when confronted with the horrors of war and the duality of man.', '/m3mmFkPQKvPZq5exmh0bDuXlD9T.jpg');
INSERT INTO movie_genres (movie_id, genre_id) VALUES (792, 18);
INSERT INTO movie_genres (movie_id, genre_id) VALUES (792, 10752);
INSERT INTO movie_genres (movie_id, genre_id) VALUES (792, 28);
INSERT INTO movies (id, title, release_date, description, poster_path) VALUES (87, 'Indiana Jones and the Temple of Doom', '1984-05-23', 'After arriving in India, Indiana Jones is asked by a desperate village to find a mystical stone. He agrees – and stumbles upon a secret cult plotting a terrible plan in the catacombs of an ancient palace.', '/gpdVNUaa4LhRMLfJOPj1AZdhAZ3.jpg');
INSERT INTO movie_genres (movie_id, genre_id) VALUES (87, 12);
INSERT INTO movie_genres (movie_id, genre_id) VALUES (87, 28);
INSERT INTO movies (id, title, release_date, description, poster_path) VALUES (40662, 'Batman: Under the Red Hood', '2010-07-27', 'One part vigilante, one part criminal kingpin, Red Hood begins cleaning up Gotham with the efficiency of Batman, but without following the same ethical code.', '/7lmHqHg1rG9b4U8MjuyQjmJ7Qm0.jpg');
INSERT INTO movie_genres (movie_id, genre_id) VALUES (40662, 9648);
INSERT INTO movie_genres (movie_id, genre_id) VALUES (40662, 80);
INSERT INTO movie_genres (movie_id, genre_id) VALUES (40662, 16);
INSERT INTO movies (id, title, release_date, description, poster_path) VALUES (732670, 'LEGO Star Wars Holiday Special', '2020-11-17', 'As her friends prep for a Life Day holiday celebration, Rey journeys with BB-8 on a quest to gain a deeper knowledge of the Force at a mysterious Jedi Temple. There, she embarks on a cross-timeline adventure through beloved moments in Star Wars history, coming into contact with iconic heroes and villains from all eras of the saga. But will she make it back in time for the Life Day feast?', '/zyzJSI7UZZzz5Toj10rYGF5689z.jpg');
INSERT INTO movie_genres (movie_id, genre_id) VALUES (732670, 16);
INSERT INTO movie_genres (movie_id, genre_id) VALUES (732670, 10751);
INSERT INTO movie_genres (movie_id, genre_id) VALUES (732670, 878);
INSERT INTO movie_genres (movie_id, genre_id) VALUES (732670, 12);
INSERT INTO movie_genres (movie_id, genre_id) VALUES (732670, 35);
INSERT INTO movie_genres (movie_id, genre_id) VALUES (732670, 10770);
INSERT INTO movies (id, title, release_date, description, poster_path) VALUES (17539, 'Billy''s Hollywood Screen Kiss', '1998-07-24', 'Billy Collier is a photographer working on a series of pictures featuring recreations of movie kisses, with drag queens playing the female roles. For his male model, he hires Gabriel, a young waiter on whom he has developed a serious crush. While Billy is openly gay, Gabriel says that he is straight and even claims to have a girlfriend. However, as they spend more time together and grow closer, Billy becomes increasingly unsure that this is true.', '/dUj3KciCFdOPnyavPzhYbbpIHv5.jpg');
INSERT INTO movie_genres (movie_id, genre_id) VALUES (17539, 35);
INSERT INTO movie_genres (movie_id, genre_id) VALUES (17539, 10749);
INSERT INTO movies (id, title, release_date, description, poster_path) VALUES (4975, 'Love Is the Devil: Study for a Portrait of Francis Bacon', '1998-09-16', 'In the 1960s, British painter Francis Bacon surprises a burglar and invites him to share his bed. The burglar, a working class man named George Dyer, accepts. After the unique beginning to their love affair, the well-connected and volatile artist assimilates Dyer into his circle of eccentric friends, as Dyer''s struggle with addiction strains their bond.', '/5zPTMTbYPhXXzAo5UQkeSpcmSMl.jpg');
INSERT INTO movie_genres (movie_id, genre_id) VALUES (4975, 18);
INSERT INTO movies (id, title, release_date, description, poster_path) VALUES (8920, 'Garfield', '2004-06-10', 'Garfield, the fat, lazy, lasagna lover, has everything a cat could want. But when Jon, in an effort to impress the Liz - the vet and an old high-school crush - adopts a dog named Odie and brings him home, Garfield gets the one thing he doesn''t want. Competition.', '/vqwTSWNLyH55g8kBT61s2DgNYEp.jpg');
INSERT INTO movie_genres (movie_id, genre_id) VALUES (8920, 35);
INSERT INTO movie_genres (movie_id, genre_id) VALUES (8920, 10751);
INSERT INTO movies (id, title, release_date, description, poster_path) VALUES (13888, 'Return to the Blue Lagoon', '1991-08-02', 'In this sequel to the 1980 classic, two children are stranded on a beautiful island in the South Pacific. With no adults to guide them, the two make a simple life together and eventually become tanned teenagers in love.', '/jhUTLuPgc3Qcvr5xtji8oiWSfYy.jpg');
INSERT INTO movie_genres (movie_id, genre_id) VALUES (13888, 12);
INSERT INTO movie_genres (movie_id, genre_id) VALUES (13888, 18);
INSERT INTO movies (id, title, release_date, description, poster_path) VALUES (254470, 'Pitch Perfect 2', '2015-05-07', 'The Bellas are back, and they are better than ever. After being humiliated in front of none other than the President of the United States of America, the Bellas are taken out of the Aca-Circuit. In order to clear their name, and regain their status, the Bellas take on a seemingly impossible task: winning an international competition no American team has ever won. In order to accomplish this monumental task, they need to strengthen the bonds of friendship and sisterhood and blow away the competition with their amazing aca-magic! With all new friends and old rivals tagging along for the trip, the Bellas can hopefully accomplish their dreams.', '/oFBQUufCV4c8WZoNhtGM17p884H.jpg');
INSERT INTO movie_genres (movie_id, genre_id) VALUES (254470, 35);
INSERT INTO movie_genres (movie_id, genre_id) VALUES (254470, 10402);
INSERT INTO movies (id, title, release_date, description, poster_path) VALUES (678512, 'Sound of Freedom', '2023-07-03', 'The story of Tim Ballard, a former US government agent, who quits his job in order to devote his life to rescuing children from global sex traffickers.', '/qA5kPYZA7FkVvqcEfJRoOy4kpHg.jpg');
INSERT INTO movie_genres (movie_id, genre_id) VALUES (678512, 28);
INSERT INTO movie_genres (movie_id, genre_id) VALUES (678512, 18);
INSERT INTO movies (id, title, release_date, description, poster_path) VALUES (64682, 'The Great Gatsby', '2013-05-09', 'An adaptation of F. Scott Fitzgerald''s Long Island-set novel, where Midwesterner Nick Carraway is lured into the lavish world of his neighbor, Jay Gatsby. Soon enough, however, Carraway will see through the cracks of Gatsby''s nouveau riche existence, where obsession, madness, and tragedy await.', '/nimh1rrDDLhgpG8XAYoUZXHYwb6.jpg');
INSERT INTO movie_genres (movie_id, genre_id) VALUES (64682, 18);
INSERT INTO movie_genres (movie_id, genre_id) VALUES (64682, 10749);
INSERT INTO movies (id, title, release_date, description, poster_path) VALUES (844819, 'A Christmas to Savour', '2021-11-26', 'Scarlett is a chef and co-owner of a restaurant. This year, her best friend buys her a ticket to a holiday cooking getaway, where Scarlett will relearn festive cooking, and maybe find love in a handsome rival chef from her past.', '/4NHLI6kie4lJQoR9u5jMT1PX5Df.jpg');
INSERT INTO movie_genres (movie_id, genre_id) VALUES (844819, 10770);
INSERT INTO movie_genres (movie_id, genre_id) VALUES (844819, 35);
INSERT INTO movie_genres (movie_id, genre_id) VALUES (844819, 10749);
INSERT INTO movies (id, title, release_date, description, poster_path) VALUES (74997, 'The Human Centipede 2 (Full Sequence)', '2011-10-06', 'Inspired by the fictional Dr. Heiter, disturbed loner Martin dreams of creating a 12-person centipede and sets out to realize his sick fantasy.', '/gMGDqPParsbPRtSbVZ2pNLmdXz1.jpg');
INSERT INTO movie_genres (movie_id, genre_id) VALUES (74997, 18);
INSERT INTO movie_genres (movie_id, genre_id) VALUES (74997, 27);
INSERT INTO movie_genres (movie_id, genre_id) VALUES (74997, 80);
INSERT INTO movies (id, title, release_date, description, poster_path) VALUES (9340, 'The Goonies', '1985-06-07', 'Young teen Mikey Walsh and his friends set off on a quest to find Pirate One-Eyed Willie''s treasure in hopes of saving their homes from demolition.', '/eBU7gCjTCj9n2LTxvCSIXXOvHkD.jpg');
INSERT INTO movie_genres (movie_id, genre_id) VALUES (9340, 12);
INSERT INTO movie_genres (movie_id, genre_id) VALUES (9340, 35);
INSERT INTO movie_genres (movie_id, genre_id) VALUES (9340, 10751);
INSERT INTO movies (id, title, release_date, description, poster_path) VALUES (276907, 'Legend', '2015-09-09', 'Suave, charming and volatile, Reggie Kray and his unstable twin brother Ronnie start to leave their mark on the London underworld in the 1960s. Using violence to get what they want, the siblings orchestrate robberies and murders while running nightclubs and protection rackets. With police Detective Leonard "Nipper" Read hot on their heels, the brothers continue their rapid rise to power and achieve tabloid notoriety.', '/4shf5Alq4KWCKqrAAQe0JGJHYp5.jpg');
INSERT INTO movie_genres (movie_id, genre_id) VALUES (276907, 80);
INSERT INTO movie_genres (movie_id, genre_id) VALUES (276907, 53);
INSERT INTO movies (id, title, release_date, description, poster_path) VALUES (744275, 'After We Fell', '2021-09-01', 'Just as Tessa''s life begins to become unglued, nothing is what she thought it would be. Not her friends nor her family. The only person that she should be able to rely on is Hardin, who is furious when he discovers the massive secret that she''s been keeping. Before Tessa makes the biggest decision of her life, everything changes because of revelations about her family.', '/dU4HfnTEJDf9KvxGS9hgO7BVeju.jpg');
INSERT INTO movie_genres (movie_id, genre_id) VALUES (744275, 10749);
INSERT INTO movie_genres (movie_id, genre_id) VALUES (744275, 18);
INSERT INTO movies (id, title, release_date, description, poster_path) VALUES (13179, 'Tinker Bell', '2008-09-11', 'Journey into the secret world of Pixie Hollow and hear Tinker Bell speak for the very first time as the astonishing story of Disney''s most famous fairy is finally revealed in the all-new motion picture "Tinker Bell."', '/3Ma0r1n8kfH7UaQMS7bJ9KsYUjT.jpg');
INSERT INTO movie_genres (movie_id, genre_id) VALUES (13179, 16);
INSERT INTO movie_genres (movie_id, genre_id) VALUES (13179, 10751);
INSERT INTO movie_genres (movie_id, genre_id) VALUES (13179, 12);
INSERT INTO movie_genres (movie_id, genre_id) VALUES (13179, 14);
INSERT INTO movies (id, title, release_date, description, poster_path) VALUES (129338, 'Narcotics: Pit of Despair', '1967-12-31', 'An educational film from 1967 designed to scare teenagers away from illegal drugs', '/vQOscWRnFJldUSR90zHIq0t7Ryx.jpg');
INSERT INTO movies (id, title, release_date, description, poster_path) VALUES (1407861, 'The Bayou', '2025-01-31', 'Vacation turns disaster when Houston grad Kyle and her friends survive a plane crash in the desolate Louisiana everglades, only to discover there''s something way more dangerous lurking in the shallows.', '/sf6j1SbgDf7VTjL1MRq5MAQSOyE.jpg');
INSERT INTO movie_genres (movie_id, genre_id) VALUES (1407861, 53);
INSERT INTO movie_genres (movie_id, genre_id) VALUES (1407861, 27);
INSERT INTO movie_genres (movie_id, genre_id) VALUES (1407861, 28);
INSERT INTO movies (id, title, release_date, description, poster_path) VALUES (9378, 'Thir13en Ghosts', '2001-10-26', 'Arthur and his two children inherit his uncle''s estate: a glass house that serves as a prison to twelve ghosts. When the family, accompanied by a nanny and an attorney, enter the house they find themselves trapped inside an evil machine ''designed by the Devil and powered by the dead'' to open the Eye of Hell. Aided by a ghost hunter and his rival, a ghost rights activist out to set the ghosts free, the group must do what they can to get out of the house alive.', '/6yrrddjIjx0ElCRZp5pTZeqrj3k.jpg');
INSERT INTO movie_genres (movie_id, genre_id) VALUES (9378, 27);
INSERT INTO movie_genres (movie_id, genre_id) VALUES (9378, 53);
INSERT INTO movies (id, title, release_date, description, poster_path) VALUES (44986, 'The Great Ecstasy of Robert Carmichael', '2005-08-14', 'In a small English coastal town, three teenage boys are drawn into a world of temptation and violence. Bored, troubled and excluded, the boys are unable to accept or even recognise moral boundaries. Their actions move inexorably towards a truly shocking act, that will horrify their sleepy community and expose its deepest, hidden fears.', '/3qz9JYEl9hs0YRxiQJ0VFO9Yqqv.jpg');
INSERT INTO movie_genres (movie_id, genre_id) VALUES (44986, 80);
INSERT INTO movie_genres (movie_id, genre_id) VALUES (44986, 18);
INSERT INTO movies (id, title, release_date, description, poster_path) VALUES (534, 'Terminator Salvation', '2009-05-20', 'All grown up in post-apocalyptic 2018, John Connor must lead the resistance of humans against the increasingly dominating militaristic robots. But when Marcus Wright appears, his existence confuses the mission as Connor tries to determine whether Wright has come from the future or the past -- and whether he''s friend or foe.', '/gw6JhlekZgtKUFlDTezq3j5JEPK.jpg');
INSERT INTO movie_genres (movie_id, genre_id) VALUES (534, 28);
INSERT INTO movie_genres (movie_id, genre_id) VALUES (534, 878);
INSERT INTO movie_genres (movie_id, genre_id) VALUES (534, 53);
INSERT INTO movies (id, title, release_date, description, poster_path) VALUES (385128, 'F9', '2021-05-19', 'Dominic Toretto and his crew battle the most skilled assassin and high-performance driver they''ve ever encountered: his forsaken brother.', '/deEmLILTPejEb6OGsXRJ5MCvyDW.jpg');
INSERT INTO movie_genres (movie_id, genre_id) VALUES (385128, 28);
INSERT INTO movie_genres (movie_id, genre_id) VALUES (385128, 12);
INSERT INTO movie_genres (movie_id, genre_id) VALUES (385128, 80);
INSERT INTO movies (id, title, release_date, description, poster_path) VALUES (445651, 'The Darkest Minds', '2018-07-25', 'After a disease kills 98% of America''s children, the surviving 2% develop superpowers and are placed in internment camps. A 16-year-old girl escapes her camp and joins a group of other teens on the run from the government.', '/8NdQneXBYVbBKt81bFhXiyThe0h.jpg');
INSERT INTO movie_genres (movie_id, genre_id) VALUES (445651, 28);
INSERT INTO movie_genres (movie_id, genre_id) VALUES (445651, 12);
INSERT INTO movie_genres (movie_id, genre_id) VALUES (445651, 18);
INSERT INTO movies (id, title, release_date, description, poster_path) VALUES (1487, 'Hellboy', '2004-04-02', 'In the final days of World War II, the Nazis attempt to use black magic to aid their dying cause. The Allies raid the camp where the ceremony is taking place, but not before they summon a baby demon who is rescued by Allied forces and dubbed "Hellboy". Sixty years later, Hellboy serves the cause of good rather than evil as an agent in the Bureau of Paranormal Research & Defense, along with Abe Sapien - a merman with psychic powers, and Liz Sherman - a woman with pyrokinesis, protecting America against dark forces.', '/21hS8mD8uxBVvf8xVYR30LbbmPO.jpg');
INSERT INTO movie_genres (movie_id, genre_id) VALUES (1487, 14);
INSERT INTO movie_genres (movie_id, genre_id) VALUES (1487, 28);
INSERT INTO movies (id, title, release_date, description, poster_path) VALUES (399566, 'Godzilla vs. Kong', '2021-03-24', 'In a time when monsters walk the Earth, humanity’s fight for its future sets Godzilla and Kong on a collision course that will see the two most powerful forces of nature on the planet collide in a spectacular battle for the ages.', '/pgqgaUx1cJb5oZQQ5v0tNARCeBp.jpg');
INSERT INTO movie_genres (movie_id, genre_id) VALUES (399566, 28);
INSERT INTO movie_genres (movie_id, genre_id) VALUES (399566, 878);
INSERT INTO movie_genres (movie_id, genre_id) VALUES (399566, 12);
INSERT INTO movies (id, title, release_date, description, poster_path) VALUES (29993, 'Samson and Delilah', '1949-12-21', 'When strongman Samson rejects the love of the beautiful Philistine woman Delilah, she seeks vengeance that brings horrible consequences they both regret.', '/iNb2KMv056vpCJycqFp5Xbpw61Z.jpg');
INSERT INTO movie_genres (movie_id, genre_id) VALUES (29993, 10749);
INSERT INTO movie_genres (movie_id, genre_id) VALUES (29993, 18);
INSERT INTO movie_genres (movie_id, genre_id) VALUES (29993, 36);
INSERT INTO movies (id, title, release_date, description, poster_path) VALUES (11888, 'Snow Dogs', '2002-01-18', 'When a Miami dentist inherits a team of sled dogs, he''s got to learn the trade or lose his pack to a crusty mountain man.', '/8DDC6z1XyLSiNLzKw1pXcYeAOJ3.jpg');
INSERT INTO movie_genres (movie_id, genre_id) VALUES (11888, 35);
INSERT INTO movie_genres (movie_id, genre_id) VALUES (11888, 10751);
INSERT INTO movie_genres (movie_id, genre_id) VALUES (11888, 12);
INSERT INTO movies (id, title, release_date, description, poster_path) VALUES (1185743, 'Renaissance: A Film by Beyoncé', '2023-12-01', 'Accentuates the journey of Renaissance World Tour, from its inception, to the opening in Stockholm, Sweden, to the finale in Kansas City, Missouri. It is about Beyoncé’s intention, hard work, involvement in every aspect of the production, her creative mind and purpose to create her legacy, and master her craft. Received with extraordinary acclaim, Beyoncé’s Renaissance World Tour created a sanctuary for freedom, and shared joy, for more than 2.7 million fans.', '/6sVB5xuQq9njHK455JdwgN8Tx07.jpg');
INSERT INTO movie_genres (movie_id, genre_id) VALUES (1185743, 10402);
INSERT INTO movie_genres (movie_id, genre_id) VALUES (1185743, 99);
INSERT INTO movies (id, title, release_date, description, poster_path) VALUES (301872, 'Saul: The Journey to Damascus', '2014-04-01', 'Known as Saul the Butcher, the stoning of Stephen was said to have shattered Saul''s faith in the Temple and its denial of Christ as the Messiah. His conversion to Christianity and baptism as Paul changed the history of the world.', '/zFrFDON0Sy1GJB89dxv9TJwnU4p.jpg');
INSERT INTO movie_genres (movie_id, genre_id) VALUES (301872, 18);
INSERT INTO movies (id, title, release_date, description, poster_path) VALUES (592983, 'Spellbound', '2024-11-22', 'When a powerful spell turns her parents into giant monsters, a teenage princess must journey into the wild to reverse the curse before it''s too late.', '/4dSrwXJNKtMtlkwJPgZMkjjuHvD.jpg');
INSERT INTO movie_genres (movie_id, genre_id) VALUES (592983, 16);
INSERT INTO movie_genres (movie_id, genre_id) VALUES (592983, 14);
INSERT INTO movie_genres (movie_id, genre_id) VALUES (592983, 10751);
INSERT INTO movie_genres (movie_id, genre_id) VALUES (592983, 12);
INSERT INTO movie_genres (movie_id, genre_id) VALUES (592983, 35);
INSERT INTO movies (id, title, release_date, description, poster_path) VALUES (11679, 'xXx: State of the Union', '2005-04-27', 'Darius Stone''s criminal record and extreme sports obsession make him the perfect candidate to be the newest XXX agent. He must save the U.S. government from a deadly conspiracy led by five-star general and Secretary of Defense George Deckert.', '/9Bmvsv11yf4eIHRePul7sFO1Oh.jpg');
INSERT INTO movie_genres (movie_id, genre_id) VALUES (11679, 28);
INSERT INTO movie_genres (movie_id, genre_id) VALUES (11679, 12);
INSERT INTO movie_genres (movie_id, genre_id) VALUES (11679, 80);
INSERT INTO movie_genres (movie_id, genre_id) VALUES (11679, 53);
INSERT INTO movies (id, title, release_date, description, poster_path) VALUES (1267905, 'The Roses', '2025-08-27', 'Life seems easy for picture-perfect couple Ivy and Theo: successful careers, a loving marriage, great kids. But beneath the façade of their supposed ideal life, a storm is brewing – as Theo''s career nosedives while Ivy''s own ambitions take off, a tinderbox of fierce competition and hidden resentment ignites.', '/98n5HnCJ5LnXKIMNP9SBfVNyxCE.jpg');
INSERT INTO movie_genres (movie_id, genre_id) VALUES (1267905, 35);
INSERT INTO movie_genres (movie_id, genre_id) VALUES (1267905, 18);
INSERT INTO movie_genres (movie_id, genre_id) VALUES (1267905, 10749);
INSERT INTO movies (id, title, release_date, description, poster_path) VALUES (1578, 'Raging Bull', '1980-11-14', 'The life of boxer Jake LaMotta, whose violence and temper that led him to the top in the ring destroyed his life outside of it.', '/1WV7WlTS8LI1L5NkCgjWT9GSW3O.jpg');
INSERT INTO movie_genres (movie_id, genre_id) VALUES (1578, 18);
INSERT INTO movies (id, title, release_date, description, poster_path) VALUES (1089, 'Point Break', '1991-07-12', 'In Los Angeles, a gang of bank robbers who call themselves The Ex-Presidents commit their crimes while wearing masks of Reagan, Carter, Nixon and Johnson. Believing that the members of the gang could be surfers, the F.B.I. sends young agent Johnny Utah to the beach undercover to mix with the surfers and gather information.', '/tlbERIghrQ4oofqlbF7H0K0EYnx.jpg');
INSERT INTO movie_genres (movie_id, genre_id) VALUES (1089, 28);
INSERT INTO movie_genres (movie_id, genre_id) VALUES (1089, 53);
INSERT INTO movie_genres (movie_id, genre_id) VALUES (1089, 80);
INSERT INTO movies (id, title, release_date, description, poster_path) VALUES (135908, 'Mickey''s Steam Roller', '1934-06-16', 'While streetworker Mickey romances Minnie, Mickey''s nephews Morty and Ferdie take control of his steamroller and it''s full speed ahead on a very destructive ride.', '/zmQXEyLQsz5aGUm6tmQY9mCnItM.jpg');
INSERT INTO movie_genres (movie_id, genre_id) VALUES (135908, 16);
INSERT INTO movie_genres (movie_id, genre_id) VALUES (135908, 35);
INSERT INTO movies (id, title, release_date, description, poster_path) VALUES (3981, 'What Women Want', '2000-12-15', 'Advertising executive Nick Marshall is as cocky as they come, but what happens to a chauvinistic guy when he can suddenly hear what women are thinking? Nick gets passed over for a promotion, but after an accident enables him to hear women''s thoughts, he puts his newfound talent to work against Darcy, his new boss, who seems to be infatuated with him.', '/eqkBEMDk1316Yx5wVoabWY07JAi.jpg');
INSERT INTO movie_genres (movie_id, genre_id) VALUES (3981, 35);
INSERT INTO movie_genres (movie_id, genre_id) VALUES (3981, 10749);
INSERT INTO movies (id, title, release_date, description, poster_path) VALUES (39563, 'The Eclipse', '2009-04-24', 'Michael is a widower who is struggling to adjust to his new role as the sole caretaker of his two children. Still reeling from the death of his wife, he has been plagued by terrifying apparitions. When he volunteers at a local literary festival, he finds himself drawn to Lena, an empathetic author of supernatural fiction. While Lena tries to help Michael with the mystery of his nightmarish visions, she must contend with problems of her own, as she’s being jealously pursued by self-obsessed novelist Nicholas, her one-time lover. As the festival progresses, the three adults’ lives converge and collide.', '/96ma6Hn8aW3FbHoaDzHiRflCHls.jpg');
INSERT INTO movie_genres (movie_id, genre_id) VALUES (39563, 18);
INSERT INTO movie_genres (movie_id, genre_id) VALUES (39563, 27);
INSERT INTO movies (id, title, release_date, description, poster_path) VALUES (420809, 'Maleficent: Mistress of Evil', '2019-10-16', 'Maleficent and her goddaughter Aurora begin to question the complex family ties that bind them as they are pulled in different directions by impending nuptials, unexpected allies, and dark new forces at play.', '/vloNTScJ3w7jwNwtNGoG8DbTThv.jpg');
INSERT INTO movie_genres (movie_id, genre_id) VALUES (420809, 10751);
INSERT INTO movie_genres (movie_id, genre_id) VALUES (420809, 14);
INSERT INTO movie_genres (movie_id, genre_id) VALUES (420809, 12);
INSERT INTO movie_genres (movie_id, genre_id) VALUES (420809, 28);
INSERT INTO movies (id, title, release_date, description, poster_path) VALUES (887, 'The Best Years of Our Lives', '1946-12-25', 'It''s the hope that sustains the spirit of every GI: the dream of the day when he will finally return home. For three WWII veterans, the day has arrived. But for each man, the dream is about to become a nightmare.', '/gd5EoAU4MM57sW3vlWxJ0NMM8cV.jpg');
INSERT INTO movie_genres (movie_id, genre_id) VALUES (887, 18);
INSERT INTO movie_genres (movie_id, genre_id) VALUES (887, 10749);
INSERT INTO movies (id, title, release_date, description, poster_path) VALUES (1371727, 'Sing: Thriller', '2024-10-15', 'Buster Moon dreams up a star-studded spectacle set to Michael Jackson''s "Thriller" in this animated short featuring characters from the hit "Sing" films.', '/i77OInTKcrnRlAozFOaB6D5mk15.jpg');
INSERT INTO movie_genres (movie_id, genre_id) VALUES (1371727, 16);
INSERT INTO movie_genres (movie_id, genre_id) VALUES (1371727, 10751);
INSERT INTO movie_genres (movie_id, genre_id) VALUES (1371727, 35);
INSERT INTO movie_genres (movie_id, genre_id) VALUES (1371727, 10402);
INSERT INTO movies (id, title, release_date, description, poster_path) VALUES (600, 'Full Metal Jacket', '1987-06-26', 'A pragmatic U.S. Marine observes the dehumanizing effects the U.S.-Vietnam War has on his fellow recruits from their brutal boot camp training to the bloody street fighting in Hue.', '/kMKyx1k8hWWscYFnPbnxxN4Eqo4.jpg');
INSERT INTO movie_genres (movie_id, genre_id) VALUES (600, 18);
INSERT INTO movie_genres (movie_id, genre_id) VALUES (600, 10752);
INSERT INTO movies (id, title, release_date, description, poster_path) VALUES (57431, 'The Sitter', '2011-12-09', 'Noah, is not your typical entertain-the-kids-no-matter-how-boring-it-is kind of sitter. He''s reluctant to take a sitting gig; he''d rather, well, be doing anything else, especially if it involves slacking. When Noah is watching the neighbor''s kid he gets a booty call from his girlfriend in the city. To hook up with her, Noah takes to the streets, but his urban adventure spins out of control as he finds himself on the run from a maniacal drug lord.', '/rOVS11iGQsFKRPzjXQPfyTmwtDr.jpg');
INSERT INTO movie_genres (movie_id, genre_id) VALUES (57431, 35);
INSERT INTO movies (id, title, release_date, description, poster_path) VALUES (236448, 'Holiday Highlights', '1940-10-11', 'Blackout gags about the holidays. New Year''s (the baby speaks to us). Valentine''s Day, Washington Day, etc.', '/tzbg3sr4CMNyjQozJ12QRxxDfEr.jpg');
INSERT INTO movie_genres (movie_id, genre_id) VALUES (236448, 16);
INSERT INTO movie_genres (movie_id, genre_id) VALUES (236448, 35);
INSERT INTO movies (id, title, release_date, description, poster_path) VALUES (475210, 'How It Ends', '2018-07-13', 'A desperate father tries to return home to his pregnant wife after a mysterious apocalyptic event turns everything to chaos.', '/prdFM08mGvVDA6uQxKJh8n8Vek1.jpg');
INSERT INTO movie_genres (movie_id, genre_id) VALUES (475210, 878);
INSERT INTO movie_genres (movie_id, genre_id) VALUES (475210, 53);
INSERT INTO movie_genres (movie_id, genre_id) VALUES (475210, 9648);
INSERT INTO movie_genres (movie_id, genre_id) VALUES (475210, 28);
INSERT INTO movie_genres (movie_id, genre_id) VALUES (475210, 12);
INSERT INTO movies (id, title, release_date, description, poster_path) VALUES (1637, 'Speed', '1994-06-09', 'Jack Traven, an LAPD cop on SWAT detail, and veteran SWAT officer Harry Temple thwart an extortionist-bomber''s scheme for a $3 million ransom. As they corner the bomber, he flees and detonates a bomb vest, seemingly killing himself. Weeks later, Jack witnesses a mass transit city bus explode and nearby a pay phone rings. On the phone is that same bomber looking for vengeance and the money he''s owed. He gives a personal challenge to Jack: a bomb is rigged on another city bus - if it slows down below 50 mph, it will explode - bad enough any day, but a nightmare in LA traffic. And that''s just the beginning...', '/Apu3Ecg11bIEEiKLnbhagGtWNg7.jpg');
INSERT INTO movie_genres (movie_id, genre_id) VALUES (1637, 28);
INSERT INTO movie_genres (movie_id, genre_id) VALUES (1637, 53);
INSERT INTO movies (id, title, release_date, description, poster_path) VALUES (168, 'Star Trek IV: The Voyage Home', '1986-11-26', 'When a huge alien probe enters the galaxy and begins to vaporize Earth''s oceans, Kirk and his crew must travel back in time in order to bring back whales and save the planet.', '/xY5TzGXJOB3L9rhZ1MbbPyVlW5J.jpg');
INSERT INTO movie_genres (movie_id, genre_id) VALUES (168, 878);
INSERT INTO movie_genres (movie_id, genre_id) VALUES (168, 12);
INSERT INTO movies (id, title, release_date, description, poster_path) VALUES (165, 'Back to the Future Part II', '1989-11-22', 'Marty and Doc are at it again as the time-traveling duo head to 2015 to nip some McFly family woes in the bud. But things go awry thanks to bully Biff Tannen and a pesky sports almanac. In a last-ditch attempt to set things straight, Marty finds himself bound for 1955 and face to face with his teenage parents -- again.', '/YBawEsTkUZBDajKbd5LiHkmMGf.jpg');
INSERT INTO movie_genres (movie_id, genre_id) VALUES (165, 12);
INSERT INTO movie_genres (movie_id, genre_id) VALUES (165, 35);
INSERT INTO movie_genres (movie_id, genre_id) VALUES (165, 878);
INSERT INTO movies (id, title, release_date, description, poster_path) VALUES (1100998, 'SuperKlaus', '2024-11-01', 'Santa Claus''s wish comes true when he accidentally bumps his head and starts believing he''s SuperKlaus. With the help of Billie and Leo his elf-xecutive assistant, SuperKlaus will take on a toy-obsessed businessman to save Christmas.', '/8sgc5TA8xsi4wpKrf7XrFKscujQ.jpg');
INSERT INTO movie_genres (movie_id, genre_id) VALUES (1100998, 16);
INSERT INTO movie_genres (movie_id, genre_id) VALUES (1100998, 35);
INSERT INTO movie_genres (movie_id, genre_id) VALUES (1100998, 10751);
INSERT INTO movie_genres (movie_id, genre_id) VALUES (1100998, 12);
INSERT INTO movies (id, title, release_date, description, poster_path) VALUES (53182, '300: Rise of an Empire', '2014-03-05', 'Greek general Themistocles attempts to unite all of Greece by leading the charge that will change the course of the war. Themistocles faces the massive invading Persian forces led by mortal-turned-god, Xerxes and Artemesia, the vengeful commander of the Persian navy.', '/wYDdWN1McB1Sio4z1dPSkb40Z78.jpg');
INSERT INTO movie_genres (movie_id, genre_id) VALUES (53182, 28);
INSERT INTO movie_genres (movie_id, genre_id) VALUES (53182, 18);
INSERT INTO movie_genres (movie_id, genre_id) VALUES (53182, 10752);
INSERT INTO movies (id, title, release_date, description, poster_path) VALUES (1299652, 'Watchmen: Chapter II', '2024-11-25', 'Suspicious of the events ensnaring their former colleagues, Nite Owl and Silk Spectre are spurred out of retirement to investigate. As they grapple with personal ethics, inner demons and a society turned against them, they race the clock to uncover a deepening plot that might trigger global nuclear war.', '/apzbE0pcmKz4RTWFVP7XXdg3VCZ.jpg');
INSERT INTO movie_genres (movie_id, genre_id) VALUES (1299652, 16);
INSERT INTO movie_genres (movie_id, genre_id) VALUES (1299652, 9648);
INSERT INTO movie_genres (movie_id, genre_id) VALUES (1299652, 878);
INSERT INTO movie_genres (movie_id, genre_id) VALUES (1299652, 28);
INSERT INTO movies (id, title, release_date, description, poster_path) VALUES (16320, 'Serenity', '2005-09-25', 'When the renegade crew of Serenity agrees to hide a fugitive on their ship, they find themselves in an action-packed battle between the relentless military might of a totalitarian regime who will destroy anything – or anyone – to get the girl back and the bloodthirsty creatures who roam the uncharted areas of space. But... the greatest danger of all may be on their ship.', '/4sqUOaPFoP2W81mq1UYqZqf5WzA.jpg');
INSERT INTO movie_genres (movie_id, genre_id) VALUES (16320, 878);
INSERT INTO movie_genres (movie_id, genre_id) VALUES (16320, 28);
INSERT INTO movie_genres (movie_id, genre_id) VALUES (16320, 12);
INSERT INTO movie_genres (movie_id, genre_id) VALUES (16320, 53);
INSERT INTO movies (id, title, release_date, description, poster_path) VALUES (8909, 'Wanted', '2008-06-19', 'Doormat Wesley Gibson is an office worker whose life is going nowhere. He meets an attractive woman named Fox and discovers that his recently murdered father - whom Wesley never knew - belonged to the Fraternity, a secret society of assassins which takes its orders from Fate itself. Fox and Sloan, the Fraternity''s leader, teach Wesley, through intense training, to tap into dormant powers and hone his innate killing skills. Though he enjoys his newfound abilities, he begins to suspect that there is more to the Fraternity than meets the eye.', '/cbDMsV4VJAL2xJ2JXdWWjmUXZkT.jpg');
INSERT INTO movie_genres (movie_id, genre_id) VALUES (8909, 28);
INSERT INTO movie_genres (movie_id, genre_id) VALUES (8909, 53);
INSERT INTO movie_genres (movie_id, genre_id) VALUES (8909, 80);
INSERT INTO movies (id, title, release_date, description, poster_path) VALUES (118340, 'Guardians of the Galaxy', '2014-07-30', 'Light years from Earth, 26 years after being abducted, Peter Quill finds himself the prime target of a manhunt after discovering an orb wanted by Ronan the Accuser.', '/r7vmZjiyZw9rpJMQJdXpjgiCOk9.jpg');
INSERT INTO movie_genres (movie_id, genre_id) VALUES (118340, 28);
INSERT INTO movie_genres (movie_id, genre_id) VALUES (118340, 878);
INSERT INTO movie_genres (movie_id, genre_id) VALUES (118340, 12);
INSERT INTO movies (id, title, release_date, description, poster_path) VALUES (568, 'Apollo 13', '1995-06-30', 'The true story of technical troubles that scuttle the Apollo 13 lunar mission in 1970, risking the lives of astronaut Jim Lovell and his crew, with the failed journey turning into a thrilling saga of heroism. Drifting more than 200,000 miles from Earth, the astronauts work furiously with the ground crew to avert tragedy.', '/tVeKscCm2fY1xDXZk8PgnZ87h9S.jpg');
INSERT INTO movie_genres (movie_id, genre_id) VALUES (568, 18);
INSERT INTO movie_genres (movie_id, genre_id) VALUES (568, 36);
INSERT INTO movies (id, title, release_date, description, poster_path) VALUES (19766, 'Inspector Gadget 2', '2003-03-11', 'After capturing Claw, all the criminals have gone into hiding. Until Claw escapes! Gadget thinks he will get the case, but everyone else has other plans. A new version of the Gadget project is unveiled in the form of G2. Strict orders are given for Gadget to stay away from G2 and every crime scene, but Gadget feels he is needed more than anyone.', '/6g5L4lpsQ1jYDJpMn1XGYOGzlar.jpg');
INSERT INTO movie_genres (movie_id, genre_id) VALUES (19766, 28);
INSERT INTO movie_genres (movie_id, genre_id) VALUES (19766, 12);
INSERT INTO movie_genres (movie_id, genre_id) VALUES (19766, 35);
INSERT INTO movie_genres (movie_id, genre_id) VALUES (19766, 10751);
INSERT INTO movies (id, title, release_date, description, poster_path) VALUES (1327649, 'Let''s Start a Cult', '2024-10-25', 'Having missed out on his cult''s long awaited ritual suicide, an obnoxious loser teams up with his bogus ex-messiah to rebuild their doomsday commune. Traveling together through middle America, the constantly-bickering duo induct a military wannabe, a mentally unstable mom, and a mysterious foreign hitchhiker into their cult... but will this family of outcasts fulfill their transcendent destiny, or decide this life might be worth living after all?', '/kPb27onkJijmlKyEnFIufRL4mlI.jpg');
INSERT INTO movie_genres (movie_id, genre_id) VALUES (1327649, 35);
INSERT INTO movies (id, title, release_date, description, poster_path) VALUES (660982, 'American Pie Presents: Girls'' Rules', '2020-10-06', 'It''s Senior year at East Great Falls. Annie, Kayla, Michelle, and Stephanie decide to harness their girl power and band together to get what they want their last year of high school.', '/xqvX5A24dbIWaeYsMTxxKX5qOfz.jpg');
INSERT INTO movie_genres (movie_id, genre_id) VALUES (660982, 35);
INSERT INTO movies (id, title, release_date, description, poster_path) VALUES (860355, 'Revival69: The Concert That Rocked the World', '2023-06-22', 'John Lennon, Yoko Ono, Little Richard, The Doors, Chuck Berry, Alice Cooper, and other legendary musicians performed at the 1969 Toronto Rock and Roll Revival music festival. This behind-the-scenes look at “the second most important event in rock and roll history” culminates in John Lennon’s first public performance with The Plastic Ono Band, triggering his decision to leave the Beatles.', '/vHCjgvQ3rOz5ZJvu8COUK7rmgdF.jpg');
INSERT INTO movie_genres (movie_id, genre_id) VALUES (860355, 99);
INSERT INTO movie_genres (movie_id, genre_id) VALUES (860355, 10402);
INSERT INTO movies (id, title, release_date, description, poster_path) VALUES (451915, 'Beautiful Boy', '2018-10-12', 'After he and his first wife separate, journalist David Sheff struggles to help their teenage son, who goes from experimenting with drugs to becoming devastatingly addicted to methamphetamine.', '/zuw4QtOpOO0Ib1f866SG9WmduMN.jpg');
INSERT INTO movie_genres (movie_id, genre_id) VALUES (451915, 18);
INSERT INTO movies (id, title, release_date, description, poster_path) VALUES (10202, 'Bedtime Stories', '2008-12-24', 'Skeeter Bronson is a down-on-his-luck guy who''s always telling bedtime stories to his niece and nephew. But his life is turned upside down when the fantastical stories he makes up for entertainment inexplicably turn into reality. Can a bewildered Skeeter manage his own unruly fantasies now that the outrageous characters and situations from his mind have morphed into actual people and events?', '/rSOnWm8ahvgThYp8TKGRUTcvsyw.jpg');
INSERT INTO movie_genres (movie_id, genre_id) VALUES (10202, 14);
INSERT INTO movie_genres (movie_id, genre_id) VALUES (10202, 35);
INSERT INTO movie_genres (movie_id, genre_id) VALUES (10202, 10751);
INSERT INTO movie_genres (movie_id, genre_id) VALUES (10202, 10749);
INSERT INTO movies (id, title, release_date, description, poster_path) VALUES (388, 'Inside Man', '2006-03-17', 'When an armed, masked gang enter a Manhattan bank, lock the doors and take hostages, the detective assigned to effect their release enters negotiations preoccupied with corruption charges he is facing.', '/ffMUgkDZICNiyaws1Jkv8qG8uFW.jpg');
INSERT INTO movie_genres (movie_id, genre_id) VALUES (388, 80);
INSERT INTO movie_genres (movie_id, genre_id) VALUES (388, 18);
INSERT INTO movie_genres (movie_id, genre_id) VALUES (388, 53);
INSERT INTO movies (id, title, release_date, description, poster_path) VALUES (50544, 'Friends with Benefits', '2011-07-21', 'Dylan is done with relationships. Jamie decides to stop buying into the Hollywood clichés of true love. When the two become friends they decide to try something new and take advantage of their mutual attraction - but without any emotional attachment.', '/nKhhDFCdzxeJ3GUunQ570LDpUkz.jpg');
INSERT INTO movie_genres (movie_id, genre_id) VALUES (50544, 10749);
INSERT INTO movie_genres (movie_id, genre_id) VALUES (50544, 35);
INSERT INTO movies (id, title, release_date, description, poster_path) VALUES (11322, 'Public Enemies', '2009-07-01', 'Depression-era bank robber John Dillinger''s charm and audacity endear him to much of America''s downtrodden public, but he''s also a thorn in the side of J. Edgar Hoover and the fledgling FBI. Desperate to capture the elusive outlaw, Hoover makes Dillinger his first Public Enemy Number One and assigns his top agent, Melvin Purvis, the task of bringing him in dead or alive.', '/3KgtekisQBrHRsm2cD5UOB6Ce3k.jpg');
INSERT INTO movie_genres (movie_id, genre_id) VALUES (11322, 80);
INSERT INTO movie_genres (movie_id, genre_id) VALUES (11322, 36);
INSERT INTO movie_genres (movie_id, genre_id) VALUES (11322, 18);
INSERT INTO movies (id, title, release_date, description, poster_path) VALUES (1380405, 'The Chosen: Last Supper', '2025-03-27', 'Jesus rides into the holy city as king, but finds His Father’s house has been turned from a place of prayer into a corrupt market. As the Jewish High Priest schemes against the would-be Messiah, Jesus strikes first—turning the tables on religious corruption.', '/AobxCDBPhzV5rgNapLTVGb6Crir.jpg');
INSERT INTO movie_genres (movie_id, genre_id) VALUES (1380405, 18);
INSERT INTO movie_genres (movie_id, genre_id) VALUES (1380405, 36);
INSERT INTO movie_genres (movie_id, genre_id) VALUES (1380405, 12);
INSERT INTO movies (id, title, release_date, description, poster_path) VALUES (8078, 'Alien Resurrection', '1997-11-12', 'Two hundred years after Lt. Ripley died, a group of scientists clone her, hoping to breed the ultimate weapon. But the new Ripley is full of surprises … as are the new aliens. Ripley must team with a band of smugglers to keep the creatures from reaching Earth.', '/9aRDMlU5Zwpysilm0WCWzU2PCFv.jpg');
INSERT INTO movie_genres (movie_id, genre_id) VALUES (8078, 878);
INSERT INTO movie_genres (movie_id, genre_id) VALUES (8078, 27);
INSERT INTO movie_genres (movie_id, genre_id) VALUES (8078, 28);
INSERT INTO movies (id, title, release_date, description, poster_path) VALUES (8078, 'Alien Resurrection', '1997-11-12', 'Two hundred years after Lt. Ripley died, a group of scientists clone her, hoping to breed the ultimate weapon. But the new Ripley is full of surprises … as are the new aliens. Ripley must team with a band of smugglers to keep the creatures from reaching Earth.', '/9aRDMlU5Zwpysilm0WCWzU2PCFv.jpg');
INSERT INTO movie_genres (movie_id, genre_id) VALUES (8078, 878);
INSERT INTO movie_genres (movie_id, genre_id) VALUES (8078, 27);
INSERT INTO movie_genres (movie_id, genre_id) VALUES (8078, 28);
INSERT INTO movies (id, title, release_date, description, poster_path) VALUES (1033148, 'Die My Love', '2025-10-06', 'Grace, a writer and young mother, is slowly slipping into madness. Locked away in an old house in and around Montana, we see her acting increasingly agitated and erratic, leaving her companion, Jackson, increasingly worried and helpless.', '/uDMehIQIgqSCSkTINIfmKeqEt06.jpg');
INSERT INTO movie_genres (movie_id, genre_id) VALUES (1033148, 18);
INSERT INTO movie_genres (movie_id, genre_id) VALUES (1033148, 53);
INSERT INTO movie_genres (movie_id, genre_id) VALUES (1033148, 35);
INSERT INTO movies (id, title, release_date, description, poster_path) VALUES (257445, 'Goosebumps', '2015-08-05', 'After moving to a small town, Zach Cooper finds a silver lining when he meets next door neighbor Hannah, the daughter of bestselling Goosebumps series author R.L. Stine. When Zach unintentionally unleashes real monsters from their manuscripts and they begin to terrorize the town, it’s suddenly up to Stine, Zach and Hannah to get all of them back in the books where they belong.', '/aeZT9pqEgrmXOGdESFkAuVjX6kw.jpg');
INSERT INTO movie_genres (movie_id, genre_id) VALUES (257445, 12);
INSERT INTO movie_genres (movie_id, genre_id) VALUES (257445, 27);
INSERT INTO movie_genres (movie_id, genre_id) VALUES (257445, 35);
INSERT INTO movies (id, title, release_date, description, poster_path) VALUES (1013406, 'Modi, Three Days on the Wing of Madness', '2024-12-05', 'A 72-hour whirlwind in the life of bohemian artist Amedeo Modigliani, known as Modi to his friends, follows a chaotic series of events through the streets of war torn Paris in 1916. On the run from the police, his desire to end his career and leave the city is dismissed by fellow artists Maurice Utrillo, Chaim Soutine and Modi’s muse, Beatrice Hastings. Modi seeks advice from his art dealer and friend, Leopold Zborowski — however, after a night of hallucinations, the chaos in Modi’s mind reaches a crescendo when faced with an American collector, Maurice Gangnat, who has the power to change his life.', '/K5hGnee6HSq7YoJZPSY1TbsBMv.jpg');
INSERT INTO movie_genres (movie_id, genre_id) VALUES (1013406, 18);
INSERT INTO movie_genres (movie_id, genre_id) VALUES (1013406, 36);
INSERT INTO movies (id, title, release_date, description, poster_path) VALUES (485811, 'Redcon-1', '2018-09-07', 'After a zombie apocalypse spreads from a London prison, the UK is brought to its knees. The spread of the virus is temporarily contained but, without a cure, it’s only a matter of time before it breaks its boundaries and the biggest problem of all… any zombies with combat skills are now enhanced. With the South East of England quarantined from the rest of the world using fortified borders, intelligence finds that the scientist responsible for the outbreak is alive and well in London. With his recovery being the only hope of a cure, a squad of eight Special Forces soldiers is sent on a suicide mission to the city, now ruled by the undead, with a single task: get him out alive within 72 hours by any means necessary. What emerges is an unlikely pairing on a course to save humanity against ever-rising odds.', '/vVPrWngVJ2cfYAncBedQty69Dlf.jpg');
INSERT INTO movie_genres (movie_id, genre_id) VALUES (485811, 28);
INSERT INTO movie_genres (movie_id, genre_id) VALUES (485811, 27);
INSERT INTO movie_genres (movie_id, genre_id) VALUES (485811, 878);
INSERT INTO movies (id, title, release_date, description, poster_path) VALUES (2770, 'American Pie 2', '2001-08-10', 'After a year apart - attending different schools, meeting different people - the guys rent a beach house and vow to make this the best summer ever. As it turns out, whether that will happen or not has a lot to do with the girls. Between the wild parties, outrageous revelations and yes, a trip to band camp, they discover that times change and people change, but in the end, it''s all about sticking together.', '/854ZZxXdeabAs90mrV72NqShJqR.jpg');
INSERT INTO movie_genres (movie_id, genre_id) VALUES (2770, 35);
INSERT INTO movie_genres (movie_id, genre_id) VALUES (2770, 10749);
INSERT INTO movies (id, title, release_date, description, poster_path) VALUES (4982, 'American Gangster', '2007-11-02', 'Loosely based on the criminal career of Frank Lucas, a gangster from La Grange, North Carolina, who smuggled heroin into the United States on American service planes returning from the Vietnam War, before being detained by a task force led by Newark Detective Richie Roberts.', '/8sV6nWuKczuXRt0C6EWoXqJAj6G.jpg');
INSERT INTO movie_genres (movie_id, genre_id) VALUES (4982, 18);
INSERT INTO movie_genres (movie_id, genre_id) VALUES (4982, 80);
INSERT INTO movies (id, title, release_date, description, poster_path) VALUES (245305, 'Four Guns to the Border', '1954-11-05', 'A group of outlaws plan and execute a robbery in a small town. However, things go awry as the team attempt a getaway, when a couple of the locals attempting to follow them, are ambushed by marauding natives.', '/eLGNjQOdVDSJEZ0QDf5WDimbtv7.jpg');
INSERT INTO movie_genres (movie_id, genre_id) VALUES (245305, 37);
INSERT INTO movies (id, title, release_date, description, poster_path) VALUES (445602, 'The Raking', '2017-03-07', 'THE RAKING tells the story of a group of college students who set out to debunk an urban legend in Joshua Tree, California for their anthropology thesis, only to find that they become part of the legend themselves.', '/aFJznR0Pry6we80vQkndCLfLzJl.jpg');
INSERT INTO movie_genres (movie_id, genre_id) VALUES (445602, 27);
INSERT INTO movies (id, title, release_date, description, poster_path) VALUES (2028, 'Say Anything...', '1989-04-14', 'Lloyd, an eternal optimist, seeks to capture the heart of Diane, an unattainable high school beauty and straight-A student. He surprises just about everyone-including himself-when she returns the sentiment. But Diane''s over-possessive, divorced Dad disapproves and it''s going to take more than just the power of love to conquer all.', '/nkucKciFGSRalw6dJtsglWqOXMC.jpg');
INSERT INTO movie_genres (movie_id, genre_id) VALUES (2028, 10749);
INSERT INTO movie_genres (movie_id, genre_id) VALUES (2028, 35);
INSERT INTO movie_genres (movie_id, genre_id) VALUES (2028, 18);
INSERT INTO movies (id, title, release_date, description, poster_path) VALUES (71783, 'Blackwater Valley Exorcism', '2006-10-17', 'Disturbed Isabelle is locked in a fierce battle with a vicious demon that''s hell-bent on owning her soul', '/710VIXEgzBCnVl7LkfP5gq3W1eS.jpg');
INSERT INTO movie_genres (movie_id, genre_id) VALUES (71783, 27);
INSERT INTO movies (id, title, release_date, description, poster_path) VALUES (738646, 'Operation Christmas Drop', '2020-11-05', 'While gathering evidence to support closing a tropical U.S. Air Force base, a congressional aide warms to its generous captain.', '/1fUcKFDy58DhWYd5Y7Nu5DgpxaE.jpg');
INSERT INTO movie_genres (movie_id, genre_id) VALUES (738646, 35);
INSERT INTO movie_genres (movie_id, genre_id) VALUES (738646, 10751);
INSERT INTO movie_genres (movie_id, genre_id) VALUES (738646, 10749);
INSERT INTO movie_genres (movie_id, genre_id) VALUES (738646, 10770);
INSERT INTO movies (id, title, release_date, description, poster_path) VALUES (462650, 'Puss in Book: Trapped in an Epic Tale', '2017-06-16', 'After tumbling into a magic storybook, Puss in Boots must fight, dance and romance his way through wild adventures as he searches for an escape.', '/vgLbNi7LBoXLikf6B5XrcT1yl79.jpg');
INSERT INTO movie_genres (movie_id, genre_id) VALUES (462650, 10751);
INSERT INTO movie_genres (movie_id, genre_id) VALUES (462650, 14);
INSERT INTO movie_genres (movie_id, genre_id) VALUES (462650, 16);
INSERT INTO movie_genres (movie_id, genre_id) VALUES (462650, 35);
INSERT INTO movie_genres (movie_id, genre_id) VALUES (462650, 12);
INSERT INTO movies (id, title, release_date, description, poster_path) VALUES (76025, 'Shame', '2011-10-02', 'Brandon, a thirty-something man living in New York, eludes intimacy with women but feeds his deepest desires with a compulsive addiction to sex. When his younger sister temporarily moves into his apartment, stirring up bitter memories of their shared painful past, Brandon''s life, like his fragile mind, gets out of control.', '/aywgzSw9LK4z3DxMPZsNbzWYqQ1.jpg');
INSERT INTO movie_genres (movie_id, genre_id) VALUES (76025, 18);
INSERT INTO movies (id, title, release_date, description, poster_path) VALUES (440, 'Aliens vs Predator: Requiem', '2007-12-25', 'After a horrifying PredAlien crash-lands near a small Colorado town, killing everyone it encounters and producing countless Alien offspring, a lone Predator arrives to "clean up" the infestation.', '/jCyJN1vj8jqJJ0vNw4hDH2KlySO.jpg');
INSERT INTO movie_genres (movie_id, genre_id) VALUES (440, 28);
INSERT INTO movie_genres (movie_id, genre_id) VALUES (440, 878);
INSERT INTO movie_genres (movie_id, genre_id) VALUES (440, 53);
INSERT INTO movie_genres (movie_id, genre_id) VALUES (440, 27);
INSERT INTO movies (id, title, release_date, description, poster_path) VALUES (7980, 'The Lovely Bones', '2009-12-26', 'After being brutally murdered, 14-year-old Susie Salmon watches from heaven over her grief-stricken family -- and her killer. As she observes their daily lives, she must balance her thirst for revenge with her desire for her family to heal.', '/sn0iDphRxQ7I6aLd9igIgACITak.jpg');
INSERT INTO movie_genres (movie_id, genre_id) VALUES (7980, 14);
INSERT INTO movie_genres (movie_id, genre_id) VALUES (7980, 18);
INSERT INTO movies (id, title, release_date, description, poster_path) VALUES (697953, 'The Source of Shadows', '2020-04-28', 'This horror anthology film depicts ten tales of horror from twelve visionary directors as they take us on a journey to experience one of humanity’s most carnal fears; the fear of the unknown.', '/kzYtpIlEAMFLsRGNjZ3NYJVTqmJ.jpg');
INSERT INTO movie_genres (movie_id, genre_id) VALUES (697953, 27);
INSERT INTO movies (id, title, release_date, description, poster_path) VALUES (1026202, 'Giantess Battle Attack!', '2022-10-20', 'The beautiful, beastly Beverly returns and faces a new gaggle of gargantuan gals, hell bent on achieving deluxe diva domination. Get ready for the cinematic smackdown thrills of Giantess Battle Attack. Size really does matter.', '/wj6cbxh1e8h21R3FOPil19lnIkv.jpg');
INSERT INTO movie_genres (movie_id, genre_id) VALUES (1026202, 878);
INSERT INTO movie_genres (movie_id, genre_id) VALUES (1026202, 35);
INSERT INTO movie_genres (movie_id, genre_id) VALUES (1026202, 27);
INSERT INTO movies (id, title, release_date, description, poster_path) VALUES (1029555, 'Electra', '2024-02-09', 'A journalist and his female companion travel to interview a famous musician in Rome where a generous invite to a country estate becomes something much more than anyone expected.', '/tYo16ZdBCBS2A7xhsfr5cH0fiyt.jpg');
INSERT INTO movie_genres (movie_id, genre_id) VALUES (1029555, 18);
INSERT INTO movie_genres (movie_id, genre_id) VALUES (1029555, 53);
INSERT INTO movies (id, title, release_date, description, poster_path) VALUES (634492, 'Madame Web', '2024-02-14', 'Forced to confront revelations about her past, paramedic Cassandra Webb forges a relationship with three young women destined for powerful futures...if they can all survive a deadly present.', '/rULWuutDcN5NvtiZi4FRPzRYWSh.jpg');
INSERT INTO movie_genres (movie_id, genre_id) VALUES (634492, 28);
INSERT INTO movie_genres (movie_id, genre_id) VALUES (634492, 14);
INSERT INTO movies (id, title, release_date, description, poster_path) VALUES (33997, 'Desert Flower', '2009-09-24', 'The autobiography of a Somalian nomad who was sold in marriage at 13, fled from Africa a while later to become finally an American supermodel and is now at the age of 38, the UN spokeswoman against female genital mutilation.', '/fpAHsUmguktSveebXx2BNxUo0rh.jpg');
INSERT INTO movie_genres (movie_id, genre_id) VALUES (33997, 18);
INSERT INTO movies (id, title, release_date, description, poster_path) VALUES (324963, 'Monster High: Haunted', '2015-03-02', 'Lurk what''s waiting for the Monster High ghouls when they bring their killer fashion to the howlways of the spooktacular Haunted High! When the ghouls of Monster High follow Spectra Vondergeist one day, they discover a creeperiffic Ghost World with an all-spirit school. But their scary-cute student bodies are hardly welcome with the very strict Principal Revenant, and she punishes Spectra with frightful detention chains that prevent her from re-joining Monster High. Now, it''s up to the imperfectly perfect friends to take on ghostly forms in order to save one of their own from disappearing forever!', '/jvwpfW0xRt2pQGD5tJbqmkc9STb.jpg');
INSERT INTO movie_genres (movie_id, genre_id) VALUES (324963, 16);
INSERT INTO movie_genres (movie_id, genre_id) VALUES (324963, 10751);
INSERT INTO movie_genres (movie_id, genre_id) VALUES (324963, 14);
INSERT INTO movies (id, title, release_date, description, poster_path) VALUES (228326, 'The Book of Life', '2014-10-01', 'The journey of Manolo, a young man who is torn between fulfilling the expectations of his family and following his heart. Before choosing which path to follow, he embarks on an incredible adventure that spans three fantastical worlds where he must face his greatest fears.', '/aotTZos5KswgCryEzx2rlOjFsm1.jpg');
INSERT INTO movie_genres (movie_id, genre_id) VALUES (228326, 16);
INSERT INTO movie_genres (movie_id, genre_id) VALUES (228326, 12);
INSERT INTO movie_genres (movie_id, genre_id) VALUES (228326, 35);
INSERT INTO movie_genres (movie_id, genre_id) VALUES (228326, 10751);
INSERT INTO movie_genres (movie_id, genre_id) VALUES (228326, 14);
INSERT INTO movies (id, title, release_date, description, poster_path) VALUES (316029, 'The Greatest Showman', '2017-12-20', 'The story of American showman P.T. Barnum, founder of the circus that became the famous traveling Ringling Bros. and Barnum & Bailey Circus.', '/b9CeobiihCx1uG1tpw8hXmpi7nm.jpg');
INSERT INTO movie_genres (movie_id, genre_id) VALUES (316029, 18);
INSERT INTO movies (id, title, release_date, description, poster_path) VALUES (916, 'Bullitt', '1968-10-17', 'Senator Walter Chalmers is aiming to take down mob boss Pete Ross with the help of testimony from the criminal''s hothead brother Johnny, who is in protective custody in San Francisco under the watch of police lieutenant Frank Bullitt. When a pair of mob hitmen enter the scene, Bullitt follows their trail through a maze of complications and double-crosses. This thriller includes one of the most famous car chases ever filmed.', '/2ffzF1WmeXtH420fSUoCrecFvDA.jpg');
INSERT INTO movie_genres (movie_id, genre_id) VALUES (916, 28);
INSERT INTO movie_genres (movie_id, genre_id) VALUES (916, 80);
INSERT INTO movie_genres (movie_id, genre_id) VALUES (916, 53);
INSERT INTO movies (id, title, release_date, description, poster_path) VALUES (53219, 'Mickey''s Trailer', '1938-05-06', 'Goofy''s in the driver''s seat, Mickey''s in the kitchen, and Donald''s in bed in Mickey''s high-tech house trailer. When Goofy comes back to eat breakfast, leaving the car on autopilot, it takes them onto a dangerous closed mountain road. When Goofy realizes this, he accidentally unhooks the trailer, sending it on a perilous route. They come very close to disaster several times, while the oblivious Goofy drives on and hooks back up to them.', '/rbJLSZSrxp7Kw62XWAp0kG8hxhA.jpg');
INSERT INTO movie_genres (movie_id, genre_id) VALUES (53219, 16);
INSERT INTO movie_genres (movie_id, genre_id) VALUES (53219, 35);
INSERT INTO movies (id, title, release_date, description, poster_path) VALUES (308531, 'Teenage Mutant Ninja Turtles: Out of the Shadows', '2016-06-01', 'After supervillain Shredder escapes custody, he joins forces with mad scientist Baxter Stockman and two dimwitted henchmen, Bebop and Rocksteady, to unleash a diabolical plan to take over the world. As the Turtles prepare to take on Shredder and his new crew, they find themselves facing an even greater evil with similar intentions: the notorious Krang.', '/euVaCiCWz3AALcQXHT6aUqdGUo6.jpg');
INSERT INTO movie_genres (movie_id, genre_id) VALUES (308531, 28);
INSERT INTO movie_genres (movie_id, genre_id) VALUES (308531, 12);
INSERT INTO movie_genres (movie_id, genre_id) VALUES (308531, 35);
INSERT INTO movie_genres (movie_id, genre_id) VALUES (308531, 10751);
INSERT INTO movie_genres (movie_id, genre_id) VALUES (308531, 878);
INSERT INTO movies (id, title, release_date, description, poster_path) VALUES (12208, 'Casino Royale', '1967-04-13', 'Sir James Bond is called back out of retirement to stop SMERSH. In order to trick SMERSH, James thinks up the ultimate plan - that every agent will be named ''James Bond''. One of the Bonds, whose real name is Evelyn Tremble is sent to take on Le Chiffre in a game of baccarat, but all the Bonds get more than they can handle.', '/9wdw5H018bgIM8bK2HuDvh8BwOh.jpg');
INSERT INTO movie_genres (movie_id, genre_id) VALUES (12208, 12);
INSERT INTO movie_genres (movie_id, genre_id) VALUES (12208, 28);
INSERT INTO movie_genres (movie_id, genre_id) VALUES (12208, 35);
INSERT INTO movies (id, title, release_date, description, poster_path) VALUES (746045, 'Christmas by Starlight', '2020-11-27', 'Annie, a lawyer, must help her loved ones this holiday season. Her family’s restaurant, The Starlight Café, is slated for demolition. The heir to the development firm responsible, William, makes her an unlikely proposition: he’ll spare the café if Annie spends the week “appearing” as the legal counsel his father is demanding he hire in the wake of some costly mistakes.', '/vrKqg5J2dsc0Jr85v3WVxlw1y8J.jpg');
INSERT INTO movie_genres (movie_id, genre_id) VALUES (746045, 10770);
INSERT INTO movie_genres (movie_id, genre_id) VALUES (746045, 10749);
INSERT INTO movies (id, title, release_date, description, poster_path) VALUES (334074, 'Survivor', '2015-05-21', 'A Foreign Service Officer in London tries to prevent a terrorist attack set to hit New York, but is forced to go on the run when she is framed for crimes she did not commit.', '/npyCpfYyYknFoY2iJPyfqp70FVX.jpg');
INSERT INTO movie_genres (movie_id, genre_id) VALUES (334074, 28);
INSERT INTO movie_genres (movie_id, genre_id) VALUES (334074, 80);
INSERT INTO movie_genres (movie_id, genre_id) VALUES (334074, 9648);
INSERT INTO movie_genres (movie_id, genre_id) VALUES (334074, 53);
INSERT INTO movies (id, title, release_date, description, poster_path) VALUES (426, 'Vertigo', '1958-05-28', 'A retired San Francisco detective suffering from acrophobia investigates the strange activities of an old friend''s wife, all the while becoming dangerously obsessed with her.', '/15uOEfqBNTVtDUT7hGBVCka0rZz.jpg');
INSERT INTO movie_genres (movie_id, genre_id) VALUES (426, 9648);
INSERT INTO movie_genres (movie_id, genre_id) VALUES (426, 10749);
INSERT INTO movie_genres (movie_id, genre_id) VALUES (426, 53);
INSERT INTO movies (id, title, release_date, description, poster_path) VALUES (7485, 'Shooter', '2007-03-22', 'A top Marine sniper, Bob Lee Swagger, leaves the military after a mission goes horribly awry and disappears, living in seclusion. He is coaxed back into service after a high-profile government official convinces him to help thwart a plot to kill the President of the United States. Ultimately double-crossed and framed for the attempt, Swagger becomes the target of a nationwide manhunt. He goes on the run to track the real killer and find out who exactly set him up, and why, eventually seeking revenge against some of the most powerful and corrupt leaders in the free world.', '/2aWGxo1E5polpBjPvtBRkWp7qaS.jpg');
INSERT INTO movie_genres (movie_id, genre_id) VALUES (7485, 18);
INSERT INTO movie_genres (movie_id, genre_id) VALUES (7485, 28);
INSERT INTO movie_genres (movie_id, genre_id) VALUES (7485, 53);
INSERT INTO movies (id, title, release_date, description, poster_path) VALUES (123553, 'The Mortal Instruments: City of Bones', '2013-08-21', 'In New York City, Clary Fray, a seemingly ordinary teenager, learns that she is descended from a line of Shadowhunters — half-angel warriors who protect humanity from evil forces. After her mother disappears, Clary joins forces with a group of Shadowhunters and enters Downworld, an alternate realm filled with demons, vampires, and a host of other creatures. Clary and her companions must find and protect an ancient cup that holds the key to her mother''s future.', '/zaK1aVn5vXfNwLIDop9U8XA3Q0x.jpg');
INSERT INTO movie_genres (movie_id, genre_id) VALUES (123553, 14);
INSERT INTO movie_genres (movie_id, genre_id) VALUES (123553, 28);
INSERT INTO movie_genres (movie_id, genre_id) VALUES (123553, 9648);
INSERT INTO movies (id, title, release_date, description, poster_path) VALUES (35669, 'The Satanic Rites of Dracula', '1973-04-17', 'The police and British security forces call in Professor Van Helsing to help them investigate Satanic ritual which has been occurring in a large country house, and which has been attended by a government minister, an eminent scientist and secret service chief. The owner of the house is a mysterious property tycoon who is found to be behind a sinister plot involving a deadly plague. It is in fact Dracula who, sick of his interminable existence, has decided that he must end it all in the only possible way- by destroying every last potential victim.', '/ixkF1HcgQ8wlafCok5hHzi3iYI0.jpg');
INSERT INTO movie_genres (movie_id, genre_id) VALUES (35669, 27);
INSERT INTO movies (id, title, release_date, description, poster_path) VALUES (939790, 'OLIVIA RODRIGO: driving home 2 u (a SOUR film)', '2022-03-25', 'Grammy® winner singer-songwriter Olivia Rodrigo takes a familiar road trip from Salt Lake City, where she began writing her debut album “SOUR,” to Los Angeles. Along the way, Rodrigo recounts the memories of writing and creating her record-breaking debut album and shares her feelings as a young woman navigating a specific time in her life. Through new live arrangements of her songs, intimate interviews and never-before-seen footage from the making of the album, audiences will follow Olivia along on a cinematic journey exploring the story of “SOUR.”', '/v8tVvNTIDL2KP7a5iLDtqF2NhNL.jpg');
INSERT INTO movie_genres (movie_id, genre_id) VALUES (939790, 10402);
INSERT INTO movie_genres (movie_id, genre_id) VALUES (939790, 99);
INSERT INTO movies (id, title, release_date, description, poster_path) VALUES (1368, 'First Blood', '1982-10-22', 'When former Green Beret John Rambo is harassed by local law enforcement and arrested for vagrancy, he is forced to flee into the mountains and wage an escalating one-man war against his pursuers.', '/4aMs1TaLpf4c5aooj52BCt9Ap0.jpg');
INSERT INTO movie_genres (movie_id, genre_id) VALUES (1368, 28);
INSERT INTO movie_genres (movie_id, genre_id) VALUES (1368, 12);
INSERT INTO movie_genres (movie_id, genre_id) VALUES (1368, 53);
INSERT INTO movie_genres (movie_id, genre_id) VALUES (1368, 10752);
INSERT INTO movies (id, title, release_date, description, poster_path) VALUES (804, 'Roman Holiday', '1953-08-26', 'Overwhelmed by her suffocating schedule, touring European princess Ann takes off for a night while in Rome. When a sedative she took from her doctor kicks in, however, she falls asleep on a park bench and is found by an American reporter, Joe Bradley, who takes her back to his apartment for safety. At work the next morning, Joe finds out Ann''s regal identity and bets his editor he can get exclusive interview with her, but romance soon gets in the way.', '/8lI9dmz1RH20FAqltkGelY1v4BE.jpg');
INSERT INTO movie_genres (movie_id, genre_id) VALUES (804, 10749);
INSERT INTO movie_genres (movie_id, genre_id) VALUES (804, 35);
INSERT INTO movie_genres (movie_id, genre_id) VALUES (804, 18);
INSERT INTO movies (id, title, release_date, description, poster_path) VALUES (334, 'Magnolia', '1999-12-17', 'On one random day in the San Fernando Valley, a dying father, a young wife, a male caretaker, a famous lost son, a police officer in love, a boy genius, an ex-boy genius, a game show host and an estranged daughter will each become part of a dazzling multiplicity of plots, but one story.', '/tpfC325Jk6S38VTe5dDWjWtoyxr.jpg');
INSERT INTO movie_genres (movie_id, genre_id) VALUES (334, 18);
INSERT INTO movies (id, title, release_date, description, poster_path) VALUES (602, 'Independence Day', '1996-06-25', 'Strange phenomena surface around the globe. The skies ignite. Terror races through the world''s major cities. As these extraordinary events unfold, it becomes increasingly clear that a force of incredible magnitude has arrived. Its mission: total annihilation over the Fourth of July weekend. The last hope to stop the destruction is an unlikely group of people united by fate and unimaginable circumstances.', '/p0BPQGSPoSa8Ml0DAf2mB2kCU0R.jpg');
INSERT INTO movie_genres (movie_id, genre_id) VALUES (602, 28);
INSERT INTO movie_genres (movie_id, genre_id) VALUES (602, 12);
INSERT INTO movie_genres (movie_id, genre_id) VALUES (602, 878);
INSERT INTO movies (id, title, release_date, description, poster_path) VALUES (522478, 'Peter Rabbit 2: The Runaway', '2021-03-25', 'Peter Rabbit runs away from his human family when he learns they are going to portray him in a bad light in their book. Soon, he crosses paths with an older rabbit who ropes him into a heist.', '/cycDz68DtTjJrDJ1fV8EBq2Xdpb.jpg');
INSERT INTO movie_genres (movie_id, genre_id) VALUES (522478, 10751);
INSERT INTO movie_genres (movie_id, genre_id) VALUES (522478, 35);
INSERT INTO movie_genres (movie_id, genre_id) VALUES (522478, 12);
INSERT INTO movie_genres (movie_id, genre_id) VALUES (522478, 16);
INSERT INTO movies (id, title, release_date, description, poster_path) VALUES (522478, 'Peter Rabbit 2: The Runaway', '2021-03-25', 'Peter Rabbit runs away from his human family when he learns they are going to portray him in a bad light in their book. Soon, he crosses paths with an older rabbit who ropes him into a heist.', '/cycDz68DtTjJrDJ1fV8EBq2Xdpb.jpg');
INSERT INTO movie_genres (movie_id, genre_id) VALUES (522478, 10751);
INSERT INTO movie_genres (movie_id, genre_id) VALUES (522478, 35);
INSERT INTO movie_genres (movie_id, genre_id) VALUES (522478, 12);
INSERT INTO movie_genres (movie_id, genre_id) VALUES (522478, 16);
INSERT INTO movies (id, title, release_date, description, poster_path) VALUES (10431, 'War', '2007-08-24', 'FBI agent Jack Crawford is out for revenge when his partner is killed and all clues point to the mysterious assassin Rogue. But when Rogue turns up years later to take care of some unfinished business, he triggers a violent clash of rival gangs. Will the truth come out before it''s too late? And when the dust settles, who will remain standing?', '/scFc8RD4sFxB2x0eIOaymphMnYh.jpg');
INSERT INTO movie_genres (movie_id, genre_id) VALUES (10431, 28);
INSERT INTO movie_genres (movie_id, genre_id) VALUES (10431, 80);
INSERT INTO movie_genres (movie_id, genre_id) VALUES (10431, 53);
INSERT INTO movies (id, title, release_date, description, poster_path) VALUES (308695, 'The Lost Legion', '2014-12-02', 'Following the fall of the Roman Empire, a Roman woman plots to make her son the new Emperor and to fulfill the former glory of the city.', '/gvgvgR3H7DLUnGVipEsYUKsmALe.jpg');
INSERT INTO movie_genres (movie_id, genre_id) VALUES (308695, 36);
INSERT INTO movie_genres (movie_id, genre_id) VALUES (308695, 28);
INSERT INTO movie_genres (movie_id, genre_id) VALUES (308695, 12);
INSERT INTO movies (id, title, release_date, description, poster_path) VALUES (19912, 'The Final Destination', '2009-08-26', 'A horrifying premonition saves a young man and his friends from death during a racetrack accident but terrible fates await them nonetheless.', '/5vxXrr1MqGsT4NNeRITpfDnl4Rq.jpg');
INSERT INTO movie_genres (movie_id, genre_id) VALUES (19912, 27);
INSERT INTO movie_genres (movie_id, genre_id) VALUES (19912, 9648);
INSERT INTO movies (id, title, release_date, description, poster_path) VALUES (1995, 'Lara Croft: Tomb Raider', '2001-06-15', 'Orphaned heiress, English aristocrat and intrepid archaeologist, Lara Croft, embarks on a dangerous quest to retrieve the two halves of an ancient artifact which controls time before it falls into the wrong hands. As an extremely rare planetary alignment is about to occur for the first time in 5,000 years, the fearless tomb raider will have to team up with rival adventurers and sworn enemies to collect the pieces, while time is running out. But, in the end, who can harness the archaic talisman''s unlimited power?', '/7WyMvoqPYJe5g1ENsbLTv40pUrX.jpg');
INSERT INTO movie_genres (movie_id, genre_id) VALUES (1995, 12);
INSERT INTO movie_genres (movie_id, genre_id) VALUES (1995, 28);
INSERT INTO movie_genres (movie_id, genre_id) VALUES (1995, 14);
INSERT INTO movies (id, title, release_date, description, poster_path) VALUES (263358, 'American Stories: Food, Family and Philosophy', '1989-10-04', 'Chantal Akerman explores Jewish American identity in this multilayered portrait of the immigrant experience. Shot in Brooklyn near the Williamsburg Bridge, Histoires D''Amérique takes the form of a series of first-person addresses delivered by a cross-section of Jewish New Yorkers, whose by turns tragic and humorous tales speak to a collective history of trauma, displacement, and resilience.', '/yHqIJA9wb4M3p40HiFxl9MKOZAY.jpg');
INSERT INTO movie_genres (movie_id, genre_id) VALUES (263358, 18);
INSERT INTO movies (id, title, release_date, description, poster_path) VALUES (532656, 'Perfect Skin', '2019-01-26', 'Katia, a young Polish woman adrift in London, meets Bob, an American tattoo artist. Katia is drawn to his mysterious aura and the taboo culture of body modification, but Bob has a dark, secret desire to leave his mark on the world and little does Katia know that her fascination with him will put her life in danger.', '/qxRHQjLDcgweQVaB7bsLpueLbzB.jpg');
INSERT INTO movie_genres (movie_id, genre_id) VALUES (532656, 27);
INSERT INTO movie_genres (movie_id, genre_id) VALUES (532656, 53);
INSERT INTO movies (id, title, release_date, description, poster_path) VALUES (1239655, 'Friendship', '2025-05-09', 'Suburban dad Craig falls hard for his charismatic new neighbor Austin, as Craig’s attempts to make an adult male friend threaten to ruin both of their lives.', '/eikAu9gPJTQQmwFwa1zX5Hfz96P.jpg');
INSERT INTO movie_genres (movie_id, genre_id) VALUES (1239655, 35);
INSERT INTO movies (id, title, release_date, description, poster_path) VALUES (22970, 'The Cabin in the Woods', '2012-04-12', 'A group of teens journey to a remote cabin in the woods where their fate is unknowingly controlled by technicians as part of a worldwide conspiracy where all horror movie clichés are revealed to be part of an elaborate sacrifice ritual.', '/zZZe5wn0udlhMtdlDjN4NB72R6e.jpg');
INSERT INTO movie_genres (movie_id, genre_id) VALUES (22970, 27);
INSERT INTO movie_genres (movie_id, genre_id) VALUES (22970, 9648);
INSERT INTO movie_genres (movie_id, genre_id) VALUES (22970, 35);
INSERT INTO movies (id, title, release_date, description, poster_path) VALUES (1738, 'Next', '2007-04-25', 'Las Vegas showroom magician Cris Johnson has a secret which torments him: he can see a few minutes into the future. Sick of the examinations he underwent as a child and the interest of the government and medical establishment in his power, he lies low under an assumed name in Vegas, performing cheap tricks and living off small-time gambling "winnings." But when a terrorist group threatens to detonate a nuclear device in Los Angeles, government agent Callie Ferris must use all her wiles to capture Cris and convince him to help her stop the cataclysm.', '/wtBOCJBCP0MWNjmBwjMAzbwgtTK.jpg');
INSERT INTO movie_genres (movie_id, genre_id) VALUES (1738, 28);
INSERT INTO movie_genres (movie_id, genre_id) VALUES (1738, 878);
INSERT INTO movie_genres (movie_id, genre_id) VALUES (1738, 53);
INSERT INTO movies (id, title, release_date, description, poster_path) VALUES (117251, 'White House Down', '2013-06-27', 'Capitol Policeman John Cale has just been denied his dream job with the Secret Service protecting President James Sawyer. Not wanting to let down his little girl with the news, he takes her on a tour of the White House, when the complex is overtaken by a heavily armed paramilitary group. Now, with the nation''s government falling into chaos and time running out, it''s up to Cale to save the president, his daughter, and the country.', '/6TeIVKPw7nXXWy2zKmDmlnSwzb7.jpg');
INSERT INTO movie_genres (movie_id, genre_id) VALUES (117251, 28);
INSERT INTO movie_genres (movie_id, genre_id) VALUES (117251, 18);
INSERT INTO movie_genres (movie_id, genre_id) VALUES (117251, 53);
INSERT INTO movies (id, title, release_date, description, poster_path) VALUES (93, 'Anatomy of a Murder', '1959-07-01', 'Semi-retired Michigan lawyer Paul Biegler takes the case of Army Lt. Manion, who murdered a local innkeeper after his wife claimed that he raped her. Over the course of an extensive trial, Biegler parries with District Attorney Lodwick and out-of-town prosecutor Claude Dancer to set his client free, but his case rests on the victim''s mysterious business partner, who''s hiding a dark secret.', '/b2G1QSAwtBv9luhEwErIgSRaU92.jpg');
INSERT INTO movie_genres (movie_id, genre_id) VALUES (93, 80);
INSERT INTO movie_genres (movie_id, genre_id) VALUES (93, 18);
INSERT INTO movie_genres (movie_id, genre_id) VALUES (93, 9648);
INSERT INTO movies (id, title, release_date, description, poster_path) VALUES (473812, 'Jerry Before Seinfeld', '2017-09-19', 'Jerry Seinfeld returns to the club that gave him his start in the 1970s, mixing iconic jokes with stories from his childhood and early days in comedy.', '/1HsldceVUztgRztwp3pOaVRJVlp.jpg');
INSERT INTO movie_genres (movie_id, genre_id) VALUES (473812, 35);
INSERT INTO movie_genres (movie_id, genre_id) VALUES (473812, 99);
INSERT INTO movies (id, title, release_date, description, poster_path) VALUES (47360, 'Deathstalker III: The Warriors from Hell', '1988-01-01', 'Deathstalker’s back—and this time he’s facing off against Troxartes, an evil wizard with a zombie army and two magical jewels that hold the key to the lost city of Erendor. Teaming up with Princess Carissa, Deathstalker must protect the third gem, storm a heavily guarded fortress, and ride a bolt of lightning straight into battle.', '/v02COOci4mePyLwn2447PdbnCxz.jpg');
INSERT INTO movie_genres (movie_id, genre_id) VALUES (47360, 28);
INSERT INTO movie_genres (movie_id, genre_id) VALUES (47360, 12);
INSERT INTO movie_genres (movie_id, genre_id) VALUES (47360, 14);
INSERT INTO movies (id, title, release_date, description, poster_path) VALUES (932420, 'Code 8 Part II', '2024-02-27', 'In a world where superpowered people are heavily policed by robots, an ex-con teams up with a drug lord he despises to protect a teen from a corrupt cop.', '/h89INyaoH16CdlT7q7BtKikIFRy.jpg');
INSERT INTO movie_genres (movie_id, genre_id) VALUES (932420, 878);
INSERT INTO movie_genres (movie_id, genre_id) VALUES (932420, 28);
INSERT INTO movie_genres (movie_id, genre_id) VALUES (932420, 80);
INSERT INTO movies (id, title, release_date, description, poster_path) VALUES (760049, 'Schneider’s Anti-Noise Crusade', '1909-04-08', 'Schneider is trying to write a speech but he can''t concentrate with all the noise around him. During the night, Schneider catches burglars in his house, but when he sees they are stealing all the noisy distractions, he helps them get away.', 'null');
INSERT INTO movie_genres (movie_id, genre_id) VALUES (760049, 35);
INSERT INTO movies (id, title, release_date, description, poster_path) VALUES (57165, 'Wrath of the Titans', '2012-03-28', 'Perseus tries to live a quieter life as a village fisherman while – dangerously weakened by humanity''s lack of devotion – the gods are losing control of the long-imprisoned Titans and their ferocious leader, Kronos.', '/b9n2R3xZWQ8MVZgndQoV34stS0h.jpg');
INSERT INTO movie_genres (movie_id, genre_id) VALUES (57165, 14);
INSERT INTO movie_genres (movie_id, genre_id) VALUES (57165, 12);
INSERT INTO movie_genres (movie_id, genre_id) VALUES (57165, 28);
INSERT INTO movies (id, title, release_date, description, poster_path) VALUES (8810, 'Mad Max 2', '1981-12-24', 'Max Rockatansky returns as the heroic loner who drives the dusty roads of a postapocalyptic Australian Outback in an unending search for gasoline. Arrayed against him and the other scraggly defendants of a fuel-depot encampment are the bizarre warriors commanded by the charismatic Lord Humungus, a violent leader whose scruples are as barren as the surrounding landscape.', '/l1KVEhkGDpWRzQ0VqIhZqDDuOim.jpg');
INSERT INTO movie_genres (movie_id, genre_id) VALUES (8810, 12);
INSERT INTO movie_genres (movie_id, genre_id) VALUES (8810, 28);
INSERT INTO movie_genres (movie_id, genre_id) VALUES (8810, 53);
INSERT INTO movie_genres (movie_id, genre_id) VALUES (8810, 878);
INSERT INTO movies (id, title, release_date, description, poster_path) VALUES (738005, 'Chadwick Boseman: A Tribute for a King', '2020-08-30', 'A tribute to Chadwick Boseman, celebrating his life and legacy.', '/3TKR326AjEOtizPqfiKdEeb6IrR.jpg');
INSERT INTO movie_genres (movie_id, genre_id) VALUES (738005, 99);
INSERT INTO movies (id, title, release_date, description, poster_path) VALUES (1302916, 'Heart Eyes', '2025-02-06', 'When the "Heart Eyes Killer" strikes Seattle, a pair of co-workers pulling overtime on Valentine''s Day are mistaken for a couple by the elusive couple-hunting killer. Now, they must spend the most romantic night of the year running for their lives.', '/ebqttF1Vjgde6uSFBEw9mta7Hd3.jpg');
INSERT INTO movie_genres (movie_id, genre_id) VALUES (1302916, 27);
INSERT INTO movie_genres (movie_id, genre_id) VALUES (1302916, 35);
INSERT INTO movie_genres (movie_id, genre_id) VALUES (1302916, 10749);
INSERT INTO movies (id, title, release_date, description, poster_path) VALUES (1093760, 'The Dancing Detective: A Deadly Tango', '2023-06-02', 'Constance Bailey is a no-nonsense detective who prefers to work alone. When a high-profile CEO is murdered on the eve of his company’s corporate event in Malta – a high-stakes ballroom competition between senior executives – Detective Bailey is sent undercover as one of the contestants. The only problem? She can’t dance. To convincingly compete, she must team up with charismatic and free-spirited performer Sebastian Moore. But with a killer on the loose and a growing list of suspects, it’s going to take more than a little fancy footwork to solve this case.', '/cYm3UlMTQHDFC5LXekGFbBbYALV.jpg');
INSERT INTO movie_genres (movie_id, genre_id) VALUES (1093760, 10770);
INSERT INTO movie_genres (movie_id, genre_id) VALUES (1093760, 9648);
INSERT INTO movie_genres (movie_id, genre_id) VALUES (1093760, 18);
INSERT INTO movie_genres (movie_id, genre_id) VALUES (1093760, 80);
INSERT INTO movies (id, title, release_date, description, poster_path) VALUES (514999, 'Murder Mystery', '2019-05-25', 'On a long-awaited trip to Europe, a New York City cop and his hairdresser wife scramble to solve a baffling murder aboard a billionaire''s yacht.', '/bSMSO9xupd4R4vwTPqigHn2quLN.jpg');
INSERT INTO movie_genres (movie_id, genre_id) VALUES (514999, 28);
INSERT INTO movie_genres (movie_id, genre_id) VALUES (514999, 35);
INSERT INTO movie_genres (movie_id, genre_id) VALUES (514999, 9648);
INSERT INTO movies (id, title, release_date, description, poster_path) VALUES (440244, 'A Connecticut Yankee in King Arthur''s Court', '1970-08-13', 'Animated Remake', '/pHrkXla3PPPoeaZXuMjnE5JpUTM.jpg');
INSERT INTO movie_genres (movie_id, genre_id) VALUES (440244, 16);
INSERT INTO movies (id, title, release_date, description, poster_path) VALUES (15255, 'Undisputed II: Last Man Standing', '2006-04-11', 'Heavyweight Champ George "Iceman" Chambers is sent to a Russian jail on trumped-up drug charges. In order to win his freedom he must fight against the jailhouse fighting champ Uri Boyka in a battle to the death. This time he is not fighting for a title, he is fighting for his life!', '/2gMCokqpIJoh6u5o06LlOZWsI3k.jpg');
INSERT INTO movie_genres (movie_id, genre_id) VALUES (15255, 28);
INSERT INTO movie_genres (movie_id, genre_id) VALUES (15255, 80);
INSERT INTO movie_genres (movie_id, genre_id) VALUES (15255, 53);
INSERT INTO movie_genres (movie_id, genre_id) VALUES (15255, 18);
INSERT INTO movies (id, title, release_date, description, poster_path) VALUES (115, 'The Big Lebowski', '1998-03-06', 'Jeffrey ''The Dude'' Lebowski, a Los Angeles slacker who only wants to bowl and drink White Russians, is mistaken for another Jeffrey Lebowski, a wheelchair-bound millionaire, and finds himself dragged into a strange series of events involving nihilists, adult film producers, ferrets, errant toes, and large sums of money.', '/9mprbw31MGdd66LR0AQKoDMoFRv.jpg');
INSERT INTO movie_genres (movie_id, genre_id) VALUES (115, 35);
INSERT INTO movie_genres (movie_id, genre_id) VALUES (115, 80);
INSERT INTO movies (id, title, release_date, description, poster_path) VALUES (9679, 'Gone in Sixty Seconds', '2000-06-09', 'Upon learning that he has to come out of retirement to steal 50 cars in one night to save his brother Kip''s life, former car thief Randall "Memphis" Raines enlists help from a few "boost happy" pals to accomplish a seemingly impossible feat. From countless car chases to relentless cops, the high-octane excitement builds as Randall swerves around more than a few roadblocks to keep Kip alive.', '/fToQDmkBtiXYGh9xfgAh3gpo6GZ.jpg');
INSERT INTO movie_genres (movie_id, genre_id) VALUES (9679, 28);
INSERT INTO movie_genres (movie_id, genre_id) VALUES (9679, 80);
INSERT INTO movie_genres (movie_id, genre_id) VALUES (9679, 53);
INSERT INTO movies (id, title, release_date, description, poster_path) VALUES (9703, 'The Last Legion', '2007-04-19', 'As the Roman empire crumbles, young Romulus Augustus flees the city and embarks on a perilous voyage to Britain to track down a legion of supporters.', '/k2jaEoOsTEMqSskBJm3gfcuxNEc.jpg');
INSERT INTO movie_genres (movie_id, genre_id) VALUES (9703, 28);
INSERT INTO movie_genres (movie_id, genre_id) VALUES (9703, 12);
INSERT INTO movie_genres (movie_id, genre_id) VALUES (9703, 14);
INSERT INTO movie_genres (movie_id, genre_id) VALUES (9703, 10752);
INSERT INTO movies (id, title, release_date, description, poster_path) VALUES (997162, 'Marmalade', '2024-02-08', 'Baron, an imprisoned man, strikes up a friendship with cellmate Otis. As the pair hatch an escape plan together, Baron recalls the story of how he met Marmalade, the love of his life, and their Bonnie and Clyde scheme to rob a bank in order to care for his sick mother and give the couple the life they’ve always dreamed of.', '/yt66TPbmJn8E4LepeLhBO5V1AED.jpg');
INSERT INTO movie_genres (movie_id, genre_id) VALUES (997162, 80);
INSERT INTO movie_genres (movie_id, genre_id) VALUES (997162, 53);
INSERT INTO movie_genres (movie_id, genre_id) VALUES (997162, 10749);
INSERT INTO movie_genres (movie_id, genre_id) VALUES (997162, 18);
INSERT INTO movies (id, title, release_date, description, poster_path) VALUES (876911, 'Parallel', '2024-02-23', 'Grief-stricken after the loss of her child, Vanessa takes refuge at a lake house only to be met with an aberration of herself from a parallel universe and realizes the multiverse gates hold the key to releasing her grief or trapping her forever.', '/4RQ2xOgRjw00ge7f2srg3bBAwZp.jpg');
INSERT INTO movie_genres (movie_id, genre_id) VALUES (876911, 878);
INSERT INTO movie_genres (movie_id, genre_id) VALUES (876911, 53);
INSERT INTO movie_genres (movie_id, genre_id) VALUES (876911, 18);
INSERT INTO movies (id, title, release_date, description, poster_path) VALUES (124905, 'Godzilla', '2014-05-14', 'Ford Brody, a Navy bomb expert, has just reunited with his family in San Francisco when he is forced to go to Japan to help his estranged father, Joe. Soon, both men are swept up in an escalating crisis when an ancient alpha predator arises from the sea to combat malevolent adversaries that threaten the survival of humanity. The creatures leave colossal destruction in their wake, as they make their way toward their final battleground: San Francisco.', '/zokD6uxR2iWfYM3Y84yGJvnNTK7.jpg');
INSERT INTO movie_genres (movie_id, genre_id) VALUES (124905, 28);
INSERT INTO movie_genres (movie_id, genre_id) VALUES (124905, 18);
INSERT INTO movie_genres (movie_id, genre_id) VALUES (124905, 878);
INSERT INTO movies (id, title, release_date, description, poster_path) VALUES (458594, 'Peppermint', '2018-09-06', 'A grieving mother transforms herself into a vigilante following the murders of her husband and daughter, eluding the authorities to deliver her own personal brand of justice.', '/jrzxS0vcbzIIay1sdYm0rgI2QfJ.jpg');
INSERT INTO movie_genres (movie_id, genre_id) VALUES (458594, 28);
INSERT INTO movie_genres (movie_id, genre_id) VALUES (458594, 53);
INSERT INTO movies (id, title, release_date, description, poster_path) VALUES (1141581, 'Kelas Bintang - Staycation', '2023-06-13', 'Kelas Bintang is back with this pack of drama called Staycation.', '/oZGKXxmVyST8kF3mQRVBpdzY6bb.jpg');
INSERT INTO movie_genres (movie_id, genre_id) VALUES (1141581, 18);
INSERT INTO movie_genres (movie_id, genre_id) VALUES (1141581, 10749);
INSERT INTO movies (id, title, release_date, description, poster_path) VALUES (1101401, 'Sugar Baby', '2024-10-15', 'An enterprising Sugar Baby is offered $30,000 to move in with her Sugar Daddy for the week, but soon discovers the sinister secrets trapped within his home.', '/z7NyxmdJ1ypn3Y6BVizjGODuBdO.jpg');
INSERT INTO movie_genres (movie_id, genre_id) VALUES (1101401, 53);
INSERT INTO movie_genres (movie_id, genre_id) VALUES (1101401, 35);
INSERT INTO movies (id, title, release_date, description, poster_path) VALUES (887357, 'Green Lantern: Beware My Power', '2022-05-19', 'Recently discharged Marine sniper John Stewart is at a crossroads in his life, one which is only complicated by receiving an extraterrestrial ring which grants him the powers of the Green Lantern of Earth. Unfortunately, the ring doesn''t come with instructions - but it does come with baggage, like a horde of interplanetary killers bent on eliminating every Green Lantern in the universe. Now, with the aid of the light-hearted Green Arrow, Adam Strange and Hawkgirl, this reluctant soldier must journey into the heart of a galactic Rann/Thanagar war and somehow succeed where all other Green Lanterns have failed.', '/fSSvyX9rrdsDyY3oWLxCCyy34qZ.jpg');
INSERT INTO movie_genres (movie_id, genre_id) VALUES (887357, 16);
INSERT INTO movie_genres (movie_id, genre_id) VALUES (887357, 28);
INSERT INTO movie_genres (movie_id, genre_id) VALUES (887357, 878);
INSERT INTO movie_genres (movie_id, genre_id) VALUES (887357, 14);
INSERT INTO movies (id, title, release_date, description, poster_path) VALUES (9374, 'Death Becomes Her', '1992-07-30', 'Madeline is married to Ernest, who was once her arch-rival Helen''s fiancé. After recovering from a mental breakdown, Helen vows to kill Madeline and steal back Ernest. Unfortunately for everyone, the introduction of a magic potion causes things to be a great deal more complicated than a mere murder plot.', '/kkWxyyyWFK5KNk9WVwQuGEC9H9H.jpg');
INSERT INTO movie_genres (movie_id, genre_id) VALUES (9374, 35);
INSERT INTO movie_genres (movie_id, genre_id) VALUES (9374, 14);
INSERT INTO movie_genres (movie_id, genre_id) VALUES (9374, 27);
INSERT INTO movies (id, title, release_date, description, poster_path) VALUES (205584, 'Gods of Egypt', '2016-02-25', 'A common thief joins a mythical god on a quest through Egypt.', '/hzH7fwaTyQNITLo40Hu3R7cVMqv.jpg');
INSERT INTO movie_genres (movie_id, genre_id) VALUES (205584, 28);
INSERT INTO movie_genres (movie_id, genre_id) VALUES (205584, 12);
INSERT INTO movie_genres (movie_id, genre_id) VALUES (205584, 14);
INSERT INTO movies (id, title, release_date, description, poster_path) VALUES (11586, 'Exorcist II: The Heretic', '1977-06-17', 'Bizarre nightmares plague Regan MacNeil four years after her possession and exorcism. Has the demon returned? And if so, can the combined faith and knowledge of a Vatican investigator and a research specialist free her from its grasp?', '/g9i3LTMYLRHvCYSKimZEfd1Vqy7.jpg');
INSERT INTO movie_genres (movie_id, genre_id) VALUES (11586, 27);
INSERT INTO movies (id, title, release_date, description, poster_path) VALUES (85798, 'Wild Thing', '1987-04-17', 'A child witnesses drug dealers murder his parents. He escapes and grows up wild in the city''s slums. Years later he emerges to help the residents of the area who are being terrorized by street gangs and drug dealers.', '/qRirxsDqOsuABds7INM3UE5fshQ.jpg');
INSERT INTO movie_genres (movie_id, genre_id) VALUES (85798, 53);
INSERT INTO movie_genres (movie_id, genre_id) VALUES (85798, 28);
INSERT INTO movie_genres (movie_id, genre_id) VALUES (85798, 18);
INSERT INTO movies (id, title, release_date, description, poster_path) VALUES (190060, 'He Stands in a Desert Counting the Seconds of His Life', '1986-02-22', 'A film collage tracing the story of the lives, loves, and deaths within the artistic community surrounding Jonas Mekas.', '/ffTB0xCRFyxYme3LQUlwOKJpsEZ.jpg');
INSERT INTO movie_genres (movie_id, genre_id) VALUES (190060, 99);
INSERT INTO movies (id, title, release_date, description, poster_path) VALUES (1718, 'Santa Fe Trail', '1940-12-20', 'As a penalty for fighting fellow classmates days before graduating from West Point, J.E.B. Stuart, George Armstrong Custer and four friends are assigned to the 2nd Cavalry, stationed at Fort Leavenworth. While there they aid in the capture and execution of the abolitionist, John Brown following the Battle of Harper''s Ferry.', '/uBtJzonmF9uOFrDXlqQuxTfMwl7.jpg');
INSERT INTO movie_genres (movie_id, genre_id) VALUES (1718, 37);
INSERT INTO movies (id, title, release_date, description, poster_path) VALUES (115964, 'Glastonbury: The Movie in Flashback', '1995-04-08', 'A comprehensive re-edit of the source footage shot in 1993 for the original 1995 film, charting three days at the Glastonbury music festival.', '/nOoBrMW4VE0t5kYbnrNJd8wsv0m.jpg');
INSERT INTO movie_genres (movie_id, genre_id) VALUES (115964, 99);
INSERT INTO movies (id, title, release_date, description, poster_path) VALUES (1511122, 'The Drowned', '2025-10-07', 'The Drowned follows three thieves who have just stolen a priceless painting and arrive at a secluded safe house by the sea, only to discover their fourth accomplice is missing. They must question whether one of them was responsible for her disappearance, or if the blame lies with a more sinister presence lurking in the deep water below.', '/9EwX2jX9TvznIwRaPxABiRyTiHz.jpg');
INSERT INTO movie_genres (movie_id, genre_id) VALUES (1511122, 27);
INSERT INTO movie_genres (movie_id, genre_id) VALUES (1511122, 9648);
INSERT INTO movies (id, title, release_date, description, poster_path) VALUES (545612, 'Curse of the Nun', '2018-05-09', 'A damaged young woman is looking forward to moving to a beautiful new home, but the spirit of a deranged nun wants her to stay right where she is.', '/3r0JKOYrOmTlI2NMJtToUr8D7dp.jpg');
INSERT INTO movie_genres (movie_id, genre_id) VALUES (545612, 27);
INSERT INTO movies (id, title, release_date, description, poster_path) VALUES (623, 'A Fish Called Wanda', '1988-07-15', 'While a diamond advocate attempts to steal a collection of diamonds, troubles arise when he realises he’s not the only one after the collection.', '/hkSGFNVfEEUXFCxRZDITFHVhUlu.jpg');
INSERT INTO movie_genres (movie_id, genre_id) VALUES (623, 35);
INSERT INTO movie_genres (movie_id, genre_id) VALUES (623, 80);
INSERT INTO movies (id, title, release_date, description, poster_path) VALUES (1360818, 'LOUDER: The Soundtrack of Change', '2024-10-16', 'A celebration of music and rallying cry that takes viewers on a journey across generations, eras, and genres, anchored by a female chorus of musical icons, whose songs, voices, and activism provided inspiration for the past and current fight for equality for all.', '/uLlxVonZmMzgM2QL6D3YdgLDWgQ.jpg');
INSERT INTO movie_genres (movie_id, genre_id) VALUES (1360818, 10402);
INSERT INTO movie_genres (movie_id, genre_id) VALUES (1360818, 99);
INSERT INTO movies (id, title, release_date, description, poster_path) VALUES (1281826, 'One Fast Move', '2024-08-07', 'A dishonorably discharged soldier seeks out his estranged father to help him pursue his dream of becoming a professional motorcycle racer. While training, he meets a small-town, aspiring singer and a motorcycle shop owner who begin to break down the walls his father''s absence had built up.', '/hdBUjfbdr1ymS0kycAT7qguOmWA.jpg');
INSERT INTO movie_genres (movie_id, genre_id) VALUES (1281826, 28);
INSERT INTO movie_genres (movie_id, genre_id) VALUES (1281826, 18);
INSERT INTO movie_genres (movie_id, genre_id) VALUES (1281826, 10749);
INSERT INTO movies (id, title, release_date, description, poster_path) VALUES (8277, 'American Pie Presents: Beta House', '2007-12-19', 'Erik, Ryan, and Cooze start college and pledge the Beta House fraternity, presided over by none other than legendary Dwight Stifler. But chaos ensues when a fraternity of geeks threatens to stop the debauchery and the Betas have to make a stand for their right to party.', '/j7eGbwVb9hTaRFWMlSa7C1OYp3T.jpg');
INSERT INTO movie_genres (movie_id, genre_id) VALUES (8277, 35);
INSERT INTO movies (id, title, release_date, description, poster_path) VALUES (5503, 'The Fugitive', '1993-08-06', 'Wrongfully convicted of murdering his wife and sentenced to death, Richard Kimble escapes from the law in an attempt to find the real killer and clear his name.', '/b3rEtLKyOnF89mcK75GXDXdmOEf.jpg');
INSERT INTO movie_genres (movie_id, genre_id) VALUES (5503, 28);
INSERT INTO movie_genres (movie_id, genre_id) VALUES (5503, 53);
INSERT INTO movie_genres (movie_id, genre_id) VALUES (5503, 18);
INSERT INTO movies (id, title, release_date, description, poster_path) VALUES (67729, 'Doom Asylum', '1988-03-02', 'A demented former lawyer uses autopsy equipment to kill off the teenagers who trespass on the long-abandoned asylum he inhabits. Filmed on location in an actual abandoned asylum.', '/3JF6jxFpg7vJftePtIBy42F8p0v.jpg');
INSERT INTO movie_genres (movie_id, genre_id) VALUES (67729, 27);
INSERT INTO movie_genres (movie_id, genre_id) VALUES (67729, 35);
INSERT INTO movies (id, title, release_date, description, poster_path) VALUES (375262, 'The Favourite', '2018-11-23', 'England, early 18th century. The close relationship between Queen Anne and Sarah Churchill is threatened by the arrival of Sarah''s cousin, Abigail Hill, resulting in a bitter rivalry between the two cousins to be the Queen''s favourite.', '/cwBq0onfmeilU5xgqNNjJAMPfpw.jpg');
INSERT INTO movie_genres (movie_id, genre_id) VALUES (375262, 36);
INSERT INTO movie_genres (movie_id, genre_id) VALUES (375262, 35);
INSERT INTO movie_genres (movie_id, genre_id) VALUES (375262, 18);
INSERT INTO movies (id, title, release_date, description, poster_path) VALUES (9373, 'The Texas Chainsaw Massacre', '2003-05-21', 'After picking up a traumatized young hitchhiker, five friends find themselves stalked and hunted by a chainsaw-wielding killer and his family of equally psychopathic killers.', '/pIv8TpKhPb02mmU1Gcej0yMLOlP.jpg');
INSERT INTO movie_genres (movie_id, genre_id) VALUES (9373, 27);
INSERT INTO movies (id, title, release_date, description, poster_path) VALUES (976576, 'Emmanuelle', '2024-09-25', 'While traveling, Emmanuelle meets Kei, a man who constantly eludes her. Though she indulges in the many alluring distractions, she can’t shake their chance encounter. Will she submit to her basest desires to forge a deeper relationship?', '/z0s0gmgD0FwEXsz0fkH2025Ohnk.jpg');
INSERT INTO movie_genres (movie_id, genre_id) VALUES (976576, 18);
INSERT INTO movie_genres (movie_id, genre_id) VALUES (976576, 10749);
INSERT INTO movies (id, title, release_date, description, poster_path) VALUES (358660, 'The Land of Robert Burns', '1956-01-02', 'This short, evocative account of the poet''s life is set among contemporary scenes of the people of south-west Scotland as they grow from children to manhood. A representative selection of his songs takes on fresh significance when heard against a background of the people and the countryside he knew and loved. The film''s score is by Cedric Thorpe Davie, and the songs are sung by the Saltire Singers.', 'null');
INSERT INTO movie_genres (movie_id, genre_id) VALUES (358660, 99);
INSERT INTO movies (id, title, release_date, description, poster_path) VALUES (36593, 'Naked Gun 33⅓: The Final Insult', '1994-03-18', 'Frank Drebin is persuaded out of retirement to go undercover in a state prison. There he has to find out what top terrorist, Rocco, has planned for when he escapes. Adding to his problems, Frank''s wife, Jane, is desperate for a baby.', '/p0AYsdgkudR9P5fNV5AjzbwQt8W.jpg');
INSERT INTO movie_genres (movie_id, genre_id) VALUES (36593, 35);
INSERT INTO movie_genres (movie_id, genre_id) VALUES (36593, 80);
INSERT INTO movies (id, title, release_date, description, poster_path) VALUES (445710, 'Children of the Corn: Runaway', '2018-03-13', 'The plot of Children of the Corn: Runaway follows a young pregnant Ruth who escapes a murderous child cult in a small Midwestern town. She spends the next decade living anonymously in an attempt to spare her son the horrors that she experienced as a child. She lands in the small Oklahoma town, but something is following her. Now, she must confront this evil or lose her child.', '/6PHzwnvTYLMdIHzJaMx9jUJlWXh.jpg');
INSERT INTO movie_genres (movie_id, genre_id) VALUES (445710, 27);
INSERT INTO movies (id, title, release_date, description, poster_path) VALUES (798021, 'Family Switch', '2023-11-30', 'When the Walker family members switch bodies with each other during a rare planetary alignment, their hilarious journey to find their way back to normal will bring them closer together than they ever thought possible.', '/xUJJXVugggonJ0hpWtj9Qsxode1.jpg');
INSERT INTO movie_genres (movie_id, genre_id) VALUES (798021, 35);
INSERT INTO movie_genres (movie_id, genre_id) VALUES (798021, 14);
INSERT INTO movie_genres (movie_id, genre_id) VALUES (798021, 10751);
INSERT INTO movies (id, title, release_date, description, poster_path) VALUES (809980, '1946: The Mistranslation That Shifted Culture', '2022-11-12', 'Seeking to uncover the origins of the rabid homophobia of the conservative church, a gay seminary scholar and a straight activist make a shocking discovery: In 1946 an erroneous translation of the term homosexual in the Bible that has been weaponized against the LGBTQIA+ community ever since.', '/airiOQX81h9KrXGsUx3RK8sp9Hn.jpg');
INSERT INTO movie_genres (movie_id, genre_id) VALUES (809980, 99);
INSERT INTO movies (id, title, release_date, description, poster_path) VALUES (858024, 'Hamnet', '2025-11-27', 'The powerful story of love and loss that inspired the creation of Shakespeare''s timeless masterpiece, Hamlet.', '/nYpdDBQPsogtbV7Uf7qF6J0b9UJ.jpg');
INSERT INTO movie_genres (movie_id, genre_id) VALUES (858024, 18);
INSERT INTO movie_genres (movie_id, genre_id) VALUES (858024, 36);
INSERT INTO movie_genres (movie_id, genre_id) VALUES (858024, 10749);
INSERT INTO movies (id, title, release_date, description, poster_path) VALUES (39516, 'The Fallen', '2004-01-01', 'Northern Italy, Autumn 1944, the last days of World War II. Germans and Italians try to defend the Gothic Line and fight the partisans who support the inexorable advance of the US Army.', '/lrTFGBECgZ77JeG8VXomBy4U0jD.jpg');
INSERT INTO movie_genres (movie_id, genre_id) VALUES (39516, 18);
INSERT INTO movie_genres (movie_id, genre_id) VALUES (39516, 10752);
INSERT INTO movies (id, title, release_date, description, poster_path) VALUES (65, '8 Mile', '2002-11-08', 'For Jimmy Smith, Jr., life is a daily fight just to keep hope alive. Feeding his dreams in Detroit''s vibrant music scene, Jimmy wages an extraordinary personal struggle to find his own voice - and earn a place in a world where rhymes rule, legends are born and every moment… is another chance.', '/7BmQj8qE1FLuLTf7Xjf9sdIHzoa.jpg');
INSERT INTO movie_genres (movie_id, genre_id) VALUES (65, 18);
INSERT INTO movie_genres (movie_id, genre_id) VALUES (65, 10402);
INSERT INTO movies (id, title, release_date, description, poster_path) VALUES (324670, 'Spectral', '2016-12-09', 'A special-ops team is dispatched to fight supernatural beings that have taken over a European city.', '/b38TATFWkb3TRNUIPcvGiErRzrw.jpg');
INSERT INTO movie_genres (movie_id, genre_id) VALUES (324670, 878);
INSERT INTO movie_genres (movie_id, genre_id) VALUES (324670, 53);
INSERT INTO movie_genres (movie_id, genre_id) VALUES (324670, 28);
INSERT INTO movies (id, title, release_date, description, poster_path) VALUES (556574, 'Hamilton', '2025-09-05', 'Presenting the tale of American founding father Alexander Hamilton, this filmed version of the original Broadway smash hit is the story of America then, told by America now.', '/h1B7tW0t399VDjAcWJh8m87469b.jpg');
INSERT INTO movie_genres (movie_id, genre_id) VALUES (556574, 36);
INSERT INTO movie_genres (movie_id, genre_id) VALUES (556574, 18);
INSERT INTO movies (id, title, release_date, description, poster_path) VALUES (6844, 'The Ten Commandments', '1956-10-05', 'Escaping death, a Hebrew infant is raised in a royal household to become a prince. Upon discovery of his true heritage, Moses embarks on a personal quest to reclaim his destiny as the leader and liberator of the Hebrew people.', '/3Ei59AR64x6dMZfWobPCkZjbqTL.jpg');
INSERT INTO movie_genres (movie_id, genre_id) VALUES (6844, 18);
INSERT INTO movie_genres (movie_id, genre_id) VALUES (6844, 36);
INSERT INTO movies (id, title, release_date, description, poster_path) VALUES (242224, 'The Babadook', '2014-05-22', 'A single mother, plagued by the violent death of her husband, battles with her son''s fear of a monster lurking in the house, but soon discovers a sinister presence all around her.', '/qt3fqapeo94TfvMyld8P7gkpXLz.jpg');
INSERT INTO movie_genres (movie_id, genre_id) VALUES (242224, 18);
INSERT INTO movie_genres (movie_id, genre_id) VALUES (242224, 27);
INSERT INTO movies (id, title, release_date, description, poster_path) VALUES (1211472, 'September 5', '2024-11-07', 'During the 1972 Munich Olympics, an American sports broadcasting crew finds itself thrust into covering the hostage crisis involving Israeli athletes.', '/3kcQOLwYKGPwyjiynFsvP8vHvRn.jpg');
INSERT INTO movie_genres (movie_id, genre_id) VALUES (1211472, 53);
INSERT INTO movie_genres (movie_id, genre_id) VALUES (1211472, 18);
INSERT INTO movie_genres (movie_id, genre_id) VALUES (1211472, 36);
INSERT INTO movies (id, title, release_date, description, poster_path) VALUES (117, 'The Untouchables', '1987-06-03', 'Elliot Ness, an ambitious prohibition agent, is determined to take down Al Capone. In order to achieve this goal, he forms a group given the nickname “The Untouchables”.', '/8BquGK22zCcsmBWiaIakaaPpSZb.jpg');
INSERT INTO movie_genres (movie_id, genre_id) VALUES (117, 80);
INSERT INTO movie_genres (movie_id, genre_id) VALUES (117, 36);
INSERT INTO movie_genres (movie_id, genre_id) VALUES (117, 53);
INSERT INTO movies (id, title, release_date, description, poster_path) VALUES (8194, 'A Guide to Recognizing Your Saints', '2006-09-29', 'Dito Montiel, a successful author, receives a call from his long-suffering mother, asking him to return home and visit his ailing father. Dito recalls his childhood growing up in a violent neighborhood in Queens, N.Y., with friends Antonio, Giuseppe, Nerf and Mike.', '/bGmqGYglMDNN15uGPpeTMWNml1s.jpg');
INSERT INTO movie_genres (movie_id, genre_id) VALUES (8194, 80);
INSERT INTO movie_genres (movie_id, genre_id) VALUES (8194, 18);
INSERT INTO movies (id, title, release_date, description, poster_path) VALUES (460458, 'Resident Evil: Welcome to Raccoon City', '2021-11-24', 'Once the booming home of pharmaceutical giant Umbrella Corporation, Raccoon City is now a dying Midwestern town. The company’s exodus left the city a wasteland…with great evil brewing below the surface. When that evil is unleashed, the townspeople are forever…changed…and a small group of survivors must work together to uncover the truth behind Umbrella and make it through the night.', '/bArhvjRHl535XMaSh9VjInF2mSZ.jpg');
INSERT INTO movie_genres (movie_id, genre_id) VALUES (460458, 28);
INSERT INTO movie_genres (movie_id, genre_id) VALUES (460458, 27);
INSERT INTO movie_genres (movie_id, genre_id) VALUES (460458, 878);
INSERT INTO movies (id, title, release_date, description, poster_path) VALUES (16659, 'My Brilliant Career', '1979-08-17', 'A young woman who is determined to maintain her independence finds herself at odds with her family who wants her to tame her wild side and get married.', '/s89ZolmE0tD5stOJhy6Jh4V3txZ.jpg');
INSERT INTO movie_genres (movie_id, genre_id) VALUES (16659, 18);
INSERT INTO movie_genres (movie_id, genre_id) VALUES (16659, 10749);
INSERT INTO movies (id, title, release_date, description, poster_path) VALUES (214, 'Saw III', '2006-10-26', 'Jigsaw has disappeared. Along with his new apprentice Amanda, the puppet-master behind the cruel, intricate games that have terrified a community and baffled police has once again eluded capture and vanished. While city detectives scrambles to locate him, Doctor Lynn Denlon and Jeff Reinhart are unaware that they are about to become the latest pawns on his vicious chessboard.', '/4iO9n24Rb10peXV0JH2EldIOrAp.jpg');
INSERT INTO movie_genres (movie_id, genre_id) VALUES (214, 27);
INSERT INTO movie_genres (movie_id, genre_id) VALUES (214, 53);
INSERT INTO movie_genres (movie_id, genre_id) VALUES (214, 80);
INSERT INTO movies (id, title, release_date, description, poster_path) VALUES (128890, 'The Tramp and the Dictator', '2002-02-14', 'A look at the parallel lives of Charlie Chaplin and Adolf Hitler and how they crossed with the creation of the film “The Great Dictator,” released in 1940.', '/7OOUwT9Xjgx84YRD6va2PwVkqPQ.jpg');
INSERT INTO movie_genres (movie_id, genre_id) VALUES (128890, 99);
INSERT INTO movie_genres (movie_id, genre_id) VALUES (128890, 10770);
INSERT INTO movies (id, title, release_date, description, poster_path) VALUES (215, 'Saw II', '2005-10-28', 'The chilling and relentless Jigsaw killer returns to terrorize the city once again. When a gruesome murder victim emerges with unmistakable traces of Jigsaw''s sinister methods, Detective Eric Matthews is thrust into a high-stakes investigation. To his surprise, apprehending Jigsaw seems almost too easy, but what he doesn''t realize is that being caught is merely another piece of Jigsaw''s intricate puzzle.', '/gTnaTysN8HsvVQqTRUh8m35mmUA.jpg');
INSERT INTO movie_genres (movie_id, genre_id) VALUES (215, 27);
INSERT INTO movies (id, title, release_date, description, poster_path) VALUES (256195, 'Alice Walker: Beauty in Truth', '2013-05-13', 'The compelling story of an extraordinary woman''s journey from her birth in a paper thin shack in the cotton fields of Georgia to her recognition as a key writer of the twentieth Century.Walker made history as the first black woman to win a Pulitzer Prize for her groundbreaking novel, The Color Purple.', '/eZGxXRGRtSl8vyRXKsEcsxjWKal.jpg');
INSERT INTO movie_genres (movie_id, genre_id) VALUES (256195, 99);
INSERT INTO movie_genres (movie_id, genre_id) VALUES (256195, 36);
INSERT INTO movies (id, title, release_date, description, poster_path) VALUES (1246, 'Rocky Balboa', '2006-12-20', 'When he loses a highly publicized virtual boxing match to ex-champ Rocky Balboa, reigning heavyweight titleholder Mason Dixon retaliates by challenging the Italian Stallion to a 10-round exhibition bout. To the surprise of his son and friends, Rocky agrees to come out of retirement and face an opponent who''s faster, stronger and thirty years his junior. Rocky takes on Dixon in what will become the greatest fight in boxing history!', '/byBlJvZwCqgtIwrZNv0pyE974jC.jpg');
INSERT INTO movie_genres (movie_id, genre_id) VALUES (1246, 18);
INSERT INTO movies (id, title, release_date, description, poster_path) VALUES (206647, 'Spectre', '2015-10-26', 'A cryptic message from Bond’s past sends him on a trail to uncover a sinister organization. While M battles political forces to keep the secret service alive, Bond peels back the layers of deceit to reveal the terrible truth behind SPECTRE.', '/zj8ongFhtWNsVlfjOGo8pSr7PQg.jpg');
INSERT INTO movie_genres (movie_id, genre_id) VALUES (206647, 28);
INSERT INTO movie_genres (movie_id, genre_id) VALUES (206647, 12);
INSERT INTO movie_genres (movie_id, genre_id) VALUES (206647, 53);
INSERT INTO movies (id, title, release_date, description, poster_path) VALUES (114499, 'The Vanishing Prairie', '1954-08-16', 'Story of the American Prairie as it was when vast herds of bison and elk grazed.', '/1PUnknBOYnsP659OAQqJGsApx7w.jpg');
INSERT INTO movie_genres (movie_id, genre_id) VALUES (114499, 99);
INSERT INTO movies (id, title, release_date, description, poster_path) VALUES (449443, 'Den of Thieves', '2018-01-18', 'A gritty crime saga which follows the lives of an elite unit of the LA County Sheriff''s Dept. and the state''s most successful bank robbery crew as the outlaws plan a seemingly impossible heist on the Federal Reserve Bank.', '/dAP5NpkrMMczir5dUPjRR6ywqgz.jpg');
INSERT INTO movie_genres (movie_id, genre_id) VALUES (449443, 28);
INSERT INTO movie_genres (movie_id, genre_id) VALUES (449443, 80);
INSERT INTO movie_genres (movie_id, genre_id) VALUES (449443, 53);
INSERT INTO movies (id, title, release_date, description, poster_path) VALUES (94365, 'The Human Centipede 3 (Final Sequence)', '2015-05-22', 'Taking inspiration from The Human Centipede films, the warden of a notorious and troubled prison looks to create a 500-person human centipede as a solution to his problems.', '/xUk5AGcGvybPBvvMqrDPbAFAknD.jpg');
INSERT INTO movie_genres (movie_id, genre_id) VALUES (94365, 27);
INSERT INTO movies (id, title, release_date, description, poster_path) VALUES (1022824, 'Bonus Track', '2024-10-11', 'George, a 16-year-old who believes he is a future star musician, can''t believe his luck when the son of a famous duo takes an interest in his music. This new arrival helps him rehearse for a talent show and leads both boys to learn from each other and grow closer.', '/547xnuQ5aZmSf6EYP4l7YNDD1N9.jpg');
INSERT INTO movie_genres (movie_id, genre_id) VALUES (1022824, 10402);
INSERT INTO movie_genres (movie_id, genre_id) VALUES (1022824, 35);
INSERT INTO movie_genres (movie_id, genre_id) VALUES (1022824, 10749);
INSERT INTO movie_genres (movie_id, genre_id) VALUES (1022824, 18);
INSERT INTO movies (id, title, release_date, description, poster_path) VALUES (1205656, 'Hallow Road', '2025-04-16', 'Two parents enter a race against time when they receive a distressing late-night phone call from their daughter after she caused a tragic car accident.', '/dVsgV7ak6vR5xyXFggooJQinXBg.jpg');
INSERT INTO movie_genres (movie_id, genre_id) VALUES (1205656, 53);
INSERT INTO movie_genres (movie_id, genre_id) VALUES (1205656, 9648);
INSERT INTO movie_genres (movie_id, genre_id) VALUES (1205656, 27);
INSERT INTO movies (id, title, release_date, description, poster_path) VALUES (1205656, 'Hallow Road', '2025-04-16', 'Two parents enter a race against time when they receive a distressing late-night phone call from their daughter after she caused a tragic car accident.', '/dVsgV7ak6vR5xyXFggooJQinXBg.jpg');
INSERT INTO movie_genres (movie_id, genre_id) VALUES (1205656, 53);
INSERT INTO movie_genres (movie_id, genre_id) VALUES (1205656, 9648);
INSERT INTO movie_genres (movie_id, genre_id) VALUES (1205656, 27);
INSERT INTO movies (id, title, release_date, description, poster_path) VALUES (468224, 'Tolkien', '2019-05-03', 'England, early 20th century. The future writer and philologist John Ronald Reuel Tolkien (1892-1973) and three of his schoolmates create a strong bond between them as they share the same passion for literature and art, a true fellowship that strengthens as they grow up, but the outbreak of World War I threatens to shatter it.', '/A7eYO3t7oZQdfJj5KlJBI7GhT9H.jpg');
INSERT INTO movie_genres (movie_id, genre_id) VALUES (468224, 10752);
INSERT INTO movie_genres (movie_id, genre_id) VALUES (468224, 18);
INSERT INTO movie_genres (movie_id, genre_id) VALUES (468224, 10749);
INSERT INTO movies (id, title, release_date, description, poster_path) VALUES (877269, 'Strange World', '2022-11-23', 'A journey deep into an uncharted and treacherous land, where fantastical creatures await the legendary Clades—a family of explorers whose differences threaten to topple their latest, and by far most crucial, mission.', '/jXGMJUq9zcrScs02qkQuCtmWwaI.jpg');
INSERT INTO movie_genres (movie_id, genre_id) VALUES (877269, 16);
INSERT INTO movie_genres (movie_id, genre_id) VALUES (877269, 10751);
INSERT INTO movie_genres (movie_id, genre_id) VALUES (877269, 12);
INSERT INTO movie_genres (movie_id, genre_id) VALUES (877269, 878);
INSERT INTO movie_genres (movie_id, genre_id) VALUES (877269, 14);
INSERT INTO movies (id, title, release_date, description, poster_path) VALUES (745376, 'Hello, Goodbye, and Everything in Between', '2022-07-06', 'Clare and Aidan, after making a pact that they would break up before college, find themselves retracing the steps of their relationship on their last evening as a couple. The epic date leads them to familiar landmarks, unexpected places, and causes them to question whether high school love is meant to last.', '/xyGsnp4Ld5PmJYYWnfuYYoENhHt.jpg');
INSERT INTO movie_genres (movie_id, genre_id) VALUES (745376, 10749);
INSERT INTO movie_genres (movie_id, genre_id) VALUES (745376, 18);
INSERT INTO movies (id, title, release_date, description, poster_path) VALUES (619562, 'The Sky Is Clear and Blue Today', '2019-10-06', 'An American director, hired by German television to make a film about 9/11, re-stages a controversial photograph taken along the Brooklyn waterfront soon after the collapse of the World Trade Center.', '/wxar63xqaSmHelGvjBmNgwkYExS.jpg');
INSERT INTO movies (id, title, release_date, description, poster_path) VALUES (21597, 'Elvira''s Haunted Hills', '2002-10-31', 'The setting is Carpathia. The year is 1851. When Elvira gets kicked out of an Inn for a slight monetary discrepancy, she is rescued by a local who takes her to stay at the castle in the hills high above the village. The fact that she happens to resemble the count''s former "missing" wife opens a can of worms or two.', '/woQR7BvgP8ZfuUrUg5bFQKNRRmv.jpg');
INSERT INTO movie_genres (movie_id, genre_id) VALUES (21597, 35);
INSERT INTO movie_genres (movie_id, genre_id) VALUES (21597, 27);
INSERT INTO movies (id, title, release_date, description, poster_path) VALUES (799876, 'The Outfit', '2022-02-25', 'Leonard is an English tailor who used to craft suits on London’s world-famous Savile Row. After a personal tragedy, he’s ended up in Chicago, operating a small tailor shop in a rough part of town where he makes beautiful clothes for the only people around who can afford them: a family of vicious gangsters.', '/lZa5EB6PVJBT5mxhgZS5ftqdAm6.jpg');
INSERT INTO movie_genres (movie_id, genre_id) VALUES (799876, 80);
INSERT INTO movie_genres (movie_id, genre_id) VALUES (799876, 18);
INSERT INTO movie_genres (movie_id, genre_id) VALUES (799876, 53);
INSERT INTO movie_genres (movie_id, genre_id) VALUES (799876, 9648);
INSERT INTO movies (id, title, release_date, description, poster_path) VALUES (1122099, 'The Ballad of Wallis Island', '2025-03-28', 'An eccentric lottery winner who lives alone on a remote island tries to make his fantasies come true by getting his favourite musicians to perform at his home.', '/AhmJOYdUn9katXqDk0ZpZanQ0xp.jpg');
INSERT INTO movie_genres (movie_id, genre_id) VALUES (1122099, 35);
INSERT INTO movie_genres (movie_id, genre_id) VALUES (1122099, 18);
INSERT INTO movie_genres (movie_id, genre_id) VALUES (1122099, 10402);
INSERT INTO movies (id, title, release_date, description, poster_path) VALUES (1648, 'Bill & Ted''s Excellent Adventure', '1989-02-17', 'Bill and Ted are high school buddies starting a band. They are also about to fail their history class—which means Ted would be sent to military school—but receive help from Rufus, a traveller from a future where their band is the foundation for a perfect society. With the use of Rufus'' time machine, Bill and Ted travel to various points in history, returning with important figures to help them complete their final history presentation.', '/tV25lGWGWGEqUe3U0xjQTBgilSx.jpg');
INSERT INTO movie_genres (movie_id, genre_id) VALUES (1648, 12);
INSERT INTO movie_genres (movie_id, genre_id) VALUES (1648, 35);
INSERT INTO movie_genres (movie_id, genre_id) VALUES (1648, 878);
INSERT INTO movies (id, title, release_date, description, poster_path) VALUES (897087, 'Freelance', '2023-10-05', 'An ex-special forces operative takes a job to provide security for a journalist as she interviews a dictator, but a military coup breaks out in the middle of the interview, they are forced to escape into the jungle where they must survive.', '/7Bd4EUOqQDKZXA6Od5gkfzRNb0.jpg');
INSERT INTO movie_genres (movie_id, genre_id) VALUES (897087, 28);
INSERT INTO movie_genres (movie_id, genre_id) VALUES (897087, 35);
INSERT INTO movies (id, title, release_date, description, poster_path) VALUES (9593, 'Last Action Hero', '1993-06-18', 'After his father''s death, a young boy finds solace in action movies featuring an indestructible cop. Given a magic ticket by a theater manager, he is transported into the film and teams up with the cop to stop a villain who escapes into the real world.', '/vkhEaWAv5j3qgrOGp3BgMeiYPKj.jpg');
INSERT INTO movie_genres (movie_id, genre_id) VALUES (9593, 12);
INSERT INTO movie_genres (movie_id, genre_id) VALUES (9593, 14);
INSERT INTO movie_genres (movie_id, genre_id) VALUES (9593, 28);
INSERT INTO movie_genres (movie_id, genre_id) VALUES (9593, 35);
INSERT INTO movie_genres (movie_id, genre_id) VALUES (9593, 10751);
INSERT INTO movies (id, title, release_date, description, poster_path) VALUES (466282, 'To All the Boys I''ve Loved Before', '2018-08-17', 'Lara Jean''s love life goes from imaginary to out of control when her secret letters to every boy she''s ever fallen for are mysteriously mailed out.', '/hKHZhUbIyUAjcSrqJThFGYIR6kI.jpg');
INSERT INTO movie_genres (movie_id, genre_id) VALUES (466282, 35);
INSERT INTO movie_genres (movie_id, genre_id) VALUES (466282, 10749);
INSERT INTO movies (id, title, release_date, description, poster_path) VALUES (16366, 'Joseph: King of Dreams', '2002-12-04', 'In this animated retelling of the story from the Bible''s Book of Genesis, Joseph''s gift of dream interpretation and his brilliantly colored coat inspires jealousy in his brothers.', '/hYsera941L05ffmsXN5EYcepbB4.jpg');
INSERT INTO movie_genres (movie_id, genre_id) VALUES (16366, 10751);
INSERT INTO movie_genres (movie_id, genre_id) VALUES (16366, 16);
INSERT INTO movies (id, title, release_date, description, poster_path) VALUES (137, 'Groundhog Day', '1993-02-11', 'A narcissistic TV weatherman, along with his attractive-but-distant producer, and his mawkish cameraman, is sent to report on Groundhog Day in the small town of Punxsutawney, where he finds himself repeating the same day over and over.', '/gCgt1WARPZaXnq523ySQEUKinCs.jpg');
INSERT INTO movie_genres (movie_id, genre_id) VALUES (137, 10749);
INSERT INTO movie_genres (movie_id, genre_id) VALUES (137, 14);
INSERT INTO movie_genres (movie_id, genre_id) VALUES (137, 18);
INSERT INTO movie_genres (movie_id, genre_id) VALUES (137, 35);
INSERT INTO movies (id, title, release_date, description, poster_path) VALUES (332718, 'Bilal: A New Breed of Hero', '2016-09-08', 'A thousand years ago, one boy with a dream of becoming a great warrior is abducted with his sister and taken to a land far away from home. Thrown into a world where greed and injustice rule all, Bilal finds the courage to raise his voice and make a change. Inspired by true events, this is a story of a real hero who earned his remembrance in time and history.', '/ncWuEzxnXqssxRfHghZuUAIezCo.jpg');
INSERT INTO movie_genres (movie_id, genre_id) VALUES (332718, 16);
INSERT INTO movie_genres (movie_id, genre_id) VALUES (332718, 28);
INSERT INTO movie_genres (movie_id, genre_id) VALUES (332718, 12);
INSERT INTO movie_genres (movie_id, genre_id) VALUES (332718, 36);
INSERT INTO movies (id, title, release_date, description, poster_path) VALUES (536437, 'Hypnotic', '2023-05-11', 'A detective becomes entangled in a mystery involving his missing daughter and a secret government program while investigating a string of reality-bending crimes.', '/m0mYmlN9AewOGSOl7Q1ZgZvEeUU.jpg');
INSERT INTO movie_genres (movie_id, genre_id) VALUES (536437, 9648);
INSERT INTO movie_genres (movie_id, genre_id) VALUES (536437, 878);
INSERT INTO movie_genres (movie_id, genre_id) VALUES (536437, 53);
INSERT INTO movie_genres (movie_id, genre_id) VALUES (536437, 28);
INSERT INTO movie_genres (movie_id, genre_id) VALUES (536437, 18);
INSERT INTO movies (id, title, release_date, description, poster_path) VALUES (404368, 'Ralph Breaks the Internet', '2018-11-20', 'Video game bad guy Ralph and fellow misfit Vanellope von Schweetz must risk it all by traveling to the World Wide Web in search of a replacement part to save Vanellope''s video game, Sugar Rush. In way over their heads, Ralph and Vanellope rely on the citizens of the internet — the netizens — to help navigate their way, including an entrepreneur named Yesss, who is the head algorithm and the heart and soul of trend-making site BuzzzTube.', '/iVCrhBcpDaHGvv7CLYbK6PuXZo1.jpg');
INSERT INTO movie_genres (movie_id, genre_id) VALUES (404368, 10751);
INSERT INTO movie_genres (movie_id, genre_id) VALUES (404368, 16);
INSERT INTO movie_genres (movie_id, genre_id) VALUES (404368, 35);
INSERT INTO movie_genres (movie_id, genre_id) VALUES (404368, 12);
INSERT INTO movies (id, title, release_date, description, poster_path) VALUES (23047, 'Season of the Witch', '2011-01-07', 'A 14th century Crusader returns with his comrade to a homeland devastated by the Black Plague. The Church commands the two knights to transport a witch to a remote abbey, where monks will perform a ritual in hopes of ending the pestilence.', '/dNVqi8EsBtnnwfR6TgiWM51JOuS.jpg');
INSERT INTO movie_genres (movie_id, genre_id) VALUES (23047, 12);
INSERT INTO movie_genres (movie_id, genre_id) VALUES (23047, 14);
INSERT INTO movie_genres (movie_id, genre_id) VALUES (23047, 28);
INSERT INTO movies (id, title, release_date, description, poster_path) VALUES (8367, 'Robin Hood: Prince of Thieves', '1991-06-14', 'Nobleman crusader Robin of Locksley breaks out of a Jerusalem prison with the help of Moorish fellow prisoner Azeem and travels back home to England. But upon arrival he discovers his dead father in the ruins of his family estate, killed by the vicious sheriff of Nottingham, Robin and Azeem join forces with outlaws Little John and Will Scarlett to save the kingdom from the sheriff''s villainy.', '/hbRnWUNJkKKVN5mkcuC5ooqjE4e.jpg');
INSERT INTO movie_genres (movie_id, genre_id) VALUES (8367, 28);
INSERT INTO movie_genres (movie_id, genre_id) VALUES (8367, 12);
INSERT INTO movie_genres (movie_id, genre_id) VALUES (8367, 18);
INSERT INTO movies (id, title, release_date, description, poster_path) VALUES (5820, 'The Sentinel', '2006-04-19', 'Veteran Secret Service agent Pete Garrison investigates a colleague''s murder and is subsequently framed as a mole in an assassination attempt on the President due to the machinations of a blackmailer who knows the secret he is hiding. Disgraced, dismissed, and now a fugitive with two relentless federal investigators hot on his heels, Garrison must both clear his name and save the president from assassination.', '/wPFVeVYuFhCnnOAZZHpMROCbssE.jpg');
INSERT INTO movie_genres (movie_id, genre_id) VALUES (5820, 28);
INSERT INTO movie_genres (movie_id, genre_id) VALUES (5820, 53);
INSERT INTO movie_genres (movie_id, genre_id) VALUES (5820, 80);
INSERT INTO movies (id, title, release_date, description, poster_path) VALUES (207768, 'I Spit on Your Grave 2', '2013-08-25', 'Broke, and in desperate need to update her portfolio, New York City model Katie calls a number from a tear-off flyer offering free photos. But this innocent attempt quickly turns into an unthinkable kidnapping nightmare where she''s ripped away from everyone and everything she knows.', '/cy3zp7PA4JFq8bT0WwSi8uDlrbD.jpg');
INSERT INTO movie_genres (movie_id, genre_id) VALUES (207768, 53);
INSERT INTO movie_genres (movie_id, genre_id) VALUES (207768, 27);
INSERT INTO movie_genres (movie_id, genre_id) VALUES (207768, 80);
INSERT INTO movies (id, title, release_date, description, poster_path) VALUES (18190, 'Dream Lover', '1994-11-11', 'Not long after they cross paths at an art gallery, architect Ray Reardon and hypnotically sensual Lena are married with children. But as strange incidents occur, Ray begins to realize he may not really know the woman he married.', '/epl5pprGt04gAJI8lzbKy83XkbE.jpg');
INSERT INTO movie_genres (movie_id, genre_id) VALUES (18190, 18);
INSERT INTO movie_genres (movie_id, genre_id) VALUES (18190, 9648);
INSERT INTO movie_genres (movie_id, genre_id) VALUES (18190, 53);
INSERT INTO movies (id, title, release_date, description, poster_path) VALUES (228358, 'The Pact II', '2014-09-05', 'The sequel is set just weeks after Annie Barlow''s deadly confrontation with the Judas Killer. In this elevated sequel, we meet June, a woman whose carefully constructed life is beginning to unravel due to lucid nightmares so awful they disturb her waking life', '/fqXXhzXRr0DYsZXbunJ9W6B7nqg.jpg');
INSERT INTO movie_genres (movie_id, genre_id) VALUES (228358, 9648);
INSERT INTO movie_genres (movie_id, genre_id) VALUES (228358, 27);
INSERT INTO movie_genres (movie_id, genre_id) VALUES (228358, 53);
INSERT INTO movies (id, title, release_date, description, poster_path) VALUES (682583, 'My Nightmare Landlord', '2020-03-07', 'Lydia moves into a new apartment after breaking up with her long-term boyfriend, finding herself more and more isolated as her apartment manager Drew becomes obsessed with her. Caroline Harris, Ignacyo Matynia , Sinéad D''arcy and Spencer Belko Star. (2020)', '/t8VduiTPank0pSoyXFECG0lAiml.jpg');
INSERT INTO movie_genres (movie_id, genre_id) VALUES (682583, 53);
INSERT INTO movie_genres (movie_id, genre_id) VALUES (682583, 10770);
INSERT INTO movies (id, title, release_date, description, poster_path) VALUES (580, 'Jaws: The Revenge', '1987-07-17', 'After another deadly shark attack, Ellen Brody decides she has had enough of New England''s Amity Island and moves to the Caribbean to join her son, Michael, and his family. But a great white shark has followed her there, hungry for more lives.', '/6rO815hvmfbqNdCJByDVffjclbK.jpg');
INSERT INTO movie_genres (movie_id, genre_id) VALUES (580, 12);
INSERT INTO movie_genres (movie_id, genre_id) VALUES (580, 53);
INSERT INTO movie_genres (movie_id, genre_id) VALUES (580, 27);
INSERT INTO movies (id, title, release_date, description, poster_path) VALUES (12921, 'Strange Brew', '1983-08-26', 'Something is rotten at the Elsinore Brewery. Bob and Doug McKenzie (as seen on SCTV) help the orphan Pam regain the brewery founded by her recently-deceased father. But to do so, they must confront the suspicious Brewmeister Smith and two teams of vicious hockey players.', '/rScplcvRHX7o7XK88SFb5mddo8y.jpg');
INSERT INTO movie_genres (movie_id, genre_id) VALUES (12921, 35);
INSERT INTO movie_genres (movie_id, genre_id) VALUES (12921, 80);
INSERT INTO movie_genres (movie_id, genre_id) VALUES (12921, 878);
INSERT INTO movies (id, title, release_date, description, poster_path) VALUES (796, 'Cruel Intentions', '1999-03-05', 'Slaking a thirst for dangerous games, Kathryn challenges her stepbrother, Sebastian, to deflower their headmaster''s daughter before the summer ends. If he succeeds, the prize is the chance to bed Kathryn. But if he loses, Kathryn will claim his most prized possession.', '/76cCsRtQ5MJBAqoigojXsLXLJwh.jpg');
INSERT INTO movie_genres (movie_id, genre_id) VALUES (796, 18);
INSERT INTO movie_genres (movie_id, genre_id) VALUES (796, 10749);
INSERT INTO movies (id, title, release_date, description, poster_path) VALUES (822100, 'A Choice of Weapons: Inspired by Gordon Parks', '2021-06-18', 'This documentary chronicles renaissance man Gordon Parks’ stellar career from staff photographer for LIFE magazine, through his artistic development photographing everyday Americans, through his evolution as a novelist and groundbreaking filmmaker.', '/vdLfTNJBOXZZFXzyXguo7QuGzhZ.jpg');
INSERT INTO movie_genres (movie_id, genre_id) VALUES (822100, 99);
INSERT INTO movies (id, title, release_date, description, poster_path) VALUES (408266, 'Birth of the Dragon', '2017-08-25', 'Set against the backdrop of San Francisco’s Chinatown, this cross-cultural biopic chronicles Bruce Lee’s emergence as a martial-arts superstar after his legendary secret showdown with fellow martial artist Wong Jack Man.', '/odn4Hj2u7IQhJRmr15pTYZbkbc.jpg');
INSERT INTO movie_genres (movie_id, genre_id) VALUES (408266, 28);
INSERT INTO movie_genres (movie_id, genre_id) VALUES (408266, 18);
INSERT INTO movies (id, title, release_date, description, poster_path) VALUES (17578, 'The Adventures of Tintin', '2011-10-24', 'Intrepid young reporter, Tintin, and his loyal dog, Snowy, are thrust into a world of high adventure when they discover a ship carrying an explosive secret. As Tintin is drawn into a centuries-old mystery, Ivan Ivanovitch Sakharine suspects him of stealing a priceless treasure. Tintin and Snowy, with the help of salty, cantankerous Captain Haddock and bumbling detectives, Thompson and Thomson, travel half the world, one step ahead of their enemies, as Tintin endeavors to find the Unicorn, a sunken ship that may hold a vast fortune, but also an ancient curse.', '/fQZ3sLR1Fi63NMsNRbjm9q5qODJ.jpg');
INSERT INTO movie_genres (movie_id, genre_id) VALUES (17578, 12);
INSERT INTO movie_genres (movie_id, genre_id) VALUES (17578, 16);
INSERT INTO movie_genres (movie_id, genre_id) VALUES (17578, 9648);
INSERT INTO movies (id, title, release_date, description, poster_path) VALUES (1478052, 'Ballerina Assassin', '2025-05-30', 'After a devastating betrayal wipes out her entire spy network, an elite female assassin embarks on a relentless mission to dismantle the syndicate responsible.', '/tIaiz0yA4fp3tmFSq6qRI3GMju4.jpg');
INSERT INTO movie_genres (movie_id, genre_id) VALUES (1478052, 28);
INSERT INTO movie_genres (movie_id, genre_id) VALUES (1478052, 53);
INSERT INTO movies (id, title, release_date, description, poster_path) VALUES (210809, 'Red Roses of Passion', '1966-01-01', 'A man-hungry suburban woman feels frustrated since she lives in the home of her prudish aunt and cousin, who interrupt and criticise her amorous liaisons. A co-worker brings her to a tarot-card reader, who introduces her to a club of women who meet occasionally to share an intoxicating brew, tease each other erotically with long-stemmed roses and honour the heathen god Pan. The occultist manages to corrupt the aunt and cousin, and lure the woman into full-fledged membership so she might participate in its climactic ritual.', '/kZq20LaX1WyVAuBem3zKhK9vh5j.jpg');
INSERT INTO movie_genres (movie_id, genre_id) VALUES (210809, 14);
INSERT INTO movie_genres (movie_id, genre_id) VALUES (210809, 18);
INSERT INTO movies (id, title, release_date, description, poster_path) VALUES (393, 'Kill Bill: Vol. 2', '2004-04-16', 'The Bride unwaveringly continues on her roaring rampage of revenge against the band of assassins who had tried to kill her and her unborn child. She visits each of her former associates one-by-one, checking off the victims on her Death List Five until there''s nothing left to do … but kill Bill.', '/2yhg0mZQMhDyvUQ4rG1IZ4oIA8L.jpg');
INSERT INTO movie_genres (movie_id, genre_id) VALUES (393, 28);
INSERT INTO movie_genres (movie_id, genre_id) VALUES (393, 80);
INSERT INTO movie_genres (movie_id, genre_id) VALUES (393, 53);
INSERT INTO movies (id, title, release_date, description, poster_path) VALUES (489243, 'The Hummingbird Project', '2019-03-15', 'A pair of high-frequency traders go up against their old boss in an effort to make millions in a fiber-optic cable deal.', '/cx7CuTtcJvjZAP6ZFWoxylCXKFP.jpg');
INSERT INTO movie_genres (movie_id, genre_id) VALUES (489243, 53);
INSERT INTO movie_genres (movie_id, genre_id) VALUES (489243, 18);
INSERT INTO movies (id, title, release_date, description, poster_path) VALUES (100241, 'I, Frankenstein', '2014-01-22', '200 years after his shocking creation, Dr. Frankenstein''s creature, Adam, still walks the earth. But when he finds himself in the middle of a war over the fate of humanity, Adam discovers he holds the key that could destroy humankind.', '/a53tIl4k20zCZCNyq73kiXkwWkl.jpg');
INSERT INTO movie_genres (movie_id, genre_id) VALUES (100241, 27);
INSERT INTO movie_genres (movie_id, genre_id) VALUES (100241, 53);
INSERT INTO movies (id, title, release_date, description, poster_path) VALUES (523607, 'Maestro', '2023-11-22', 'A towering and fearless love story chronicling the lifelong relationship between Leonard Bernstein and Felicia Montealegre Cohn Bernstein. A love letter to life and art, Maestro at its core is an emotionally epic portrayal of family and love.', '/kxj7rMco6RNYsVcNwuGAIlfWu64.jpg');
INSERT INTO movie_genres (movie_id, genre_id) VALUES (523607, 18);
INSERT INTO movie_genres (movie_id, genre_id) VALUES (523607, 10749);
INSERT INTO movie_genres (movie_id, genre_id) VALUES (523607, 10402);
INSERT INTO movies (id, title, release_date, description, poster_path) VALUES (1167271, 'Weekend in Taipei', '2024-09-19', 'A former DEA agent and a former undercover operative revisit their romance during a fateful weekend in Taipei, unaware of the dangerous consequences of their past.', '/qSc0AUvs8mRy00R9y8QYEHWIAQ9.jpg');
INSERT INTO movie_genres (movie_id, genre_id) VALUES (1167271, 28);
INSERT INTO movie_genres (movie_id, genre_id) VALUES (1167271, 12);
INSERT INTO movie_genres (movie_id, genre_id) VALUES (1167271, 53);
INSERT INTO movies (id, title, release_date, description, poster_path) VALUES (414762, 'Signed, Sealed, Delivered: Lost Without You', '2016-09-25', 'Oliver''s Divine Delivery Theory is put to the test when he and the POstables seem to be unable to deliver a damaged letter from a military veteran that''s a matter of life and death.', '/u7LaDx0TI9KWkhlIV5p9vegq2yD.jpg');
INSERT INTO movie_genres (movie_id, genre_id) VALUES (414762, 18);
INSERT INTO movie_genres (movie_id, genre_id) VALUES (414762, 10770);
INSERT INTO movie_genres (movie_id, genre_id) VALUES (414762, 35);
INSERT INTO movies (id, title, release_date, description, poster_path) VALUES (39514, 'RED', '2010-10-13', 'After surviving an assault from a squad of hit men, retired CIA black ops agent Frank Moses reassembles his old team for an all-out war. Frank reunites with old Joe, crazy Marvin and wily Victoria to uncover a massive conspiracy that threatens their lives. Only their expert training will allow them to survive a near-impossible mission -- breaking into CIA headquarters.', '/8eeK3OB5PeSRQD7BpZcGZKkehG.jpg');
INSERT INTO movie_genres (movie_id, genre_id) VALUES (39514, 28);
INSERT INTO movie_genres (movie_id, genre_id) VALUES (39514, 12);
INSERT INTO movie_genres (movie_id, genre_id) VALUES (39514, 35);
INSERT INTO movie_genres (movie_id, genre_id) VALUES (39514, 80);
INSERT INTO movie_genres (movie_id, genre_id) VALUES (39514, 53);
INSERT INTO movies (id, title, release_date, description, poster_path) VALUES (10647, 'Pay It Forward', '2000-10-20', 'Like some other kids, 12-year-old Trevor McKinney believed in the goodness of human nature. Like many other kids, he was determined to change the world for the better. Unlike most other kids, he succeeded.', '/62OIokwaxFwBFWM147ijLJsaVJD.jpg');
INSERT INTO movie_genres (movie_id, genre_id) VALUES (10647, 18);
INSERT INTO movies (id, title, release_date, description, poster_path) VALUES (46691, 'Joe', '1970-07-15', 'After murdering his daughter''s drug-dealing boyfriend, a wealthy ad executive stumbles into a bar and strikes up an uneasy alliance with Joe Curran, a drunken bigot with a bloodlust who works at a local factory.', '/2x4YCP8uV4cKOS5ZEKt1Cc1h4eF.jpg');
INSERT INTO movie_genres (movie_id, genre_id) VALUES (46691, 18);
INSERT INTO movie_genres (movie_id, genre_id) VALUES (46691, 53);
INSERT INTO movie_genres (movie_id, genre_id) VALUES (46691, 80);
INSERT INTO movies (id, title, release_date, description, poster_path) VALUES (166424, 'Fantastic Four', '2015-08-05', 'Four young outsiders teleport to a dangerous universe, which alters their physical form in shocking ways. Their lives irrevocably upended, the team must learn to harness their daunting new abilities and work together to save Earth from a former friend turned enemy.', '/cDroz5qSlP8xZ6tOpeYoPkBvKyL.jpg');
INSERT INTO movie_genres (movie_id, genre_id) VALUES (166424, 28);
INSERT INTO movie_genres (movie_id, genre_id) VALUES (166424, 12);
INSERT INTO movie_genres (movie_id, genre_id) VALUES (166424, 878);
INSERT INTO movies (id, title, release_date, description, poster_path) VALUES (1289601, 'Life After Fighting', '2024-06-07', 'Retired martial arts world champion Alex Faulkner has settled into a simple life, when the disappearance of two of his students leads to an unthinkable discovery close to home. Just when all hope of finding the children is lost, he locates the imprisoned girls and unsurfaces an international child trafficking operation, which draws him back into the fight of his life against those behind it.', '/uKWAk4BHzyEOMmLKUDXoIAPhH36.jpg');
INSERT INTO movie_genres (movie_id, genre_id) VALUES (1289601, 28);
INSERT INTO movie_genres (movie_id, genre_id) VALUES (1289601, 18);
INSERT INTO movie_genres (movie_id, genre_id) VALUES (1289601, 53);
INSERT INTO movies (id, title, release_date, description, poster_path) VALUES (1571, 'Live Free or Die Hard', '2007-06-20', 'John McClane is back and badder than ever, and this time he calls on the services of a young hacker in his bid to stop a ring of Internet terrorists intent on taking control of America''s computer infrastructure.', '/wplG0vWnpnzkIBDxBhTfIygqfoK.jpg');
INSERT INTO movie_genres (movie_id, genre_id) VALUES (1571, 28);
INSERT INTO movie_genres (movie_id, genre_id) VALUES (1571, 53);
INSERT INTO movies (id, title, release_date, description, poster_path) VALUES (10428, 'Hackers', '1995-09-14', 'Along with his new friends, a teenager who was arrested by the US Secret Service and banned from using a computer for writing a computer virus discovers a plot by a nefarious hacker, but they must use their computer skills to find the evidence while being pursued by the Secret Service and the evil computer genius behind the virus.', '/qfx2EENW1sOpKNVKLzr7VOhlxkt.jpg');
INSERT INTO movie_genres (movie_id, genre_id) VALUES (10428, 28);
INSERT INTO movie_genres (movie_id, genre_id) VALUES (10428, 80);
INSERT INTO movie_genres (movie_id, genre_id) VALUES (10428, 53);
INSERT INTO movie_genres (movie_id, genre_id) VALUES (10428, 18);
INSERT INTO movies (id, title, release_date, description, poster_path) VALUES (1193033, 'Temple of Film: 100 Years of the Egyptian Theatre', '2023-11-09', 'Guillermo del Toro, Rian Johnson and other film luminaries look back at LA''s historic Egyptian Theatre as it returns to its former movie palace glory.', '/rlaLCfH8w4VNmbRK56UobLN6j7l.jpg');
INSERT INTO movie_genres (movie_id, genre_id) VALUES (1193033, 99);
INSERT INTO movies (id, title, release_date, description, poster_path) VALUES (60747, 'Red Dawn', '2012-03-15', 'A city in Washington state awakens to the surreal sight of foreign paratroopers dropping from the sky—shockingly, the U.S. has been invaded and their hometown is the initial target. Quickly and without warning, the citizens find themselves prisoners and their town under enemy occupation. Determined to fight back, a group of young patriots seek refuge in the surrounding woods, training and reorganizing themselves into a guerrilla group of fighters.', '/aHdxKDX36NOEYE2NyAyP7ThuAcm.jpg');
INSERT INTO movie_genres (movie_id, genre_id) VALUES (60747, 28);
INSERT INTO movie_genres (movie_id, genre_id) VALUES (60747, 53);
INSERT INTO movies (id, title, release_date, description, poster_path) VALUES (438182, 'The Making of the President 1960', '1963-12-29', 'The story of the 1960 US Presidential election', '/j6j1cYOXK3ceU7ry3LA8vuXHKE2.jpg');
INSERT INTO movie_genres (movie_id, genre_id) VALUES (438182, 99);
INSERT INTO movie_genres (movie_id, genre_id) VALUES (438182, 36);
INSERT INTO movies (id, title, release_date, description, poster_path) VALUES (81005, 'Jack the Giant Slayer', '2013-02-27', 'The story of an ancient war that is reignited when a young farmhand unwittingly opens a gateway between our world and a fearsome race of giants. Unleashed on the Earth for the first time in centuries, the giants strive to reclaim the land they once lost, forcing the young man, Jack into the battle of his life to stop them. Fighting for a kingdom, its people, and the love of a brave princess, he comes face to face with the unstoppable warriors he thought only existed in legend–and gets the chance to become a legend himself.', '/9jSI7saUX9Qz0JLh19jX2ulEwL7.jpg');
INSERT INTO movie_genres (movie_id, genre_id) VALUES (81005, 14);
INSERT INTO movie_genres (movie_id, genre_id) VALUES (81005, 28);
INSERT INTO movie_genres (movie_id, genre_id) VALUES (81005, 12);
INSERT INTO movie_genres (movie_id, genre_id) VALUES (81005, 18);
INSERT INTO movies (id, title, release_date, description, poster_path) VALUES (325358, 'Superfast!', '2015-03-05', 'Undercover cop Lucas White joins Vin Serento''s gang of illegal street racers. They are fast and they are furious and they plan to double cross Los Angeles kingpin Juan Carlos de la Sol, who hides his cash in a downtown Taco Bell.', '/iuIWl90qCpoxv6g775JB6Kg0m86.jpg');
INSERT INTO movie_genres (movie_id, genre_id) VALUES (325358, 35);
INSERT INTO movie_genres (movie_id, genre_id) VALUES (325358, 28);
INSERT INTO movies (id, title, release_date, description, poster_path) VALUES (29797, 'Ed Gein: The Butcher of Plainfield', '2007-03-06', 'Inspired by the true story of one of the most gruesome killers in American history. Now, years after inspiring "Psycho''s" Norman Bates, "The Silence Of The Lambs''" Buffalo Bill and "The Texas Chainsaw Massacre''s" Leatherface, the story of real life serial killer Ed Gein is told once again. Nicknamed "The Butcher Of Plainfield," Gein was responsible for a rash of gory murders that sent shock waves through his rural Wisconsin town, and across America, in the late 1950''s. Prepare to enter the evil mind and twisted world of "The Butcher Of Plainfield."', '/zzbNKEH8pLypYv0uDfGqih38L3z.jpg');
INSERT INTO movie_genres (movie_id, genre_id) VALUES (29797, 80);
INSERT INTO movie_genres (movie_id, genre_id) VALUES (29797, 18);
INSERT INTO movie_genres (movie_id, genre_id) VALUES (29797, 27);
INSERT INTO movie_genres (movie_id, genre_id) VALUES (29797, 9648);
INSERT INTO movies (id, title, release_date, description, poster_path) VALUES (1572, 'Die Hard: With a Vengeance', '1995-05-19', 'New York detective John McClane is back and kicking bad-guy butt in the third installment of this action-packed series, which finds him teaming with civilian Zeus Carver to prevent the loss of innocent lives. McClane thought he''d seen it all, until a genius named Simon engages McClane, his new "partner" -- and his beloved city -- in a deadly game that demands their concentration.', '/buqmCdFQEWwEpL3agGgg2GVjN2d.jpg');
INSERT INTO movie_genres (movie_id, genre_id) VALUES (1572, 28);
INSERT INTO movie_genres (movie_id, genre_id) VALUES (1572, 53);
INSERT INTO movies (id, title, release_date, description, poster_path) VALUES (9257, 'S.W.A.T.', '2003-08-08', 'Hondo Harrelson recruits Jim Street to join an elite unit of the Los Angeles Police Department. Together they seek out more members, including tough Deke Kay and single mom Chris Sanchez. The team''s first big assignment is to escort crime boss Alex Montel to prison. It seems routine, but when Montel offers a huge reward to anyone who can break him free, criminals of various stripes step up for the prize.', '/bon63yPVIgUFLP2653Dg9GCOJLJ.jpg');
INSERT INTO movie_genres (movie_id, genre_id) VALUES (9257, 28);
INSERT INTO movie_genres (movie_id, genre_id) VALUES (9257, 53);
INSERT INTO movie_genres (movie_id, genre_id) VALUES (9257, 80);
INSERT INTO movies (id, title, release_date, description, poster_path) VALUES (1282980, '825 Forest Road', '2025-04-24', 'After a family tragedy, Chuck Wilson hopes to start a new life in Ashland Falls with his wife Maria and little sister Elizabeth, but he quickly discovers that the town has a dark history of being haunted by a ghostly woman who drives residents to suicide.', '/mxvRZxq6ACTeJYJZKsHQAhz76yF.jpg');
INSERT INTO movie_genres (movie_id, genre_id) VALUES (1282980, 27);
INSERT INTO movie_genres (movie_id, genre_id) VALUES (1282980, 53);
INSERT INTO movies (id, title, release_date, description, poster_path) VALUES (11808, 'U.S. Marshals', '1998-03-06', 'U.S. Marshal Sam Gerard is accompanying a plane load of convicts from Chicago to New York. The plane crashes spectacularly, and Mark Sheridan escapes. But when Diplomatic Security Agent John Royce is assigned to help Gerard recapture Sheridan, it becomes clear that Sheridan is more than just another murderer.', '/5ST0BydDSXtW5AtfDDhTVS13pTt.jpg');
INSERT INTO movie_genres (movie_id, genre_id) VALUES (11808, 53);
INSERT INTO movie_genres (movie_id, genre_id) VALUES (11808, 80);
INSERT INTO movie_genres (movie_id, genre_id) VALUES (11808, 28);
INSERT INTO movies (id, title, release_date, description, poster_path) VALUES (101060, 'The House That Would Not Die', '1977-01-01', 'A tale of witchcraft, black magic and a haunted house in the Amish country.', '/auK8SR6NTr7S7LTXqoQlb025wFR.jpg');
INSERT INTO movie_genres (movie_id, genre_id) VALUES (101060, 27);
INSERT INTO movie_genres (movie_id, genre_id) VALUES (101060, 10770);
INSERT INTO movies (id, title, release_date, description, poster_path) VALUES (278927, 'The Jungle Book', '2016-04-07', 'A man-cub named Mowgli fostered by wolves. After a threat from the tiger Shere Khan, Mowgli is forced to flee the jungle, by which he embarks on a journey of self discovery with the help of the panther, Bagheera and the free-spirited bear, Baloo.', '/2Epx7F9X7DrFptn4seqn4mzBVks.jpg');
INSERT INTO movie_genres (movie_id, genre_id) VALUES (278927, 10751);
INSERT INTO movie_genres (movie_id, genre_id) VALUES (278927, 12);
INSERT INTO movie_genres (movie_id, genre_id) VALUES (278927, 18);
INSERT INTO movie_genres (movie_id, genre_id) VALUES (278927, 14);
INSERT INTO movies (id, title, release_date, description, poster_path) VALUES (11976, 'Legend', '1985-08-28', 'Set in a timeless mythical forest inhabited by fairies, goblins, unicorns and mortals, this fantastic story follows a mystical forest dweller, chosen by fate, to undertake a heroic quest. He must save the beautiful Princess  Lili and defeat the demonic Lord of Darkness, or the world will be plunged into a never-ending ice age.', '/6n3PQSYpZRK5YPk2w8JEwED7AZk.jpg');
INSERT INTO movie_genres (movie_id, genre_id) VALUES (11976, 12);
INSERT INTO movie_genres (movie_id, genre_id) VALUES (11976, 14);
INSERT INTO movies (id, title, release_date, description, poster_path) VALUES (754, 'Face/Off', '1997-06-27', 'In order to foil a terrorist plot, an FBI agent undergoes facial transplant surgery and assumes the identity of a criminal mastermind. The plan turns sour when the criminal wakes up prematurely and seeks revenge.', '/69Xzn8UdPbVnmqSChKz2RTpoNfB.jpg');
INSERT INTO movie_genres (movie_id, genre_id) VALUES (754, 28);
INSERT INTO movie_genres (movie_id, genre_id) VALUES (754, 80);
INSERT INTO movie_genres (movie_id, genre_id) VALUES (754, 878);
INSERT INTO movies (id, title, release_date, description, poster_path) VALUES (97370, 'Under the Skin', '2014-03-14', 'A seductive stranger prowls the streets of Glasgow in search of prey: unsuspecting men who fall under her spell.', '/55wmcXJIDYITr7JDijJTdvwSaAv.jpg');
INSERT INTO movie_genres (movie_id, genre_id) VALUES (97370, 53);
INSERT INTO movie_genres (movie_id, genre_id) VALUES (97370, 878);
INSERT INTO movie_genres (movie_id, genre_id) VALUES (97370, 18);
INSERT INTO movies (id, title, release_date, description, poster_path) VALUES (10764, 'Quantum of Solace', '2008-10-29', 'Betrayed by Vesper, the woman he loved, 007 fights the urge to make his latest mission personal. Pursuing his determination to uncover the truth, Bond and M interrogate Mr. White, who reveals that the organization that blackmailed Vesper is far more complex and dangerous than anyone had imagined.', '/e3DXXLJHGqMx9yYpXsql1XNljmM.jpg');
INSERT INTO movie_genres (movie_id, genre_id) VALUES (10764, 12);
INSERT INTO movie_genres (movie_id, genre_id) VALUES (10764, 28);
INSERT INTO movie_genres (movie_id, genre_id) VALUES (10764, 53);
INSERT INTO movie_genres (movie_id, genre_id) VALUES (10764, 80);
INSERT INTO movies (id, title, release_date, description, poster_path) VALUES (399174, 'Isle of Dogs', '2018-03-23', 'In the future, an outbreak of canine flu leads the mayor of a Japanese city to banish all dogs to an island used as a garbage dump. The outcasts must soon embark on an epic journey when a 12-year-old boy arrives on the island to find his beloved pet.', '/c0nUX6Q1ZB0P2t1Jo6EeFSVnOGQ.jpg');
INSERT INTO movie_genres (movie_id, genre_id) VALUES (399174, 12);
INSERT INTO movie_genres (movie_id, genre_id) VALUES (399174, 35);
INSERT INTO movie_genres (movie_id, genre_id) VALUES (399174, 16);
INSERT INTO movies (id, title, release_date, description, poster_path) VALUES (674821, 'Frank & Zed', '2020-03-08', 'Featuring an all-puppet cast, Frank and Zed tells the story of a doomed village, whose King made a fateful deal to stop a demon from destroying the village years before. Now, as the prophecy comes true upon the King’s death, the villagers brace for an orgy of blood. Living in a destroyed castle not far from the village are Frank and Zed, a Frankenstein-type monster and his brain-eating companion. As the villagers prepare for their impending doom, the two monsters are pulled into a war of epic, puppet-mutilating proportions. This debut feature film by Jesse Blanchard is a hilarious tale of misguided fears, innocent brain consumption, and a loving friendship.', '/xS9n3JuaVup4dBzUw6sjZOMezMz.jpg');
INSERT INTO movie_genres (movie_id, genre_id) VALUES (674821, 27);
INSERT INTO movie_genres (movie_id, genre_id) VALUES (674821, 16);
INSERT INTO movies (id, title, release_date, description, poster_path) VALUES (256961, 'Paul Blart: Mall Cop 2', '2015-04-16', 'Security guard Paul Blart is headed to Las Vegas to attend a Security Guard Expo with his teenage daughter Maya before she departs for college. While at the convention, he inadvertently discovers a heist - and it''s up to Blart to apprehend the criminals.', '/qML63w7vgspicwLK6xXGLK17cM0.jpg');
INSERT INTO movie_genres (movie_id, genre_id) VALUES (256961, 28);
INSERT INTO movie_genres (movie_id, genre_id) VALUES (256961, 35);
INSERT INTO movie_genres (movie_id, genre_id) VALUES (256961, 10751);
INSERT INTO movies (id, title, release_date, description, poster_path) VALUES (700391, '65', '2023-03-02', '65 million years ago, the only 2 survivors of a spaceship from Somaris that crash-landed on Earth, must fend off dinosaurs to reach the escape vessel in time before an imminent asteroid strike threatens to destroy the planet.', '/rzRb63TldOKdKydCvWJM8B6EkPM.jpg');
INSERT INTO movie_genres (movie_id, genre_id) VALUES (700391, 28);
INSERT INTO movie_genres (movie_id, genre_id) VALUES (700391, 12);
INSERT INTO movie_genres (movie_id, genre_id) VALUES (700391, 878);
INSERT INTO movies (id, title, release_date, description, poster_path) VALUES (600354, 'The Father', '2020-12-23', 'A man refuses all assistance from his daughter as he ages and, as he tries to make sense of his changing circumstances, he begins to doubt his loved ones, his own mind and even the fabric of his reality.', '/xxHNaCMycynHMKdEZHHQCzaPbZl.jpg');
INSERT INTO movie_genres (movie_id, genre_id) VALUES (600354, 18);
INSERT INTO movies (id, title, release_date, description, poster_path) VALUES (17663, 'Anne of Green Gables', '1985-12-01', 'At the turn of the century on Prince Edward Island, Matthew Cuthbert and his sister Marilla decide to take on an orphan boy as help for their farm. But they get an unexpected jolt when they''re mistakenly sent a girl instead: Anne Shirley.', '/z1owlDzKO3DQpFKNFBnuQlPF891.jpg');
INSERT INTO movie_genres (movie_id, genre_id) VALUES (17663, 10751);
INSERT INTO movie_genres (movie_id, genre_id) VALUES (17663, 18);
INSERT INTO movies (id, title, release_date, description, poster_path) VALUES (4258, 'Scary Movie 5', '2013-04-11', 'Home with their newly-formed family, happy parents Dan and Jody are haunted by sinister, paranormal activities. Determined to expel the insidious force, they install security cameras and discover their family is being stalked by an evil dead demon.', '/9WNozxN2UVf7rA73FJBWdWJZhfP.jpg');
INSERT INTO movie_genres (movie_id, genre_id) VALUES (4258, 35);
INSERT INTO movies (id, title, release_date, description, poster_path) VALUES (7191, 'Cloverfield', '2008-01-15', 'Five young New Yorkers throw their friend a going-away party the night that a monster the size of a skyscraper descends upon the city. Told from the point of view of their video camera, the film is a document of their attempt to survive the most surreal, horrifying event of their lives.', '/qIegUGJqyMMCRjkKV1s7A9MqdJ8.jpg');
INSERT INTO movie_genres (movie_id, genre_id) VALUES (7191, 28);
INSERT INTO movie_genres (movie_id, genre_id) VALUES (7191, 53);
INSERT INTO movie_genres (movie_id, genre_id) VALUES (7191, 878);
INSERT INTO movies (id, title, release_date, description, poster_path) VALUES (9092, 'Snow White: A Tale of Terror', '1997-07-18', 'When young Lili''s mother dies in childbirth, her father remarries Lady Claudia, a woman ruled by an evil mirror with the power to make her queen of all living things.  After escaping an attempt on her life, Lili finds herself lost in a dark forest, where living happily ever after seems unlikely.', '/qoFccaw3SVzIFLRWAacFE3cyiig.jpg');
INSERT INTO movie_genres (movie_id, genre_id) VALUES (9092, 14);
INSERT INTO movie_genres (movie_id, genre_id) VALUES (9092, 27);
INSERT INTO movies (id, title, release_date, description, poster_path) VALUES (187017, '22 Jump Street', '2014-06-05', 'After making their way through high school (twice), big changes are in store for officers Schmidt and Jenko when they go deep undercover at a local college. But when Jenko meets a kindred spirit on the football team, and Schmidt infiltrates the bohemian art major scene, they begin to question their partnership. Now they don''t have to just crack the case - they have to figure out if they can have a mature relationship. If these two overgrown adolescents can grow from freshmen into real men, college might be the best thing that ever happened to them.', '/850chzYHYbT3IISl6Q7dbBuFP2B.jpg');
INSERT INTO movie_genres (movie_id, genre_id) VALUES (187017, 80);
INSERT INTO movie_genres (movie_id, genre_id) VALUES (187017, 35);
INSERT INTO movie_genres (movie_id, genre_id) VALUES (187017, 28);
INSERT INTO movies (id, title, release_date, description, poster_path) VALUES (105864, 'The Good Dinosaur', '2015-11-14', 'An epic journey into the world of dinosaurs where an Apatosaurus named Arlo makes an unlikely human friend.', '/8RSkxOO80btfKjyiC5ZiTaCHIT8.jpg');
INSERT INTO movie_genres (movie_id, genre_id) VALUES (105864, 12);
INSERT INTO movie_genres (movie_id, genre_id) VALUES (105864, 16);
INSERT INTO movie_genres (movie_id, genre_id) VALUES (105864, 10751);
INSERT INTO movies (id, title, release_date, description, poster_path) VALUES (831223, 'Gone Mom: The Disappearance of Jennifer Dulos', '2021-06-05', 'Jennifer Dulos, the wealthy, Connecticut mother-of-five who mysteriously vanished.', '/mzTNGnLG6LTHmrqrY0IADHDuyOJ.jpg');
INSERT INTO movie_genres (movie_id, genre_id) VALUES (831223, 10770);
INSERT INTO movie_genres (movie_id, genre_id) VALUES (831223, 53);
INSERT INTO movie_genres (movie_id, genre_id) VALUES (831223, 80);
INSERT INTO movie_genres (movie_id, genre_id) VALUES (831223, 9648);
INSERT INTO movies (id, title, release_date, description, poster_path) VALUES (300669, 'Don''t Breathe', '2016-06-08', 'A group of teens break into a blind man''s home thinking they''ll get away with the perfect crime. They''re wrong.', '/dSxHyPZ2nipSfvdft4IhQKjk5eZ.jpg');
INSERT INTO movie_genres (movie_id, genre_id) VALUES (300669, 27);
INSERT INTO movie_genres (movie_id, genre_id) VALUES (300669, 53);
INSERT INTO movies (id, title, release_date, description, poster_path) VALUES (406759, 'Moonfall', '2022-02-02', 'A mysterious force knocks the moon from its orbit around Earth and sends it hurtling on a collision course with life as we know it.', '/odVv1sqVs0KxBXiA8bhIBlPgalx.jpg');
INSERT INTO movie_genres (movie_id, genre_id) VALUES (406759, 878);
INSERT INTO movie_genres (movie_id, genre_id) VALUES (406759, 12);
INSERT INTO movie_genres (movie_id, genre_id) VALUES (406759, 28);
INSERT INTO movies (id, title, release_date, description, poster_path) VALUES (79694, 'The Apparition', '2012-08-23', 'Plagued by frightening occurrences in their home, Kelly and Ben learn that a university''s parapsychology experiment produced an entity that is now haunting them. The malevolent spirit feeds on fear and torments the couple no matter where they run. Desperate, Kelly and Ben turn to a paranormal researcher, but even with his aid, it may already be too late to save themselves from the terrifying presence.', '/jO45nIEQMWHE0I68aGls3mRJR8M.jpg');
INSERT INTO movie_genres (movie_id, genre_id) VALUES (79694, 27);
INSERT INTO movie_genres (movie_id, genre_id) VALUES (79694, 53);
INSERT INTO movies (id, title, release_date, description, poster_path) VALUES (43278, 'The Life of Emile Zola', '1937-09-09', 'A fictionalized account of famous French writer Emile Zola and his involvement in the Dreyfus Affair. After struggling to establish himself, Zola wins success writing about the unsavory side of Paris and settles into a comfortable upper-class life. However, Zola''s complacency is shaken when Jewish officer Alfred Dreyfus is imprisoned for being a spy. Realizing that Dreyfus is an innocent victim of anti-Semitism, Zola boldly pens a newspaper article exposing the truth, is charged with libel and must defend himself in a dramatic courtroom testimony.', '/gsEa6ZU1zHhjTYneNNBQApzl8Vu.jpg');
INSERT INTO movie_genres (movie_id, genre_id) VALUES (43278, 18);
INSERT INTO movie_genres (movie_id, genre_id) VALUES (43278, 36);
INSERT INTO movies (id, title, release_date, description, poster_path) VALUES (1422052, 'Descendent', '2025-08-08', 'After a traumatic brain injury triggers terrifying visions of extraterrestrials and a newfound talent for drawing, a father-to-be begins to question his reality and becomes obsessed with the need to protect his family from an unseen threat.', '/Of1UCdomAu0mJY2SNHHGjhnvx9.jpg');
INSERT INTO movie_genres (movie_id, genre_id) VALUES (1422052, 18);
INSERT INTO movie_genres (movie_id, genre_id) VALUES (1422052, 27);
INSERT INTO movie_genres (movie_id, genre_id) VALUES (1422052, 9648);
INSERT INTO movie_genres (movie_id, genre_id) VALUES (1422052, 878);
INSERT INTO movies (id, title, release_date, description, poster_path) VALUES (3110, 'Shane', '1953-04-23', 'A weary gunfighter attempts to settle down with a homestead family, but a smouldering settler and rancher conflict forces him to act.', '/svr5ADpjXTCOQv8hmuJnB7I14Qv.jpg');
INSERT INTO movie_genres (movie_id, genre_id) VALUES (3110, 18);
INSERT INTO movie_genres (movie_id, genre_id) VALUES (3110, 37);
INSERT INTO movies (id, title, release_date, description, poster_path) VALUES (33408, 'The Crush', '1993-04-02', 'A precocious and obsessive teenager develops a crush on a naive writer with harrowing consequences.', '/z39jcn45Oht2uULw8Qv2Zv1v2kp.jpg');
INSERT INTO movie_genres (movie_id, genre_id) VALUES (33408, 53);
INSERT INTO movie_genres (movie_id, genre_id) VALUES (33408, 18);
INSERT INTO movies (id, title, release_date, description, poster_path) VALUES (3110, 'Shane', '1953-04-23', 'A weary gunfighter attempts to settle down with a homestead family, but a smouldering settler and rancher conflict forces him to act.', '/svr5ADpjXTCOQv8hmuJnB7I14Qv.jpg');
INSERT INTO movie_genres (movie_id, genre_id) VALUES (3110, 18);
INSERT INTO movie_genres (movie_id, genre_id) VALUES (3110, 37);
INSERT INTO movies (id, title, release_date, description, poster_path) VALUES (33408, 'The Crush', '1993-04-02', 'A precocious and obsessive teenager develops a crush on a naive writer with harrowing consequences.', '/z39jcn45Oht2uULw8Qv2Zv1v2kp.jpg');
INSERT INTO movie_genres (movie_id, genre_id) VALUES (33408, 53);
INSERT INTO movie_genres (movie_id, genre_id) VALUES (33408, 18);
INSERT INTO movies (id, title, release_date, description, poster_path) VALUES (30916, 'Nephi and the Brass Plates', '1987-01-01', 'The prophet Lehi preaches repentance to the people of Jerusalem and is persecuted. After he and his family leave Jerusalem he is told by the Lord to return and obtain the brass plates containing the sacred books of Moses. Nephi and his brothers muster their faith, obedience, and determination as they return to obtain the plates from the wicked Laban. 1 Nephi:1–5.', '/7QKP7YDsMYF92aolzMxrjO8lShk.jpg');
INSERT INTO movie_genres (movie_id, genre_id) VALUES (30916, 16);
INSERT INTO movie_genres (movie_id, genre_id) VALUES (30916, 10751);
INSERT INTO movies (id, title, release_date, description, poster_path) VALUES (152603, 'Only Lovers Left Alive', '2013-12-12', 'A depressed musician reunites with his lover. However, their romance, already played over several centuries, is disrupted by the arrival of her uncontrollable younger sister.', '/6xY2MhYjFPb4xU3KlBJcFAJmMsF.jpg');
INSERT INTO movie_genres (movie_id, genre_id) VALUES (152603, 18);
INSERT INTO movie_genres (movie_id, genre_id) VALUES (152603, 10749);
INSERT INTO movie_genres (movie_id, genre_id) VALUES (152603, 14);
INSERT INTO movies (id, title, release_date, description, poster_path) VALUES (8068, 'Desperado', '1995-08-25', 'El Mariachi plunges headfirst into the dark border underworld when he follows a trail of blood to the last of the infamous Mexican drug lords, Bucho, for an action-packed, bullet-riddled showdown. With the help of his friend and a beautiful bookstore owner, El Mariachi tracks Bucho, takes on his army of desperados, and leaves his own trail of blood.', '/e3gwpBeXpvGZsxUya9zNym5QXrw.jpg');
INSERT INTO movie_genres (movie_id, genre_id) VALUES (8068, 53);
INSERT INTO movie_genres (movie_id, genre_id) VALUES (8068, 28);
INSERT INTO movie_genres (movie_id, genre_id) VALUES (8068, 80);
INSERT INTO movies (id, title, release_date, description, poster_path) VALUES (109439, 'The Hangover Part III', '2013-05-23', 'This time, there''s no wedding. No bachelor party. What could go wrong, right? But when the Wolfpack hits the road, all bets are off.', '/vtxuPWkdllLNLVyGjKYa267ntuH.jpg');
INSERT INTO movie_genres (movie_id, genre_id) VALUES (109439, 35);
INSERT INTO movies (id, title, release_date, description, poster_path) VALUES (320288, 'Dark Phoenix', '2019-06-05', 'The X-Men face their most formidable and powerful foe when one of their own, Jean Grey, starts to spiral out of control. During a rescue mission in outer space, Jean is nearly killed when she''s hit by a mysterious cosmic force. Once she returns home, this force not only makes her infinitely more powerful, but far more unstable. The X-Men must now band together to save her soul and battle aliens that want to use Grey''s new abilities to rule the galaxy.', '/cCTJPelKGLhALq3r51A9uMonxKj.jpg');
INSERT INTO movie_genres (movie_id, genre_id) VALUES (320288, 878);
INSERT INTO movie_genres (movie_id, genre_id) VALUES (320288, 28);
INSERT INTO movie_genres (movie_id, genre_id) VALUES (320288, 12);
INSERT INTO movies (id, title, release_date, description, poster_path) VALUES (1620, 'Hitman', '2007-11-21', 'A genetically engineered assassin with deadly aim, known only as "Agent 47" eliminates strategic targets for a top-secret organization. But when he''s double-crossed, the hunter becomes the prey as 47 finds himself in a life-or-death game of international intrigue.', '/h69UJOOKlrHcvhl5H2LY74N61DQ.jpg');
INSERT INTO movie_genres (movie_id, genre_id) VALUES (1620, 28);
INSERT INTO movie_genres (movie_id, genre_id) VALUES (1620, 53);
INSERT INTO movie_genres (movie_id, genre_id) VALUES (1620, 18);
INSERT INTO movies (id, title, release_date, description, poster_path) VALUES (8643, 'The Exorcism of Emily Rose', '2005-09-09', 'When a younger girl called Emily Rose dies, everyone puts blame on the exorcism which was performed on her by Father Moore prior to her death. The priest is arrested on suspicion of murder. The trial begins with lawyer Erin Bruner representing Moore, but it is not going to be easy, as no one wants to believe what Father Moore says is true.', '/qMN0HIP34f736kkQcfvTfmL9TP3.jpg');
INSERT INTO movie_genres (movie_id, genre_id) VALUES (8643, 80);
INSERT INTO movie_genres (movie_id, genre_id) VALUES (8643, 18);
INSERT INTO movie_genres (movie_id, genre_id) VALUES (8643, 27);
INSERT INTO movie_genres (movie_id, genre_id) VALUES (8643, 53);
INSERT INTO movies (id, title, release_date, description, poster_path) VALUES (1182387, 'Armor', '2024-10-30', 'Armored truck security guard James Brody is working with his son Casey transporting millions of dollars between banks when a team of thieves led by Rook orchestrate a takeover of their truck to seize the riches. Following a violent car chase, Rook soon has the armored truck surrounded and James and Casey find themselves cornered onto a decrepit bridge.', '/pnXLFioDeftqjlCVlRmXvIdMsdP.jpg');
INSERT INTO movie_genres (movie_id, genre_id) VALUES (1182387, 28);
INSERT INTO movie_genres (movie_id, genre_id) VALUES (1182387, 80);
INSERT INTO movie_genres (movie_id, genre_id) VALUES (1182387, 53);
INSERT INTO movie_genres (movie_id, genre_id) VALUES (1182387, 18);
INSERT INTO movies (id, title, release_date, description, poster_path) VALUES (522162, 'Midway', '2019-11-06', 'The story of the Battle of Midway, and the leaders and soldiers who used their instincts, fortitude and bravery to overcome massive odds.', '/hj8pyoNnynGeJTAbl7jcLZO8Uhx.jpg');
INSERT INTO movie_genres (movie_id, genre_id) VALUES (522162, 28);
INSERT INTO movie_genres (movie_id, genre_id) VALUES (522162, 10752);
INSERT INTO movie_genres (movie_id, genre_id) VALUES (522162, 36);
INSERT INTO movies (id, title, release_date, description, poster_path) VALUES (252830, 'Puncture Wounds', '2014-08-04', 'After returning home from a traumatic tour of duty in Iraq, John finds himself struggling with PTSD. What little peace he had managed to build around him is shattered one fateful day when he rescues a local call girl from a group of violent Aryan Brotherhood pimps. Having killed several of the high-ranking brotherhood during the rescue, John and his family are now the prime targets of Hollis, the ruthless criminal leader of the group.', '/AwtKX0bf7fCCeBzbCcWELhADTaH.jpg');
INSERT INTO movie_genres (movie_id, genre_id) VALUES (252830, 28);
INSERT INTO movie_genres (movie_id, genre_id) VALUES (252830, 18);
INSERT INTO movies (id, title, release_date, description, poster_path) VALUES (458723, 'Us', '2019-03-14', 'Husband and wife Gabe and Adelaide Wilson take their kids to their beach house expecting to unplug and unwind with friends. But as night descends, their serenity turns to tension and chaos when some shocking visitors arrive uninvited.', '/ux2dU1jQ2ACIMShzB3yP93Udpzc.jpg');
INSERT INTO movie_genres (movie_id, genre_id) VALUES (458723, 27);
INSERT INTO movie_genres (movie_id, genre_id) VALUES (458723, 9648);
INSERT INTO movie_genres (movie_id, genre_id) VALUES (458723, 53);
INSERT INTO movies (id, title, release_date, description, poster_path) VALUES (1414048, 'Day of Reckoning', '2025-03-28', 'Put-upon lawman John Dorsey is on the verge of losing his wife and his job as sheriff, so he posses up with bullish U.S. Marshall Butch Hayden to hold outlaw Emily Rusk hostage. A battle of wills ensues as Emily turns the posse on themselves, but as her marauding husband and his gang approach, Emily and John realize they will need each other to survive.', '/cVSjSQryFUERYSdOmdgJ2m0eBte.jpg');
INSERT INTO movie_genres (movie_id, genre_id) VALUES (1414048, 37);
INSERT INTO movie_genres (movie_id, genre_id) VALUES (1414048, 28);
INSERT INTO movies (id, title, release_date, description, poster_path) VALUES (941, 'Lethal Weapon', '1987-03-06', 'A veteran cop and an unstable detective become partners who must put their differences aside in order to bring down a heroin-smuggling ring run by ex-Special Forces.', '/6gt44oqb4nE8vflPElffeGwsHVl.jpg');
INSERT INTO movie_genres (movie_id, genre_id) VALUES (941, 12);
INSERT INTO movie_genres (movie_id, genre_id) VALUES (941, 28);
INSERT INTO movie_genres (movie_id, genre_id) VALUES (941, 35);
INSERT INTO movie_genres (movie_id, genre_id) VALUES (941, 53);
INSERT INTO movie_genres (movie_id, genre_id) VALUES (941, 80);
INSERT INTO movies (id, title, release_date, description, poster_path) VALUES (220980, 'Christmas Comes Home to Canaan', '2011-12-17', 'When Bobber undergoes experimental surgery to help him walk again, Daniel Burton falls in love with his beautiful rehabilitation doctor and invites her to spend Christmas at the farm.', '/llycTLvu6R9ALZ5pHXQGJxMl8aQ.jpg');
INSERT INTO movie_genres (movie_id, genre_id) VALUES (220980, 18);
INSERT INTO movie_genres (movie_id, genre_id) VALUES (220980, 10751);
INSERT INTO movie_genres (movie_id, genre_id) VALUES (220980, 10770);
INSERT INTO movies (id, title, release_date, description, poster_path) VALUES (1640, 'Crash', '2005-05-06', 'In post-Sept. 11 Los Angeles, tensions erupt when the lives of a Brentwood housewife, her district attorney husband, a Persian shopkeeper, two cops, a pair of carjackers and a Korean couple converge during a 36-hour period.', '/86BdPC6RDX88NC880pLidKn2LCj.jpg');
INSERT INTO movie_genres (movie_id, genre_id) VALUES (1640, 18);
INSERT INTO movies (id, title, release_date, description, poster_path) VALUES (465290, 'Garage Sale Mystery: Murder By Text', '2017-08-13', 'Famous country singer John Dalton''s concert rehearsal is stalled when the entire crew receives a suicide note from Lita, the band’s bassist. After discovering that a Taser was used to immobilize her before her death, Jenn is skeptical that Lita’s death was actually suicide.', '/zD5kVIo8coI8KIwP5DuDbucJ3Hh.jpg');
INSERT INTO movie_genres (movie_id, genre_id) VALUES (465290, 10770);
INSERT INTO movie_genres (movie_id, genre_id) VALUES (465290, 9648);
INSERT INTO movie_genres (movie_id, genre_id) VALUES (465290, 18);
INSERT INTO movies (id, title, release_date, description, poster_path) VALUES (1075304, 'The Plot to Kill My Mother', '2023-01-22', 'A young woman who unknowingly grew up in federal witness protection reels after her mother’s murder, leading her to question everything that she thinks is true. She decides to leave the program and find the killer before he kills again, but reclaiming a life she never knew isn’t going to be easy.', '/nPZI3KkI3eK29L5FnTB1W0fEtLQ.jpg');
INSERT INTO movie_genres (movie_id, genre_id) VALUES (1075304, 10770);
INSERT INTO movie_genres (movie_id, genre_id) VALUES (1075304, 53);
INSERT INTO movies (id, title, release_date, description, poster_path) VALUES (36648, 'Blade: Trinity', '2004-12-08', 'For years, Blade has fought against the vampires in the cover of the night. But now, after falling into the crosshairs of the FBI, he is forced out into the daylight, where he is driven to join forces with a clan of human vampire hunters he never knew existed—The Nightstalkers. Together with Abigail and Hannibal, two deftly trained Nightstalkers, Blade follows a trail of blood to the ancient creature that is also hunting him—the original vampire, Dracula.', '/r6ycjrStmmAqiY1oDjAli9NArCa.jpg');
INSERT INTO movie_genres (movie_id, genre_id) VALUES (36648, 28);
INSERT INTO movie_genres (movie_id, genre_id) VALUES (36648, 27);
INSERT INTO movie_genres (movie_id, genre_id) VALUES (36648, 878);
INSERT INTO movies (id, title, release_date, description, poster_path) VALUES (454640, 'The Angry Birds Movie 2', '2019-08-02', 'Red, Chuck, Bomb and the rest of their feathered friends are surprised when a green pig suggests that they put aside their differences and unite to fight a common threat. Aggressive birds from an island covered in ice are planning to use an elaborate weapon to destroy the fowl and swine.', '/dz3AjGWAPV4cK8lRDY0DdaVfGUK.jpg');
INSERT INTO movie_genres (movie_id, genre_id) VALUES (454640, 16);
INSERT INTO movie_genres (movie_id, genre_id) VALUES (454640, 12);
INSERT INTO movie_genres (movie_id, genre_id) VALUES (454640, 35);
INSERT INTO movie_genres (movie_id, genre_id) VALUES (454640, 10751);
INSERT INTO movies (id, title, release_date, description, poster_path) VALUES (59115, 'Quarantine 2: Terminal', '2011-06-16', 'A plane is taken over by a mysterious virus. When the plane lands it is placed under quarantine. Now a group of survivors must band together to survive the quarantine.', '/ouQOquRqqaO8sPAziD4BFoNO1Pb.jpg');
INSERT INTO movie_genres (movie_id, genre_id) VALUES (59115, 27);
INSERT INTO movie_genres (movie_id, genre_id) VALUES (59115, 9648);
INSERT INTO movie_genres (movie_id, genre_id) VALUES (59115, 878);
INSERT INTO movies (id, title, release_date, description, poster_path) VALUES (18158, 'Earth vs. the Flying Saucers', '1956-07-04', 'Test space rockets exploding at liftoff and increased reporting of UFO sightings culminate in a direct attempt by alien survivors of a dead, extra-galactic civilization to invade Earth from impervious flying saucers, using ray-weapons of mass destruction.', '/qCOLglZvQgQAyWMCZodBo3wmgqp.jpg');
INSERT INTO movie_genres (movie_id, genre_id) VALUES (18158, 28);
INSERT INTO movie_genres (movie_id, genre_id) VALUES (18158, 878);
INSERT INTO movies (id, title, release_date, description, poster_path) VALUES (29963, 'Bright Star', '2009-09-18', 'In 1818, high-spirited young Fanny Brawne finds herself increasingly intrigued by the handsome but aloof poet John Keats, who lives next door to her family friends the Dilkes. After reading a book of his poetry, she finds herself even more drawn to the taciturn Keats. Although he agrees to teach her about poetry, Keats cannot act on his reciprocated feelings for Fanny, since as a struggling poet he has no money to support a wife.', '/csN6y4nq2kaBiegHaGw0DGp4plf.jpg');
INSERT INTO movie_genres (movie_id, genre_id) VALUES (29963, 18);
INSERT INTO movie_genres (movie_id, genre_id) VALUES (29963, 10749);
INSERT INTO movies (id, title, release_date, description, poster_path) VALUES (1125073, 'Between the Temples', '2024-08-22', 'A grief-stricken cantor in a crisis of faith finds his world turned upside down when his grade school music teacher re-enters his life as his new adult Bat Mitzvah student. The two forlorn souls develop a special connection.', '/iOVe3xoJDIdMMYvCy18a4TlDIOK.jpg');
INSERT INTO movie_genres (movie_id, genre_id) VALUES (1125073, 35);
INSERT INTO movie_genres (movie_id, genre_id) VALUES (1125073, 18);
INSERT INTO movies (id, title, release_date, description, poster_path) VALUES (1263371, 'An American Bombing: The Road to April 19th', '2024-04-16', 'This documentary looks at the surge in political violence through the story of the 1995 Oklahoma City bombing, showing the roots of anti-government sentiment and its reverberations today, along with the emotionally charged warnings of those who suffered tragic losses in the deadliest homegrown attack in U.S. history.', '/7RPUEmNtMORxOlkBQCHBsO4Y36Q.jpg');
INSERT INTO movie_genres (movie_id, genre_id) VALUES (1263371, 99);
INSERT INTO movies (id, title, release_date, description, poster_path) VALUES (42246, 'Tom and Jerry: The Fast and the Furry', '2005-09-03', 'After being evicted from their old house by Tom''s owner for causing major damage, cat and mouse Tom and Jerry enter a race entitled the "Fabulous Super Race" to win a mansion.', '/4pQhh5bU1KcUeXqPOteWsCkNZPK.jpg');
INSERT INTO movie_genres (movie_id, genre_id) VALUES (42246, 16);
INSERT INTO movie_genres (movie_id, genre_id) VALUES (42246, 35);
INSERT INTO movie_genres (movie_id, genre_id) VALUES (42246, 10751);
INSERT INTO movies (id, title, release_date, description, poster_path) VALUES (6435, 'Practical Magic', '1998-10-16', 'Sally and Gillian Owens, born into a magical family, have mostly avoided witchcraft themselves. But when Gillian''s vicious boyfriend, Jimmy Angelov, dies unexpectedly, the Owens sisters give themselves a crash course in hard magic. With policeman Gary Hallet growing suspicious, the girls struggle to resurrect Angelov -- and unwittingly inject his corpse with an evil spirit that threatens to end their family line.', '/AwmToSgf2IL3aHv0QRVsR5KvChv.jpg');
INSERT INTO movie_genres (movie_id, genre_id) VALUES (6435, 10749);
INSERT INTO movie_genres (movie_id, genre_id) VALUES (6435, 35);
INSERT INTO movie_genres (movie_id, genre_id) VALUES (6435, 14);
INSERT INTO movies (id, title, release_date, description, poster_path) VALUES (252, 'Willy Wonka & the Chocolate Factory', '1971-06-29', 'When eccentric candy man Willy Wonka promises a lifetime supply of sweets and a tour of his chocolate factory to five lucky kids, penniless Charlie Bucket seeks the golden ticket that will make him a winner.', '/vmpsZkrs4Uvkp9r1atL8B3frA63.jpg');
INSERT INTO movie_genres (movie_id, genre_id) VALUES (252, 10751);
INSERT INTO movie_genres (movie_id, genre_id) VALUES (252, 14);
INSERT INTO movie_genres (movie_id, genre_id) VALUES (252, 35);
INSERT INTO movies (id, title, release_date, description, poster_path) VALUES (631428, 'Cherished Memories: A Gift to Remember 2', '2019-11-24', 'As Darcy and Aiden prepare to celebrate their second Christmas together, an unexpected guest and a fight to save the beloved community center unites everyone for an unforgettable holiday.', '/6ku2gd9GcXwHSqeHHfs1ihjslIb.jpg');
INSERT INTO movie_genres (movie_id, genre_id) VALUES (631428, 10749);
INSERT INTO movie_genres (movie_id, genre_id) VALUES (631428, 10770);
INSERT INTO movies (id, title, release_date, description, poster_path) VALUES (845783, 'Baghead', '2023-12-28', 'Following the death of her estranged father, Iris learns she has inherited a run-down, centuries-old pub. She travels to Berlin to identify her father’s body and meet with The Solicitor to discuss the estate. Little does she know, when the deed is signed she will become inextricably tied to an unspeakable entity that resides in the pub’s basement – Baghead – a shape-shifting creature that can transform into the dead.', '/lbOyeiiRYAE6Nm2e7xiNAAaRwZB.jpg');
INSERT INTO movie_genres (movie_id, genre_id) VALUES (845783, 27);
INSERT INTO movies (id, title, release_date, description, poster_path) VALUES (205939, 'The Crown and the Dragon', '2013-07-25', 'In a war-torn country that is plagued by a vicious dragon, Elenn, an arrogant, young noblewoman, accompanies her aunt on a mission to bring an ancient relic to the secret coronation of the rightful king.', '/h6SF7r9z7hbWTJW1GM0VRUIvwUn.jpg');
INSERT INTO movie_genres (movie_id, genre_id) VALUES (205939, 14);
INSERT INTO movie_genres (movie_id, genre_id) VALUES (205939, 12);
INSERT INTO movies (id, title, release_date, description, poster_path) VALUES (522938, 'Rambo: Last Blood', '2019-09-18', 'After fighting his demons for decades, John Rambo now lives in peace on his family ranch in Arizona, but his rest is interrupted when Gabriela, the granddaughter of his housekeeper María, disappears after crossing the border into Mexico to meet her biological father. Rambo, who has become a true father figure for Gabriela over the years, undertakes a desperate and dangerous journey to find her.', '/kTQ3J8oTTKofAVLYnds2cHUz9KO.jpg');
INSERT INTO movie_genres (movie_id, genre_id) VALUES (522938, 28);
INSERT INTO movie_genres (movie_id, genre_id) VALUES (522938, 53);
INSERT INTO movie_genres (movie_id, genre_id) VALUES (522938, 18);
INSERT INTO movies (id, title, release_date, description, poster_path) VALUES (18823, 'Clash of the Titans', '2010-03-26', 'Born of a god but raised as a man, Perseus is helpless to save his family from Hades, vengeful god of the underworld. With nothing to lose, Perseus volunteers to lead a dangerous mission to defeat Hades before he can seize power from Zeus and unleash hell on earth. Battling unholy demons and fearsome beasts, Perseus and his warriors will only survive if Perseus accepts his power as a god, defies fate and creates his own destiny.', '/3W6QaC3Vz8UJhr6HRYuGfbNeJCs.jpg');
INSERT INTO movie_genres (movie_id, genre_id) VALUES (18823, 12);
INSERT INTO movie_genres (movie_id, genre_id) VALUES (18823, 14);
INSERT INTO movie_genres (movie_id, genre_id) VALUES (18823, 28);
INSERT INTO movies (id, title, release_date, description, poster_path) VALUES (15602, 'Grumpier Old Men', '1995-12-22', 'A family wedding reignites the ancient feud between next-door neighbors and fishing buddies John and Max. Meanwhile, a sultry Italian divorcée opens a restaurant at the local bait shop, alarming the locals who worry she''ll scare the fish away. But she''s less interested in seafood than she is in cooking up a hot time with Max.', '/1FSXpj5e8l4KH6nVFO5SPUeraOt.jpg');
INSERT INTO movie_genres (movie_id, genre_id) VALUES (15602, 10749);
INSERT INTO movie_genres (movie_id, genre_id) VALUES (15602, 35);
INSERT INTO movies (id, title, release_date, description, poster_path) VALUES (77016, 'End of Watch', '2012-09-20', 'Two young officers are marked for death after confiscating a small cache of money and firearms from the members of a notorious cartel during a routine traffic stop.', '/pDeVKQICkcdwwjHxGj0MeS14YJ6.jpg');
INSERT INTO movie_genres (movie_id, genre_id) VALUES (77016, 80);
INSERT INTO movie_genres (movie_id, genre_id) VALUES (77016, 18);
INSERT INTO movie_genres (movie_id, genre_id) VALUES (77016, 53);
INSERT INTO movies (id, title, release_date, description, poster_path) VALUES (10707, 'The Squid and the Whale', '2005-10-05', 'Based on the true childhood experiences of Noah Baumbach and his brother, The Squid and the Whale tells the touching story of two young boys dealing with their parents'' divorce in Brooklyn in the 1980s.', '/h4FMTKrWgwSUQTSbMnSA4ECKzl2.jpg');
INSERT INTO movie_genres (movie_id, genre_id) VALUES (10707, 35);
INSERT INTO movie_genres (movie_id, genre_id) VALUES (10707, 18);
INSERT INTO movies (id, title, release_date, description, poster_path) VALUES (5652, 'The James Dean Story', '1957-08-13', 'Released two years after James Dean''s death, this documentary chronicles his short life and career via black-and-white still photographs, interviews with the aunt and uncle who raised him, his paternal grandparents, a New York City cabdriver friend, the owner of his favorite Los Angeles restaurant, outtakes from East of Eden, footage of the opening night of Giant, and Dean''s ironic PSA for safe driving.', '/gmjihTFH7ROwJuthIZvoLC99AtS.jpg');
INSERT INTO movie_genres (movie_id, genre_id) VALUES (5652, 99);
INSERT INTO movies (id, title, release_date, description, poster_path) VALUES (1891, 'The Empire Strikes Back', '1980-05-20', 'The epic saga continues as Luke Skywalker, in hopes of defeating the evil Galactic Empire, learns the ways of the Jedi from aging master Yoda. But Darth Vader is more determined than ever to capture Luke. Meanwhile, rebel leader Princess Leia, cocky Han Solo, Chewbacca, and droids C-3PO and R2-D2 are thrown into various stages of capture, betrayal and despair.', '/nNAeTmF4CtdSgMDplXTDPOpYzsX.jpg');
INSERT INTO movie_genres (movie_id, genre_id) VALUES (1891, 12);
INSERT INTO movie_genres (movie_id, genre_id) VALUES (1891, 28);
INSERT INTO movie_genres (movie_id, genre_id) VALUES (1891, 878);
INSERT INTO movies (id, title, release_date, description, poster_path) VALUES (109091, 'The Counselor', '2013-10-25', 'A lawyer finds himself in far over his head when he attempts to get involved in drug trafficking.', '/aNiLkGnzVb5CorZHKk16w9S4COt.jpg');
INSERT INTO movie_genres (movie_id, genre_id) VALUES (109091, 53);
INSERT INTO movie_genres (movie_id, genre_id) VALUES (109091, 80);
INSERT INTO movie_genres (movie_id, genre_id) VALUES (109091, 18);
INSERT INTO movies (id, title, release_date, description, poster_path) VALUES (197320, 'The Double Life of Eleanor Kendall', '2008-03-29', 'Nellie, née Bouchard, is divorced by wealthy Jack Givens because after a miscarriage even in vitro fails to overcome her infertility. She finds herself destitute as her own account were plundered by someone who stole her maiden identity, Eleanor Kendall. Bank officer lover Dave helps her trace the impostor to Montréal and prevent if being spent on a Corsica home. She starts an affair with British doctor Christopher Dolan, who is in town for a conference, and bumps into Eleanor, a local French tutor and single mother. Instead of informing the police, she gets acquainted with and comes to like ''Eleanor''. Finally the truth catches up, but more complex and perilous then anyone anticipated.', '/lTRUeGslZTBhrtd4Ehc0QSNXSkX.jpg');
INSERT INTO movie_genres (movie_id, genre_id) VALUES (197320, 80);
INSERT INTO movie_genres (movie_id, genre_id) VALUES (197320, 18);
INSERT INTO movie_genres (movie_id, genre_id) VALUES (197320, 9648);
INSERT INTO movie_genres (movie_id, genre_id) VALUES (197320, 10770);
INSERT INTO movies (id, title, release_date, description, poster_path) VALUES (4233, 'Scream 2', '1997-12-12', 'Two years after the first series of murders, as Sidney Prescott acclimates to college life, someone donning the Ghostface costume begins a new string of killings.', '/dORlVasiaDkJXTqt9bdH7nFNs6C.jpg');
INSERT INTO movie_genres (movie_id, genre_id) VALUES (4233, 27);
INSERT INTO movie_genres (movie_id, genre_id) VALUES (4233, 9648);
INSERT INTO movies (id, title, release_date, description, poster_path) VALUES (931349, 'Ash', '2025-03-20', 'On the mysterious planet of Ash, Riya awakens to find her crew slaughtered. When a man named Brion arrives to rescue her, an ordeal of psychological and physical terror ensues while Riya and Brion must decide if they can trust one another to survive.', '/nRa8B3tQCUK6pVwjasIyQehbvpF.jpg');
INSERT INTO movie_genres (movie_id, genre_id) VALUES (931349, 27);
INSERT INTO movie_genres (movie_id, genre_id) VALUES (931349, 878);
INSERT INTO movies (id, title, release_date, description, poster_path) VALUES (740903, 'The Unhealer', '2020-10-09', 'A botched faith healing bestows supernatural Shaman powers on a bullied teenager. When his lifelong tormentors pull a prank that kills someone he loves, he uses his powers for revenge and goes on a bloody rampage to settle the score.', '/jEuKhYfeS4dz0uQj1yTZ2Gl8yNH.jpg');
INSERT INTO movie_genres (movie_id, genre_id) VALUES (740903, 14);
INSERT INTO movie_genres (movie_id, genre_id) VALUES (740903, 53);
INSERT INTO movie_genres (movie_id, genre_id) VALUES (740903, 27);
INSERT INTO movies (id, title, release_date, description, poster_path) VALUES (1228246, 'Five Nights at Freddy''s 2', '2025-12-03', 'One year since the supernatural nightmare at Freddy Fazbear''s Pizza, the stories about what transpired there have been twisted into a campy local legend, inspiring the town''s first ever Fazfest. With the truth about what transpired kept from her, Abby sneaks out to reconnect with Freddy, Bonnie, Chica, and Foxy, setting into motion a terrifying series of events that will reveal dark secrets about the true origin of Freddy''s, and unleash a long-forgotten horror hidden away for decades.', '/k3ClpHDSpLbAzFsrZQIOiFb4Fpx.jpg');
INSERT INTO movie_genres (movie_id, genre_id) VALUES (1228246, 27);
INSERT INTO movie_genres (movie_id, genre_id) VALUES (1228246, 53);
INSERT INTO movies (id, title, release_date, description, poster_path) VALUES (718789, 'Lightyear', '2022-06-15', 'Legendary Space Ranger Buzz Lightyear embarks on an intergalactic adventure alongside a group of ambitious recruits and his robot companion Sox.', '/b9t3w1loraDh7hjdWmpc9ZsaYns.jpg');
INSERT INTO movie_genres (movie_id, genre_id) VALUES (718789, 16);
INSERT INTO movie_genres (movie_id, genre_id) VALUES (718789, 878);
INSERT INTO movie_genres (movie_id, genre_id) VALUES (718789, 10751);
INSERT INTO movie_genres (movie_id, genre_id) VALUES (718789, 12);
INSERT INTO movies (id, title, release_date, description, poster_path) VALUES (331482, 'Little Women', '2019-12-25', 'Four sisters come of age in America in the aftermath of the Civil War.', '/yn5ihODtZ7ofn8pDYfxCmxh8AXI.jpg');
INSERT INTO movie_genres (movie_id, genre_id) VALUES (331482, 18);
INSERT INTO movie_genres (movie_id, genre_id) VALUES (331482, 10749);
INSERT INTO movie_genres (movie_id, genre_id) VALUES (331482, 36);
INSERT INTO movies (id, title, release_date, description, poster_path) VALUES (884625, 'A Slice of Chicago Romance', '2022-02-10', 'In Evanstown, a suburb of Chicago, Romanos & Juliatos, two pizza places, have competed for the town’s business for years. When both restaurants hand over the reins to the next generation—Riley and Sarah —after Pizza Den, a new pizza chain moves into town, the new bosses struggle to continue the rivalry after they begin to fall for one another.', '/vMVQkHr5JkkZPcU8OOEJ6VcaLiy.jpg');
INSERT INTO movie_genres (movie_id, genre_id) VALUES (884625, 10770);
INSERT INTO movie_genres (movie_id, genre_id) VALUES (884625, 35);
INSERT INTO movie_genres (movie_id, genre_id) VALUES (884625, 10749);
INSERT INTO movie_genres (movie_id, genre_id) VALUES (884625, 10751);
INSERT INTO movies (id, title, release_date, description, poster_path) VALUES (122293, 'The Philadelphia Experiment', '2012-07-27', 'A secret government research project tries reviving the World War II "Philadelphia Experiment," which was an attempt to create a cloaking device to render warships invisible. When the experiment succeeds, it brings back the original ship (the Eldridge) that disappeared during the first test in 1943 - which brings death and destruction to the 21st century. It''s up to the sole survivor of the first experiment and his granddaughter to stop it.', '/i7mGfgQqhv7i3s5yPNXFpBKTwge.jpg');
INSERT INTO movie_genres (movie_id, genre_id) VALUES (122293, 12);
INSERT INTO movie_genres (movie_id, genre_id) VALUES (122293, 878);
INSERT INTO movie_genres (movie_id, genre_id) VALUES (122293, 53);
INSERT INTO movie_genres (movie_id, genre_id) VALUES (122293, 9648);
INSERT INTO movies (id, title, release_date, description, poster_path) VALUES (2048, 'I, Robot', '2004-07-15', 'In 2035, where robots are commonplace and abide by the three laws of robotics, a technophobic cop investigates an apparent suicide. Suspecting that a robot may be responsible for the death, his investigation leads him to believe that humanity may be in danger.', '/efwv6F2lGaghjPpBRSINHtoEiZB.jpg');
INSERT INTO movie_genres (movie_id, genre_id) VALUES (2048, 28);
INSERT INTO movie_genres (movie_id, genre_id) VALUES (2048, 878);
INSERT INTO movies (id, title, release_date, description, poster_path) VALUES (69471, 'Lecture 21', '2008-10-17', 'A student takes a bizarre trip through the Italian Alps after being inspired by a professor''s lecture on Beethoven''s "Ode to Joy" from his Ninth Symphony.', '/qYl7HbtMKCszZ2fAbH8ctRrdqLb.jpg');
INSERT INTO movie_genres (movie_id, genre_id) VALUES (69471, 14);
INSERT INTO movie_genres (movie_id, genre_id) VALUES (69471, 36);
INSERT INTO movie_genres (movie_id, genre_id) VALUES (69471, 18);
INSERT INTO movies (id, title, release_date, description, poster_path) VALUES (426242, 'Where Is Anne Frank', '2021-12-08', 'The film follows the journey of Kitty, the imaginary friend to whom Anne Frank dedicated her diary. A fiery teenager, Kitty wakes up in the near future in Anne Frank''s house in Amsterdam and embarks on a journey to find Anne, who she believes is still alive, in today''s Europe. While the young girl is shocked by the modern world, she also comes across Anne''s legacy.', '/ueIfY5LqYNBG1WVnkrZTdJq3TWc.jpg');
INSERT INTO movie_genres (movie_id, genre_id) VALUES (426242, 16);
INSERT INTO movie_genres (movie_id, genre_id) VALUES (426242, 18);
INSERT INTO movie_genres (movie_id, genre_id) VALUES (426242, 10751);
INSERT INTO movie_genres (movie_id, genre_id) VALUES (426242, 36);
INSERT INTO movies (id, title, release_date, description, poster_path) VALUES (116745, 'The Secret Life of Walter Mitty', '2013-12-18', 'A timid magazine photo manager who lives life vicariously through daydreams embarks on a true-life adventure when a negative goes missing.', '/tY6ypjKOOtujhxiSwTmvA4OZ5IE.jpg');
INSERT INTO movie_genres (movie_id, genre_id) VALUES (116745, 12);
INSERT INTO movie_genres (movie_id, genre_id) VALUES (116745, 35);
INSERT INTO movie_genres (movie_id, genre_id) VALUES (116745, 18);
INSERT INTO movie_genres (movie_id, genre_id) VALUES (116745, 14);
INSERT INTO movies (id, title, release_date, description, poster_path) VALUES (326420, 'Dig Two Graves', '2014-10-17', 'A girl''s obsession with her brother''s disappearance leads her on a nightmarish journey through a small town''s Gothic landscape where she is faced with a deadly proposition. How far will she go to save the people she loves?', '/5Nyhc5JrWiRMuDm4iDIs1PDqzss.jpg');
INSERT INTO movie_genres (movie_id, genre_id) VALUES (326420, 9648);
INSERT INTO movie_genres (movie_id, genre_id) VALUES (326420, 53);
INSERT INTO movie_genres (movie_id, genre_id) VALUES (326420, 14);
INSERT INTO movie_genres (movie_id, genre_id) VALUES (326420, 27);
INSERT INTO movies (id, title, release_date, description, poster_path) VALUES (11845, 'Intimacy', '2001-01-20', 'Failed musician Jay abandoned his family and now earns a living as head bartender in a trendy London pub. Every Wednesday afternoon, a woman comes to his house for graphic, almost wordless, sex. One day, Jay follows her and learns about her. This eventually disrupts their relationship.', '/aiPhBVo2eNhuPw5Pezx4BHagvUx.jpg');
INSERT INTO movie_genres (movie_id, genre_id) VALUES (11845, 10749);
INSERT INTO movie_genres (movie_id, genre_id) VALUES (11845, 18);
INSERT INTO movie_genres (movie_id, genre_id) VALUES (11845, 14);
INSERT INTO movies (id, title, release_date, description, poster_path) VALUES (1825, 'Over the Top', '1987-02-13', 'Lincoln Hawk a hard-luck big-rig trucker takes us under the glaring Las Vegas lights for all the boisterous action of the World Armwrestling Championship. Relying on wits and willpower, Hawk tries to rebuild his life by capturing the first-place prize money, and the love of the son he abandoned years earlier into the keeping of his rich, ruthless father-in-law.', '/a926UPf4EYbHfjdzf012M5YHiQ5.jpg');
INSERT INTO movie_genres (movie_id, genre_id) VALUES (1825, 28);
INSERT INTO movie_genres (movie_id, genre_id) VALUES (1825, 18);
INSERT INTO movies (id, title, release_date, description, poster_path) VALUES (119283, 'Parker', '2013-01-23', 'A thief with a unique code of professional ethics is double-crossed by his crew and left for dead. Assuming a new disguise and forming an unlikely alliance with a woman on the inside, he looks to hijack the score of the crew''s latest heist.', '/u1cl4RsdqMjolVVsHwiLRPN1CT2.jpg');
INSERT INTO movie_genres (movie_id, genre_id) VALUES (119283, 28);
INSERT INTO movie_genres (movie_id, genre_id) VALUES (119283, 80);
INSERT INTO movies (id, title, release_date, description, poster_path) VALUES (5825, 'National Lampoon''s Christmas Vacation', '1989-11-30', 'It''s Christmastime, and the Griswolds are preparing for a family seasonal celebration. But things never run smoothly for Clark, his wife Ellen, and their two kids. Clark''s continual bad luck is worsened by his obnoxious family guests, but he manages to keep going, knowing that his Christmas bonus is due soon.', '/xoWRCXvjC3LWJNBeuvpNvW1rBCM.jpg');
INSERT INTO movie_genres (movie_id, genre_id) VALUES (5825, 35);
INSERT INTO movies (id, title, release_date, description, poster_path) VALUES (239773, 'Black Sabbath: Live... Gathered In Their Masses', '2013-11-25', 'A live album and video by English rock band Black Sabbath. It features performances from their 2013 world tour. Recorded live at Rod Laver Arena, Melbourne Park, Melbourne, Victoria, Australia on 29 April and 1 May 2012.', '/AjGukbkCJfEt29hsZEM4iT6Ndil.jpg');
INSERT INTO movie_genres (movie_id, genre_id) VALUES (239773, 10402);
INSERT INTO movies (id, title, release_date, description, poster_path) VALUES (24554, 'The Land Before Time X: The Great Longneck Migration', '2003-12-02', 'A bedtime story leads Littlefoot and his grandparents on a journey to a new land, where Littlefoot discovers someone who vanished before he was born: his father! Now Littlefoot must decide between two worlds. Will he leave to be with his friends in the Great Valley, or stay behind and start a new life with his father?', '/lSwUyNrm4KaFwrM5ilY2ZWY5bEL.jpg');
INSERT INTO movie_genres (movie_id, genre_id) VALUES (24554, 16);
INSERT INTO movie_genres (movie_id, genre_id) VALUES (24554, 12);
INSERT INTO movie_genres (movie_id, genre_id) VALUES (24554, 10751);
INSERT INTO movies (id, title, release_date, description, poster_path) VALUES (239773, 'Black Sabbath: Live... Gathered In Their Masses', '2013-11-25', 'A live album and video by English rock band Black Sabbath. It features performances from their 2013 world tour. Recorded live at Rod Laver Arena, Melbourne Park, Melbourne, Victoria, Australia on 29 April and 1 May 2012.', '/AjGukbkCJfEt29hsZEM4iT6Ndil.jpg');
INSERT INTO movie_genres (movie_id, genre_id) VALUES (239773, 10402);
INSERT INTO movies (id, title, release_date, description, poster_path) VALUES (24554, 'The Land Before Time X: The Great Longneck Migration', '2003-12-02', 'A bedtime story leads Littlefoot and his grandparents on a journey to a new land, where Littlefoot discovers someone who vanished before he was born: his father! Now Littlefoot must decide between two worlds. Will he leave to be with his friends in the Great Valley, or stay behind and start a new life with his father?', '/lSwUyNrm4KaFwrM5ilY2ZWY5bEL.jpg');
INSERT INTO movie_genres (movie_id, genre_id) VALUES (24554, 16);
INSERT INTO movie_genres (movie_id, genre_id) VALUES (24554, 12);
INSERT INTO movie_genres (movie_id, genre_id) VALUES (24554, 10751);
INSERT INTO movies (id, title, release_date, description, poster_path) VALUES (46522, 'The Aftermath', '1982-03-22', 'After a lengthy space mission, two astronauts (Steve Barkett and Larry Latham) return to an Earth transformed by nuclear war. As renegade gangs and mutants rule Los Angeles, the astronauts join two pretty women and a couple of kids in a growing resistance movement. This sci-fi adventure follows the men as they battle bell-bottomed biker leader Cutter and his brutal gang.', '/lR7H61fx5Mn9cUq8oqT1moDBgxK.jpg');
INSERT INTO movie_genres (movie_id, genre_id) VALUES (46522, 28);
INSERT INTO movie_genres (movie_id, genre_id) VALUES (46522, 12);
INSERT INTO movie_genres (movie_id, genre_id) VALUES (46522, 878);
INSERT INTO movie_genres (movie_id, genre_id) VALUES (46522, 27);
INSERT INTO movies (id, title, release_date, description, poster_path) VALUES (473343, 'Here to be Heard: The Story of The Slits', '2018-04-18', 'The tale of the formation, journey and end of the seminal Punk/Reggae band The Slits.', '/2KHz6NH6txtMISHs9MU2CB9EYJB.jpg');
INSERT INTO movie_genres (movie_id, genre_id) VALUES (473343, 99);
INSERT INTO movie_genres (movie_id, genre_id) VALUES (473343, 10402);
INSERT INTO movies (id, title, release_date, description, poster_path) VALUES (1374686, 'Light of the World', '2025-09-04', 'It''s 30 AD and everyone is expectantly awaiting the coming Messiah. While Jesus isn''t exactly what they imagined, there is something special about this man. Soon, John, James, Andrew, Peter, and others begin to follow Jesus on an unexpected adventure. This beautifully animated story of Jesus is told through the eyes of his beloved young friend, the Apostle John.', '/3vUqo90FCIHXPiXnQJEeqzg5EDV.jpg');
INSERT INTO movie_genres (movie_id, genre_id) VALUES (1374686, 16);
INSERT INTO movie_genres (movie_id, genre_id) VALUES (1374686, 14);
INSERT INTO movie_genres (movie_id, genre_id) VALUES (1374686, 18);
INSERT INTO movie_genres (movie_id, genre_id) VALUES (1374686, 10402);
INSERT INTO movies (id, title, release_date, description, poster_path) VALUES (645886, 'The Unforgivable', '2021-11-24', 'A woman is released from prison after serving a sentence for a violent crime and re-enters a society that refuses to forgive her past.', '/1b3dNFDuE7i05TJlXrIC571yR01.jpg');
INSERT INTO movie_genres (movie_id, genre_id) VALUES (645886, 18);
INSERT INTO movie_genres (movie_id, genre_id) VALUES (645886, 80);
INSERT INTO movies (id, title, release_date, description, poster_path) VALUES (594767, 'Shazam! Fury of the Gods', '2023-03-15', 'Billy Batson and his foster siblings, who transform into superheroes by saying "Shazam!", are forced to get back into action and fight the Daughters of Atlas, who they must stop from using a weapon that could destroy the world.', '/A3ZbZsmsvNGdprRi2lKgGEeVLEH.jpg');
INSERT INTO movie_genres (movie_id, genre_id) VALUES (594767, 35);
INSERT INTO movie_genres (movie_id, genre_id) VALUES (594767, 28);
INSERT INTO movie_genres (movie_id, genre_id) VALUES (594767, 14);
INSERT INTO movies (id, title, release_date, description, poster_path) VALUES (673228, 'Is There a Killer in My Family?', '2020-02-14', 'True-crime author, Carly, and her husband Kevin take a vacation at a historical mansion on Crawford Island. Kevin thinks it will be a chance for them to reconnect, but Carly plans to research the puzzling unsolved murder of Diana Crawford.', '/zk7fYRNr063kggg9Coy4zdHtaa0.jpg');
INSERT INTO movie_genres (movie_id, genre_id) VALUES (673228, 53);
INSERT INTO movie_genres (movie_id, genre_id) VALUES (673228, 10770);
INSERT INTO movie_genres (movie_id, genre_id) VALUES (673228, 9648);
INSERT INTO movies (id, title, release_date, description, poster_path) VALUES (1008409, 'The Bikeriders', '2024-06-19', 'After a chance encounter, headstrong Kathy is drawn to Benny, member of Midwestern motorcycle club the Vandals. As the club transforms into a dangerous underworld of violence, Benny must choose between Kathy and his loyalty to the club.', '/ApMuukdDAOR2rgaFDZIcjfigi64.jpg');
INSERT INTO movie_genres (movie_id, genre_id) VALUES (1008409, 80);
INSERT INTO movie_genres (movie_id, genre_id) VALUES (1008409, 18);
INSERT INTO movies (id, title, release_date, description, poster_path) VALUES (75637, 'Storm Fear', '1955-12-16', 'A wounded bank robber takes over his brother''s home.', '/NyojUKHvOqkmpSjWJOQyWRdOc3.jpg');
INSERT INTO movie_genres (movie_id, genre_id) VALUES (75637, 53);
INSERT INTO movie_genres (movie_id, genre_id) VALUES (75637, 80);
INSERT INTO movie_genres (movie_id, genre_id) VALUES (75637, 18);
INSERT INTO movies (id, title, release_date, description, poster_path) VALUES (316727, 'The Purge: Election Year', '2016-06-29', 'Two years after choosing not to kill the man who killed his son, former police sergeant Leo Barnes has become head of security for Senator Charlene Roan, the front runner in the next Presidential election due to her vow to eliminate the Purge. On the night of what should be the final Purge, a betrayal from within the government forces Barnes and Roan out onto the street where they must fight to survive the night.', '/gg7tlp45xqGWMra0sqQVPvybje2.jpg');
INSERT INTO movie_genres (movie_id, genre_id) VALUES (316727, 28);
INSERT INTO movie_genres (movie_id, genre_id) VALUES (316727, 27);
INSERT INTO movie_genres (movie_id, genre_id) VALUES (316727, 53);
INSERT INTO movies (id, title, release_date, description, poster_path) VALUES (591274, 'Fear Street: 1978', '2021-07-08', 'In 1978, two rival groups at Camp Nightwing must band together to solve a terrifying mystery when horrors from their towns'' history come alive.', '/5dNTxhoGDTHHGqUTdxcr4H1dqlU.jpg');
INSERT INTO movie_genres (movie_id, genre_id) VALUES (591274, 27);
INSERT INTO movie_genres (movie_id, genre_id) VALUES (591274, 9648);
INSERT INTO movies (id, title, release_date, description, poster_path) VALUES (978592, 'Sleeping Dogs', '2024-03-21', 'Roy Freeman, an ex-homicide detective with a fractured memory, is forced to revisit a case he can''t remember. As a man''s life hangs in the balance on death row, Freeman must piece together the brutal evidence from a decade-old murder investigation, uncovering a sinister web of buried secrets and betrayals linking to his past. With only instincts to trust, he faces a chilling truth - sometimes, it''s best to let sleeping dogs lie.', '/5DwQhh1HvTo7edaOeMX49NUyZqy.jpg');
INSERT INTO movie_genres (movie_id, genre_id) VALUES (978592, 9648);
INSERT INTO movie_genres (movie_id, genre_id) VALUES (978592, 53);
INSERT INTO movie_genres (movie_id, genre_id) VALUES (978592, 80);
INSERT INTO movie_genres (movie_id, genre_id) VALUES (978592, 18);
INSERT INTO movies (id, title, release_date, description, poster_path) VALUES (352491, 'Hollow in the Land', '2017-12-08', 'With their father in prison for murder, siblings Alison and Brandon are instantly considered suspects when a string of killings plagues their town, and they must fight to clear their names.', '/972zKdDp4rJfu1IkOigiL97vsQh.jpg');
INSERT INTO movie_genres (movie_id, genre_id) VALUES (352491, 9648);
INSERT INTO movie_genres (movie_id, genre_id) VALUES (352491, 18);
INSERT INTO movie_genres (movie_id, genre_id) VALUES (352491, 53);
INSERT INTO movies (id, title, release_date, description, poster_path) VALUES (371608, 'The Strangers: Prey at Night', '2018-03-07', 'A family''s road trip takes a dangerous turn when they arrive at a secluded mobile home park to stay with some relatives and find it mysteriously deserted. Under the cover of darkness, three masked killers pay them a visit to test the family''s every limit as they struggle to survive.', '/vdxLpPsZkPZdFrREp7eSeSzcimj.jpg');
INSERT INTO movie_genres (movie_id, genre_id) VALUES (371608, 27);
INSERT INTO movie_genres (movie_id, genre_id) VALUES (371608, 53);
INSERT INTO movies (id, title, release_date, description, poster_path) VALUES (10607, 'Don''t Be a Menace to South Central While Drinking Your Juice in the Hood', '1996-01-12', 'When Ashtray moves to South Central L.A. to live with his father (who appears to be the same age he is) and grandmother (who likes to talk tough and smoke reefer), he falls in with his gang-banging cousin Loc Dog, who along with the requisite pistols and Uzi carries a thermo-nuclear warhead for self-defense. Will Ashtray be able to keep living the straight life?', '/HZQBF7JDd2e9p4rPSbSHuWHaCC.jpg');
INSERT INTO movie_genres (movie_id, genre_id) VALUES (10607, 35);
INSERT INTO movie_genres (movie_id, genre_id) VALUES (10607, 80);
INSERT INTO movies (id, title, release_date, description, poster_path) VALUES (91417, 'Dragons: Gift of the Night Fury', '2011-11-15', 'Hiccup and Toothless go on an exciting adventure and discover an island of new dragons.', '/tieHyFlHwnU4gdKY9vBNCW7U5iw.jpg');
INSERT INTO movie_genres (movie_id, genre_id) VALUES (91417, 16);
INSERT INTO movie_genres (movie_id, genre_id) VALUES (91417, 35);
INSERT INTO movie_genres (movie_id, genre_id) VALUES (91417, 12);
INSERT INTO movie_genres (movie_id, genre_id) VALUES (91417, 10751);
INSERT INTO movies (id, title, release_date, description, poster_path) VALUES (10377, 'My Cousin Vinny', '1992-03-13', 'Two carefree pals from Brooklyn traveling through rural Alabama on their way back to college are mistakenly arrested, and charged with murder. Fortunately, one of them has a cousin who''s a lawyer - Vincent Gambini, a former auto mechanic from Brooklyn who just passed his bar exam after his sixth try. When he arrives with his leather-clad girlfriend, to try his first case, it''s a real shock - for him and the Deep South!', '/iwSURa8nS2ujwrU3s1lfxxX7voH.jpg');
INSERT INTO movie_genres (movie_id, genre_id) VALUES (10377, 35);
INSERT INTO movie_genres (movie_id, genre_id) VALUES (10377, 18);
INSERT INTO movies (id, title, release_date, description, poster_path) VALUES (10096, '13 Going on 30', '2004-04-13', 'After total humiliation at her thirteenth birthday party, Jenna Rink wants to just hide until she''s thirty. Thanks to some magic wishing dust, Jenna''s prayer has been answered. With a knockout body, a fabulous wardrobe, an athlete boyfriend, a dream job, and superstar friends, this can''t be a better life. But soon Jenna realizes that adult life isn’t as easy as she hoped for.', '/iNZdSIfhSCMtRILDNyhLn8UKeSG.jpg');
INSERT INTO movie_genres (movie_id, genre_id) VALUES (10096, 35);
INSERT INTO movie_genres (movie_id, genre_id) VALUES (10096, 14);
INSERT INTO movie_genres (movie_id, genre_id) VALUES (10096, 10749);
INSERT INTO movies (id, title, release_date, description, poster_path) VALUES (433501, 'City of Lies', '2018-09-06', 'Los Angeles Police Department detective Russell Poole has spent years trying to solve his biggest case -- the murders of The Notorious B.I.G. and Tupac Shakur -- but after two decades, the investigation remains open. Jack Jackson, a reporter desperate to save his reputation and career, is determined to find out why. In search of the truth, the two team up and unravel a growing web of institutional corruption and lies.', '/pK7IYQdtdWtMDBJZfMqDxgMjXEt.jpg');
INSERT INTO movie_genres (movie_id, genre_id) VALUES (433501, 80);
INSERT INTO movie_genres (movie_id, genre_id) VALUES (433501, 53);
INSERT INTO movie_genres (movie_id, genre_id) VALUES (433501, 18);
INSERT INTO movies (id, title, release_date, description, poster_path) VALUES (12657, 'Soul Plane', '2004-05-28', 'Following a ridiculously awful flight that leads to his pet''s death, Nashawn Wade files a lawsuit against the airline, and wins a multimillion-dollar settlement. Determined to create a better flying experience, Nashawn starts his own airline, one that caters to an African-American clientele. Going into business with a tricked-out plane piloted by the smooth Capt. Mack, the airline hits a snag when it has to deal with the family of Elvis Hunkee.', '/b5Rzb5JUwPinllWGYUYER3OV14F.jpg');
INSERT INTO movie_genres (movie_id, genre_id) VALUES (12657, 35);
INSERT INTO movies (id, title, release_date, description, poster_path) VALUES (765959, 'The Romance of the Photograph', '1914-01-16', 'A wayward girl falls in love with the handsome image of a burglar she sees in a photograph.', 'null');
INSERT INTO movies (id, title, release_date, description, poster_path) VALUES (14834, 'Not Easily Broken', '2009-01-09', 'A car accident and shifting affections test the bond between a married couple.', '/8gmdToawg8gaSe9yWZjQ10v7noL.jpg');
INSERT INTO movie_genres (movie_id, genre_id) VALUES (14834, 18);
INSERT INTO movie_genres (movie_id, genre_id) VALUES (14834, 10749);
INSERT INTO movies (id, title, release_date, description, poster_path) VALUES (1024452, 'French Girl', '2024-03-15', 'Sweet Gordon, an affable English teacher in Brooklyn, has beaten the odds; a French Girl has fallen in love with him and he’s fallen even harder back. But their future is thrown into limbo when she interviews for an executive chef position in her hometown of Quebec City. To Gordon’s dismay her future boss also happens to be her former lover, a celebrity Chef with oceanic eyes and a hit TV show. Good luck Gordon.', '/Bu1cgfaLOqELu11qRdmzYX6o6K.jpg');
INSERT INTO movie_genres (movie_id, genre_id) VALUES (1024452, 10749);
INSERT INTO movie_genres (movie_id, genre_id) VALUES (1024452, 35);
INSERT INTO movies (id, title, release_date, description, poster_path) VALUES (1462743, 'The Lost Music of Auschwitz', '2025-04-11', 'British composer Leo Geyer discovered 200 forgotten scores in the Auschwitz archives, as he and his orchestra bring this music to life once more.', '/4UBdlyWzUlT1UjtDC3DHSQG05rO.jpg');
INSERT INTO movie_genres (movie_id, genre_id) VALUES (1462743, 99);
INSERT INTO movie_genres (movie_id, genre_id) VALUES (1462743, 10752);
INSERT INTO movies (id, title, release_date, description, poster_path) VALUES (59869, 'The Baby and the Battleship', '1956-06-01', 'After a quayside mix-up with the Italian family of his fiancée, Able Seaman Knocker White finds himself literally left holding the baby. Unable to return it before his ship sails he enlists the help of best mate Puncher Roberts to smuggle the child aboard. But babies are surprisingly demanding and gradually the whole crew is drawn into helping keep it fed and washed - and undiscovered. Even so, the officers above deck start to puzzle over the increasingly strange happenings on board.', '/t75PzID6efDV4QeYNInR3l3FvOM.jpg');
INSERT INTO movie_genres (movie_id, genre_id) VALUES (59869, 35);
INSERT INTO movies (id, title, release_date, description, poster_path) VALUES (1296864, 'Local Perspectives No. 6 - Box Hill', '2012-12-31', 'An extended version of the ''Box Hill'' documentary featured in Berberian Sound Studio.', '/jcbYERTmEldvauLbIy2FlCeCT9q.jpg');
INSERT INTO movies (id, title, release_date, description, poster_path) VALUES (8456, 'Never Back Down', '2008-03-04', 'Jake, full of anger after his father''s death, is just starting to find a place for himself at his new Orlando high school - until Ryan, head of an underground MMA fight club, picks Jake out as a prime opponent. After being trounced by Ryan in front of the entire school, Jake begins training under the firm, moral guidance of a MMA master, where he learns how to fight... and how to avoid a fight. But it becomes obvious that a rematch will be inevitable if Jake wants to stop Ryan and his bullying, once and for all.', '/8oRUTyP1QAtGDMvRpKZyuyFPG0U.jpg');
INSERT INTO movie_genres (movie_id, genre_id) VALUES (8456, 18);
INSERT INTO movie_genres (movie_id, genre_id) VALUES (8456, 28);
INSERT INTO movies (id, title, release_date, description, poster_path) VALUES (21627, 'Crimewave', '1985-04-12', 'Fed up of his business partner, Ernest Trend hires the services of two exterminators. When things go drastically wrong and they murder the wrong man, the race is on to frame an innocent video surveillance man.', '/1bP8zmzcJiIqMwUAfpfYgP5IHif.jpg');
INSERT INTO movie_genres (movie_id, genre_id) VALUES (21627, 35);
INSERT INTO movie_genres (movie_id, genre_id) VALUES (21627, 80);
INSERT INTO movie_genres (movie_id, genre_id) VALUES (21627, 27);
INSERT INTO movies (id, title, release_date, description, poster_path) VALUES (9522, 'Wedding Crashers', '2005-07-13', 'John and his buddy, Jeremy are emotional criminals who know how to use a woman''s hopes and dreams for their own carnal gain. Their modus operandi: crashing weddings. Normally, they meet guests who want to toast the romantic day with a random hook-up. But when John meets Claire, he discovers what true love – and heartache – feels like.', '/lFM3lk2zVzC1YFnKm0r6LbFPyRu.jpg');
INSERT INTO movie_genres (movie_id, genre_id) VALUES (9522, 35);
INSERT INTO movie_genres (movie_id, genre_id) VALUES (9522, 10749);
INSERT INTO movies (id, title, release_date, description, poster_path) VALUES (76726, 'Chronicle', '2012-02-01', 'Three high school students make an incredible discovery, leading to their developing uncanny powers beyond their understanding. As they learn to control their abilities and use them to their advantage, their lives start to spin out of control, and their darker sides begin to take over.', '/kdyrdFIt29FUmLIKvedAc2j4rpo.jpg');
INSERT INTO movie_genres (movie_id, genre_id) VALUES (76726, 878);
INSERT INTO movie_genres (movie_id, genre_id) VALUES (76726, 18);
INSERT INTO movie_genres (movie_id, genre_id) VALUES (76726, 53);
INSERT INTO movies (id, title, release_date, description, poster_path) VALUES (72213, 'Courageous', '2011-09-30', 'Law enforcement officers Adam Mitchell, Nathan Hayes, and their partners stand up to the worst the streets have to offer with confidence and focus. Yet at the end of the day, they face a challenge that none of them are truly prepared to tackle: fatherhood. They know that God desires to turn the hearts of fathers to their children, but their children are beginning to drift further and further away from them. When tragedy hits home, these men are left wrestling with their hopes, their fears, their faith, and their fathering. Can a newfound urgency help these dads draw closer to God... and to their children?', '/hVRkbZRCoHtnfi0V9GFZ3uXjCNp.jpg');
INSERT INTO movie_genres (movie_id, genre_id) VALUES (72213, 18);
INSERT INTO movies (id, title, release_date, description, poster_path) VALUES (16234, 'Batman Beyond: Return of the Joker', '2000-12-12', 'The Joker is back with a vengeance, and Neo-Gotham''s Dark Knight, Terry McGinnis, needs answers as he stands alone to face the old Gotham''s most infamous Clown Prince of Crime.', '/rsqoX8tA6vD8kvJSQwLN8Df55nk.jpg');
INSERT INTO movie_genres (movie_id, genre_id) VALUES (16234, 16);
INSERT INTO movie_genres (movie_id, genre_id) VALUES (16234, 28);
INSERT INTO movie_genres (movie_id, genre_id) VALUES (16234, 878);
INSERT INTO movie_genres (movie_id, genre_id) VALUES (16234, 53);
INSERT INTO movies (id, title, release_date, description, poster_path) VALUES (38410, 'The Poughkeepsie Tapes', '2007-04-27', 'When hundreds of videotapes showing torture, murder and dismemberment are found in an abandoned house, they reveal a serial killer''s decade-long reign of terror and become the most disturbing collection of evidence homicide detectives have ever seen.', '/8ppkhu3pO3fnXr05YeE7ryKloVd.jpg');
INSERT INTO movie_genres (movie_id, genre_id) VALUES (38410, 27);
INSERT INTO movie_genres (movie_id, genre_id) VALUES (38410, 9648);
INSERT INTO movie_genres (movie_id, genre_id) VALUES (38410, 80);
INSERT INTO movie_genres (movie_id, genre_id) VALUES (38410, 53);
INSERT INTO movies (id, title, release_date, description, poster_path) VALUES (8077, 'Alien³', '1992-05-22', 'After escaping with Newt and Hicks from the alien planet, Ripley crash lands on Fiorina 161, a prison planet and host to a correctional facility. Unfortunately, although Newt and Hicks do not survive the crash, a more unwelcome visitor does. The prison does not allow weapons of any kind, and with aid being a long time away, the prisoners must simply survive in any way they can.', '/xh5wI0UoW7DfS1IyLy3d2CgrCEP.jpg');
INSERT INTO movie_genres (movie_id, genre_id) VALUES (8077, 878);
INSERT INTO movie_genres (movie_id, genre_id) VALUES (8077, 28);
INSERT INTO movie_genres (movie_id, genre_id) VALUES (8077, 27);
INSERT INTO movies (id, title, release_date, description, poster_path) VALUES (147441, 'Exodus: Gods and Kings', '2014-12-03', 'The defiant leader Moses rises up against the Egyptian Pharaoh Ramses, setting 400,000 slaves on a monumental journey of escape from Egypt and its terrifying cycle of deadly plagues.', '/uaDj37JtvLan9tihxZ18e6qL33b.jpg');
INSERT INTO movie_genres (movie_id, genre_id) VALUES (147441, 12);
INSERT INTO movie_genres (movie_id, genre_id) VALUES (147441, 18);
INSERT INTO movie_genres (movie_id, genre_id) VALUES (147441, 28);
INSERT INTO movies (id, title, release_date, description, poster_path) VALUES (50647, 'Wanderlust', '2012-02-23', 'Rattled by sudden unemployment, a Manhattan couple surveys alternative living options, ultimately deciding to experiment with living on a rural commune where free love rules.', '/hH1Bla0W4YIn9sdd9NwODzDCcE4.jpg');
INSERT INTO movie_genres (movie_id, genre_id) VALUES (50647, 35);
INSERT INTO movie_genres (movie_id, genre_id) VALUES (50647, 10749);
INSERT INTO movies (id, title, release_date, description, poster_path) VALUES (759154, 'His Ward''s Love', '1909-02-15', 'Reverend Howson loves his young ward, but urges her to marry someone else. She accepts the proposal, but then sees the Reverend kissing an object she has dropped, and realizes he loves her.', 'null');
INSERT INTO movie_genres (movie_id, genre_id) VALUES (759154, 10749);
INSERT INTO movies (id, title, release_date, description, poster_path) VALUES (435720, 'Framed for Murder: A Fixer Upper Mystery', '2017-01-15', 'In the small resort town of Lighthouse Cove, everyone knows that the best man for the job is a woman. And that woman is Shannon Hughes, owner of a construction company and an expert in Victorian home restoration and renovation. Through her renovations she will find clues to uncover the house’s secret past and in turn become an unlikely sleuth to help crack these unsolved mysteries', '/ysHgdMDuOlF9AeibZcH5jv38Q5.jpg');
INSERT INTO movie_genres (movie_id, genre_id) VALUES (435720, 18);
INSERT INTO movie_genres (movie_id, genre_id) VALUES (435720, 10770);
INSERT INTO movie_genres (movie_id, genre_id) VALUES (435720, 9648);
INSERT INTO movies (id, title, release_date, description, poster_path) VALUES (10010, 'Brother Bear 2', '2006-08-17', 'Kenai finds his childhood human friend Nita and the two embark on a journey to burn the amulet he gave to her before he was a bear, much to Koda''s dismay.', '/yaA8q2zHHUgFWdJNxXyAdU71SzM.jpg');
INSERT INTO movie_genres (movie_id, genre_id) VALUES (10010, 12);
INSERT INTO movie_genres (movie_id, genre_id) VALUES (10010, 16);
INSERT INTO movie_genres (movie_id, genre_id) VALUES (10010, 10751);
INSERT INTO movies (id, title, release_date, description, poster_path) VALUES (312827, 'The Nightmare', '2015-06-05', 'Eight people experience sleep paralysis, a condition which leaves them unable to move, speak or react.', '/ldof0L20WKBt4H6GKQ6aSHSmsk5.jpg');
INSERT INTO movie_genres (movie_id, genre_id) VALUES (312827, 27);
INSERT INTO movie_genres (movie_id, genre_id) VALUES (312827, 99);
INSERT INTO movies (id, title, release_date, description, poster_path) VALUES (779782, 'The School for Good and Evil', '2022-10-19', 'Best friends Sophie and Agatha navigate an enchanted school for young heroes and villains — and find themselves on opposing sides of the battle between good and evil.', '/6oZeEu1GDILdwezmZ5e2xWISf1C.jpg');
INSERT INTO movie_genres (movie_id, genre_id) VALUES (779782, 14);
INSERT INTO movie_genres (movie_id, genre_id) VALUES (779782, 35);
INSERT INTO movie_genres (movie_id, genre_id) VALUES (779782, 12);
INSERT INTO movie_genres (movie_id, genre_id) VALUES (779782, 18);
INSERT INTO movies (id, title, release_date, description, poster_path) VALUES (9654, 'The Italian Job', '2003-05-30', 'Charlie Croker pulled off the crime of a lifetime. The one thing that he didn''t plan on was being double-crossed. Along with a drop-dead gorgeous safecracker, Croker and his team take off to re-steal the loot and end up in a pulse-pounding, pedal-to-the-metal chase that careens up, down, above and below the streets of Los Angeles.', '/eSkjK4kctyrWpFhxl35GPvSs6tI.jpg');
INSERT INTO movie_genres (movie_id, genre_id) VALUES (9654, 28);
INSERT INTO movie_genres (movie_id, genre_id) VALUES (9654, 80);
INSERT INTO movies (id, title, release_date, description, poster_path) VALUES (1116490, 'Cash Out', '2024-04-26', 'Criminal mastermind Mason is about to execute the score of a lifetime when his lover and key member of his crew, Decker, takes the team down and reveals she’s an undercover Interpol agent. Heartbroken, Mason escapes and retires from the life of crime until his younger brother Shawn is out of his league taking on a big bank heist all on his own. Mason has no choice left but to come to the rescue, while Interpol brings Decker in hoping to unnerve him. Before the SWAT teams storm the bank, Mason must use every tool in his arsenal to not only escape with the prize, but also the love of his life.', '/v3youHDLigrtIis1NqTjlY8Sk38.jpg');
INSERT INTO movie_genres (movie_id, genre_id) VALUES (1116490, 28);
INSERT INTO movie_genres (movie_id, genre_id) VALUES (1116490, 53);
INSERT INTO movies (id, title, release_date, description, poster_path) VALUES (109912, 'The Little Kidnappers', '1990-08-17', 'Loosely based on a ''50''s movie of the same name, it tells the story of two young orphan boys who travel by themselves from the Old country to join their father''s family in Canada. There they encounter their stern disciplinarian grandfather who has alienated himself from some of his neighbors. There is particularly no love lost between the grandfather and his Dutch neighbors, who he generalizes as being responsible for his son''s death in the Boor War. A side product of this animosity is that it is keeping apart the boy''s aunt and her Dutch doctor suitor. The two boys change everything though when they find a young baby on the beach...', '/w6GysVNcz5VffPIuMg53GoaAgqx.jpg');
INSERT INTO movie_genres (movie_id, genre_id) VALUES (109912, 10770);
INSERT INTO movie_genres (movie_id, genre_id) VALUES (109912, 80);
INSERT INTO movie_genres (movie_id, genre_id) VALUES (109912, 18);
INSERT INTO movies (id, title, release_date, description, poster_path) VALUES (433808, 'The Ritual', '2017-10-11', 'A group of college friends reunite for a trip to the forest, but encounter a menacing presence in the woods that''s stalking them.', '/9022CYEGqYETCeXN1oE3uwYJWub.jpg');
INSERT INTO movie_genres (movie_id, genre_id) VALUES (433808, 27);
INSERT INTO movie_genres (movie_id, genre_id) VALUES (433808, 53);
INSERT INTO movie_genres (movie_id, genre_id) VALUES (433808, 9648);
INSERT INTO movies (id, title, release_date, description, poster_path) VALUES (639254, 'Crossword Mysteries: Proposing Murder', '2019-10-13', 'When an old friend of New York Sentinel Crosswords editor Tess Harper is found murdered on the very day her puzzle includes his proposal of marriage, Tess unofficially teams up with Detective Logan O’Connor to find the killer.', '/7F68QPWGpQalpMeGVTGZjoWYvKi.jpg');
INSERT INTO movie_genres (movie_id, genre_id) VALUES (639254, 10770);
INSERT INTO movie_genres (movie_id, genre_id) VALUES (639254, 9648);
INSERT INTO movie_genres (movie_id, genre_id) VALUES (639254, 80);
INSERT INTO movies (id, title, release_date, description, poster_path) VALUES (675445, 'PAW Patrol: The Movie', '2021-08-09', 'Ryder and the pups are called to Adventure City to stop Mayor Humdinger from turning the bustling metropolis into a state of chaos.', '/jXavWyam2VPR6bOhLwwuP3K2Hw4.jpg');
INSERT INTO movie_genres (movie_id, genre_id) VALUES (675445, 10751);
INSERT INTO movie_genres (movie_id, genre_id) VALUES (675445, 35);
INSERT INTO movie_genres (movie_id, genre_id) VALUES (675445, 12);
INSERT INTO movie_genres (movie_id, genre_id) VALUES (675445, 16);
INSERT INTO movies (id, title, release_date, description, poster_path) VALUES (451644, 'Dragonheart: Battle for the Heartfire', '2017-07-09', 'When the King Gareth dies, his potential heirs, twin grandchildren who possess the dragon’s unique strengths, use their inherited powers against each other to vie for the throne. When Drago’s source of power – known as the Heartfire – is stolen, more than the throne is at stake; the siblings must end their rivalry with swords and sorcery or the kingdom may fall.', '/nPjqwumVHyx2nOCyZH5dpXAmhpf.jpg');
INSERT INTO movie_genres (movie_id, genre_id) VALUES (451644, 14);
INSERT INTO movie_genres (movie_id, genre_id) VALUES (451644, 12);
INSERT INTO movies (id, title, release_date, description, poster_path) VALUES (5994, 'The Family Man', '2000-12-12', 'Jack''s lavish, fast-paced lifestyle changes one Christmas night when he stumbles into a grocery store holdup and disarms the gunman. The next morning he wakes up in bed lying next to Kate, his college sweetheart he left in order to pursue his career, and to the horrifying discovery that his former life no longer exists. As he stumbles through this alternate suburban universe, Jack finds himself at a crossroad where he must choose between his high-power career and the woman he loves.', '/9wToOVsKuf0XeKhlauzCa3D8Gui.jpg');
INSERT INTO movie_genres (movie_id, genre_id) VALUES (5994, 35);
INSERT INTO movie_genres (movie_id, genre_id) VALUES (5994, 18);
INSERT INTO movie_genres (movie_id, genre_id) VALUES (5994, 10749);
INSERT INTO movie_genres (movie_id, genre_id) VALUES (5994, 14);
INSERT INTO movies (id, title, release_date, description, poster_path) VALUES (11186, 'Child''s Play 2', '1990-11-09', 'Chucky is reconstructed by a toy factory to dispel the negative publicity surrounding the doll, and tracks young Andy Barclay to a foster home where the chase begins again.', '/2tPQbPQeHEYAGoXFSW61IWNmoce.jpg');
INSERT INTO movie_genres (movie_id, genre_id) VALUES (11186, 27);
INSERT INTO movie_genres (movie_id, genre_id) VALUES (11186, 53);
INSERT INTO movies (id, title, release_date, description, poster_path) VALUES (1130094, 'NJPW Resurgence', '2023-05-21', 'Resurgence 2023 was a professional wrestling pay-per-view (PPV) event produced by New Japan Pro-Wrestling (NJPW). It took place on May 21, 2023, at Walter Pyramid in Long Beach, California. It was the third Resurgence event, and was headlined by the final match of the NJPW STRONG Women’s Championship Tournament.', '/jF22nXB8MhrvpqBf8dbqQkwSguY.jpg');
INSERT INTO movie_genres (movie_id, genre_id) VALUES (1130094, 28);
INSERT INTO movie_genres (movie_id, genre_id) VALUES (1130094, 18);
INSERT INTO movies (id, title, release_date, description, poster_path) VALUES (101504, 'Barbary-Coast Bunny', '1956-07-21', 'After Bugs'' giant gold nugget is stolen by Nasty Canasta, he tries to win it back at Canasta''s San Francisco gambling hall.', '/ygqWikAsAhS3RS8Xt5FnPMxgevt.jpg');
INSERT INTO movie_genres (movie_id, genre_id) VALUES (101504, 16);
INSERT INTO movie_genres (movie_id, genre_id) VALUES (101504, 35);
INSERT INTO movie_genres (movie_id, genre_id) VALUES (101504, 37);
INSERT INTO movies (id, title, release_date, description, poster_path) VALUES (16871, 'Drag Me to Hell', '2009-05-27', 'After denying a woman the extension she needs to keep her home, loan officer Christine Brown sees her once-promising life take a startling turn for the worse. Christine is convinced she''s been cursed by a Gypsy, but her boyfriend is skeptical. Her only hope seems to lie in a psychic who claims he can help her lift the curse and keep her soul from being dragged straight to hell.', '/fdyejM5Zd6dsa0YyWa02ZAKwQzK.jpg');
INSERT INTO movie_genres (movie_id, genre_id) VALUES (16871, 27);
INSERT INTO movie_genres (movie_id, genre_id) VALUES (16871, 53);
INSERT INTO movies (id, title, release_date, description, poster_path) VALUES (296271, 'The Devil Conspiracy', '2023-01-13', 'A powerful biotech company has breakthrough technology allowing them to clone history’s most influential people with just a few fragments of DNA. Behind this company is a cabal of Satanists that steals the shroud of Christ, putting them in possession of Jesus’ DNA. The clone will serve as the ultimate offering to the devil. The Archangel Michael comes to earth and will stop at nothing to end the devil’s conspiracy.', '/6bcm9V5HZmyn8aoRkyEGckVoPnn.jpg');
INSERT INTO movie_genres (movie_id, genre_id) VALUES (296271, 27);
INSERT INTO movie_genres (movie_id, genre_id) VALUES (296271, 14);
INSERT INTO movie_genres (movie_id, genre_id) VALUES (296271, 878);
INSERT INTO movie_genres (movie_id, genre_id) VALUES (296271, 53);
INSERT INTO movies (id, title, release_date, description, poster_path) VALUES (968441, 'Música', '2024-03-13', 'A young man, plagued by the music in his head, has to come to terms with an uncertain future while balancing love, family and Brazilian culture in Newark, New Jersey.', '/kUX5ourGUJDG0yvEeS3uooZS0dS.jpg');
INSERT INTO movie_genres (movie_id, genre_id) VALUES (968441, 10749);
INSERT INTO movie_genres (movie_id, genre_id) VALUES (968441, 35);
INSERT INTO movie_genres (movie_id, genre_id) VALUES (968441, 10402);
INSERT INTO movies (id, title, release_date, description, poster_path) VALUES (505948, 'I Am Mother', '2019-06-07', 'A teenage girl is raised underground by a robot "Mother", designed to repopulate the earth following an extinction event. But their unique bond is threatened when an inexplicable stranger arrives with alarming news.', '/ayPSqlpYIbeq1RiDekx6W9WUqrL.jpg');
INSERT INTO movie_genres (movie_id, genre_id) VALUES (505948, 878);
INSERT INTO movie_genres (movie_id, genre_id) VALUES (505948, 53);
INSERT INTO movies (id, title, release_date, description, poster_path) VALUES (9493, 'Twins', '1988-12-09', 'Julius and Vincent Benedict are the results of an experiment that would allow for the perfect child. Julius was planned and grows to athletic proportions. Vincent is an accident and is somewhat smaller in stature. Vincent is placed in an orphanage while Julius is taken to a south seas island and raised by philosophers. Vincent becomes the ultimate low life and is about to be killed by loan sharks.', '/stJx9BQZbXrZnTGf9Erc7d2UMVc.jpg');
INSERT INTO movie_genres (movie_id, genre_id) VALUES (9493, 35);
INSERT INTO movies (id, title, release_date, description, poster_path) VALUES (6538, 'Charlie Wilson''s War', '2007-12-19', 'A Texas congressman sets a series of events in motion when he conspires with a CIA operative to aid Afghan mujahideen rebels fighting the Soviets.', '/45FghqcdSYRWK7PsHUInaFPNd8l.jpg');
INSERT INTO movie_genres (movie_id, genre_id) VALUES (6538, 35);
INSERT INTO movie_genres (movie_id, genre_id) VALUES (6538, 18);
INSERT INTO movie_genres (movie_id, genre_id) VALUES (6538, 36);
INSERT INTO movies (id, title, release_date, description, poster_path) VALUES (251, 'Ghost', '1990-07-13', 'After a young man is murdered, his spirit stays behind to warn his lover of impending danger, with the help of a reluctant psychic.', '/w9RaPHov8oM5cnzeE27isnFMsvS.jpg');
INSERT INTO movie_genres (movie_id, genre_id) VALUES (251, 14);
INSERT INTO movie_genres (movie_id, genre_id) VALUES (251, 18);
INSERT INTO movie_genres (movie_id, genre_id) VALUES (251, 53);
INSERT INTO movie_genres (movie_id, genre_id) VALUES (251, 9648);
INSERT INTO movie_genres (movie_id, genre_id) VALUES (251, 10749);
INSERT INTO movies (id, title, release_date, description, poster_path) VALUES (6538, 'Charlie Wilson''s War', '2007-12-19', 'A Texas congressman sets a series of events in motion when he conspires with a CIA operative to aid Afghan mujahideen rebels fighting the Soviets.', '/45FghqcdSYRWK7PsHUInaFPNd8l.jpg');
INSERT INTO movie_genres (movie_id, genre_id) VALUES (6538, 35);
INSERT INTO movie_genres (movie_id, genre_id) VALUES (6538, 18);
INSERT INTO movie_genres (movie_id, genre_id) VALUES (6538, 36);
INSERT INTO movies (id, title, release_date, description, poster_path) VALUES (251, 'Ghost', '1990-07-13', 'After a young man is murdered, his spirit stays behind to warn his lover of impending danger, with the help of a reluctant psychic.', '/w9RaPHov8oM5cnzeE27isnFMsvS.jpg');
INSERT INTO movie_genres (movie_id, genre_id) VALUES (251, 14);
INSERT INTO movie_genres (movie_id, genre_id) VALUES (251, 18);
INSERT INTO movie_genres (movie_id, genre_id) VALUES (251, 53);
INSERT INTO movie_genres (movie_id, genre_id) VALUES (251, 9648);
INSERT INTO movie_genres (movie_id, genre_id) VALUES (251, 10749);
INSERT INTO movies (id, title, release_date, description, poster_path) VALUES (88737, 'The Glory Stompers', '1967-11-22', 'Chino is the tough leader of a motorcycle gang who starts off a war when he abducts and mistreats the leader of the enemy biker gang, Darryl, and his girlfriend Chris. Things get violent when Darryl comes back for revenge.', '/18nRXGWKBkgulTxXOCu0yGv6uVC.jpg');
INSERT INTO movie_genres (movie_id, genre_id) VALUES (88737, 28);
INSERT INTO movie_genres (movie_id, genre_id) VALUES (88737, 18);
INSERT INTO movie_genres (movie_id, genre_id) VALUES (88737, 80);
INSERT INTO movies (id, title, release_date, description, poster_path) VALUES (717728, 'Jeepers Creepers: Reborn', '2022-09-15', 'Forced to travel to a horror festival with her boyfriend, a young woman begins experiencing premonitions associated with the urban myth of The Creeper. She believes that something supernatural has been summoned — and that she is at the center of it all.', '/aGBuiirBIQ7o64FmJxO53eYDuro.jpg');
INSERT INTO movie_genres (movie_id, genre_id) VALUES (717728, 27);
INSERT INTO movies (id, title, release_date, description, poster_path) VALUES (33909, 'Wall Street: Money Never Sleeps', '2010-09-20', 'As the global economy teeters on the brink of disaster, a young Wall Street trader partners with disgraced former Wall Street corporate raider Gordon Gekko on a two tiered mission: To alert the financial community to the coming doom, and to find out who was responsible for the death of the young trader''s mentor.', '/sA7dP4TJdbIF6a9xNeuBeHOGioX.jpg');
INSERT INTO movie_genres (movie_id, genre_id) VALUES (33909, 18);
INSERT INTO movie_genres (movie_id, genre_id) VALUES (33909, 80);
INSERT INTO movies (id, title, release_date, description, poster_path) VALUES (146216, 'RED 2', '2013-07-18', 'Retired C.I.A. agent Frank Moses reunites his unlikely team of elite operatives for a global quest to track down a missing portable nuclear device.', '/tbksijr6g340yFWRgI4JfwrtM9h.jpg');
INSERT INTO movie_genres (movie_id, genre_id) VALUES (146216, 28);
INSERT INTO movie_genres (movie_id, genre_id) VALUES (146216, 35);
INSERT INTO movie_genres (movie_id, genre_id) VALUES (146216, 80);
INSERT INTO movie_genres (movie_id, genre_id) VALUES (146216, 53);
INSERT INTO movies (id, title, release_date, description, poster_path) VALUES (13510, 'Eden Lake', '2008-09-12', 'When a young couple goes to a remote wooded lake for a romantic getaway, their quiet weekend is shattered by an aggressive group of local kids. Rowdiness quickly turns to rage as the teens terrorize the couple in unimaginable ways, and a weekend outing becomes a bloody battle for survival.', '/ldX6jqMf7OcMdGSyG7Uzi64a7ks.jpg');
INSERT INTO movie_genres (movie_id, genre_id) VALUES (13510, 27);
INSERT INTO movie_genres (movie_id, genre_id) VALUES (13510, 53);
INSERT INTO movies (id, title, release_date, description, poster_path) VALUES (39513, 'Paul', '2011-02-14', 'For the past 60 years, a space-traveling smart-ass named Paul has been locked up in a top-secret military base, advising world leaders about his kind. But when he worries he’s outlived his usefulness and the dissection table is drawing uncomfortably close, Paul escapes on the first RV that passes by his compound in Area 51. Fortunately, it contains the two earthlings who are most likely to rescue and harbor an alien on the run.', '/bX8TP2qRWh2OcmeUHGn1ENDkCu6.jpg');
INSERT INTO movie_genres (movie_id, genre_id) VALUES (39513, 12);
INSERT INTO movie_genres (movie_id, genre_id) VALUES (39513, 35);
INSERT INTO movie_genres (movie_id, genre_id) VALUES (39513, 878);
INSERT INTO movies (id, title, release_date, description, poster_path) VALUES (26573, 'Dr. Goldfoot and the Bikini Machine', '1965-11-06', 'In this campy spy movie spoof Dr. Goldfoot (Vincent Price) has invented an army of bikini-clad robots who are programmed to seek out wealthy men and charm them into signing over their assets. Secret agent Craig Gamble (Frankie Avalon) and millionaire Todd Armstrong set out to foil his fiendish plot.', '/v1NPmkAgQ85fTJAD7cmZ2EcFCvh.jpg');
INSERT INTO movie_genres (movie_id, genre_id) VALUES (26573, 35);
INSERT INTO movie_genres (movie_id, genre_id) VALUES (26573, 878);
INSERT INTO movies (id, title, release_date, description, poster_path) VALUES (55779, 'Final Destination 5', '2011-08-12', 'Death is just as omnipresent as ever, and is unleashed after one man’s premonition saves a group of coworkers from a terrifying suspension bridge collapse. But this group of unsuspecting souls was never supposed to survive, and, in a terrifying race against time, the ill-fated group frantically tries to discover a way to escape Death’s sinister agenda.', '/Akx1Po4ZLetOWfYJhQf75tbhTtK.jpg');
INSERT INTO movie_genres (movie_id, genre_id) VALUES (55779, 27);
INSERT INTO movie_genres (movie_id, genre_id) VALUES (55779, 9648);
INSERT INTO movies (id, title, release_date, description, poster_path) VALUES (1028944, 'Curse of Crom: The Legend of Halloween', '2022-09-23', 'High school teenagers accidentally unleash an ancient Irish entity on their hometown and must stop it before midnight on Halloween.', '/wqca8U7QY5jNpHhXLpzKErxQC6Y.jpg');
INSERT INTO movie_genres (movie_id, genre_id) VALUES (1028944, 14);
INSERT INTO movie_genres (movie_id, genre_id) VALUES (1028944, 27);
INSERT INTO movies (id, title, release_date, description, poster_path) VALUES (375846, 'Bad Sister', '2015-08-24', 'As a top student at St. Adeline''s Catholic Boarding School, Zoe senses that something is not quite right about the school''s new nun-- a sense proven to be true when it is revealed the "good'' nun is an imposter with a fatal attraction to Zoe''s brother.', '/jKrIlgfJPIWNeowaOZPBZuOPmq0.jpg');
INSERT INTO movie_genres (movie_id, genre_id) VALUES (375846, 53);
INSERT INTO movie_genres (movie_id, genre_id) VALUES (375846, 10770);
INSERT INTO movies (id, title, release_date, description, poster_path) VALUES (835767, 'Gunfight at Rio Bravo', '2023-01-13', 'When mysterious Russian gunslinger Ivan Turchin rides into a small Texas town, he runs afoul of a bloodthirsty outlaw gang known as The Hellhounds. Outmanned and outgunned, the town must put their trust in Turchin to protect them from annihilation at the hands of the bandits. The gunslinger finds allies in the form of Marshal Austin Carter and Sheriff Vernon Kelly, and together the three must make a desperate stand against impossible and violent odds.', '/92hYmHw1XpMEF7yZUzjOzcO4zmC.jpg');
INSERT INTO movie_genres (movie_id, genre_id) VALUES (835767, 37);
INSERT INTO movie_genres (movie_id, genre_id) VALUES (835767, 28);
INSERT INTO movies (id, title, release_date, description, poster_path) VALUES (120267, 'Getting Into Heaven', '1970-01-01', 'Miss Heaven wishes very much to get into films, but first she must meet Sin through Salacity, that is, have all sorts of sex on a producer''s couch.', '/fYWFx5O3uLCP3CpiXV4LqpuwvzM.jpg');
INSERT INTO movie_genres (movie_id, genre_id) VALUES (120267, 35);
INSERT INTO movies (id, title, release_date, description, poster_path) VALUES (1155089, 'Justice League: Crisis on Infinite Earths Part One', '2024-01-08', 'Death is coming. Worse than death: oblivion. Not just for our Earth, but for everyone, everywhere, in every universe! Against this ultimate destruction, the mysterious Monitor has gathered the greatest team of Super Heroes ever assembled. But what can the combined might of Superman, Wonder Woman, Batman, The Flash, Green Lantern and hundreds of Super Heroes from multiple Earths even do to save all of reality from an unstoppable antimatter armageddon?!', '/zR6C66EDklgTPLHRSmmMt5878MR.jpg');
INSERT INTO movie_genres (movie_id, genre_id) VALUES (1155089, 16);
INSERT INTO movie_genres (movie_id, genre_id) VALUES (1155089, 878);
INSERT INTO movie_genres (movie_id, genre_id) VALUES (1155089, 28);
INSERT INTO movies (id, title, release_date, description, poster_path) VALUES (877703, 'Teen Wolf: The Movie', '2023-01-18', 'The wolves are howling once again, as a terrifying ancient evil emerges in Beacon Hills. Scott McCall, no longer a teenager yet still an Alpha, must gather new allies and reunite trusted friends to fight back against this powerful and deadly enemy.', '/wAkpPm3wcHRqZl8XjUI3Y2chYq2.jpg');
INSERT INTO movie_genres (movie_id, genre_id) VALUES (877703, 28);
INSERT INTO movie_genres (movie_id, genre_id) VALUES (877703, 14);
INSERT INTO movie_genres (movie_id, genre_id) VALUES (877703, 10770);
INSERT INTO movies (id, title, release_date, description, poster_path) VALUES (288171, 'Blue Mountain State: The Rise of Thadland', '2016-02-02', 'With Blue Mountain State football star Thad Castle recently signing a multi-million dollar NFL contract, his teammates and college life seem like a distant memory. However, when a new school dean threatens to clean up the BMS image by auctioning off the infamous Goat House, Alex, Sammy and the boys must find a way to convince him to get involved. Despite his new fortune and fame, there is one small favor that Thad needs done before he saves the day: the biggest booze-and-sloot fest in BMS history. Welcome to Thadland!', '/rZz8AmDvFqUY4tBcD69ou3OfiWx.jpg');
INSERT INTO movie_genres (movie_id, genre_id) VALUES (288171, 35);
INSERT INTO movies (id, title, release_date, description, poster_path) VALUES (422128, 'Blame', '2018-01-05', 'A drama teacher''s taboo relationship with an unstable student strikes a nerve in her jealous classmate, sparking a vengeful chain of events within their suburban high school that draws parallels to "The Crucible".', '/upAYxsju9jV7hU3k7pxYtS4exyL.jpg');
INSERT INTO movie_genres (movie_id, genre_id) VALUES (422128, 18);
INSERT INTO movies (id, title, release_date, description, poster_path) VALUES (1293167, 'Exit Protocol', '2025-11-14', 'An assassin whose specialty is killing other assassins trying to get out of the business decides to try to get out himself and must then team up with his former mark to escape the hired killers now gunning for them both.', '/8Edr2EbCN5eWJwsnmnfg6WkPojE.jpg');
INSERT INTO movie_genres (movie_id, genre_id) VALUES (1293167, 28);
INSERT INTO movie_genres (movie_id, genre_id) VALUES (1293167, 53);
INSERT INTO movies (id, title, release_date, description, poster_path) VALUES (450005, 'City of Joy', '2016-11-11', 'The Democratic Republic of Congo has endured 20 years of devastating violence. Rape has been used as a weapon of war to destroy community and access precious minerals. Congo is often referred to as “the worst place in the world to be a woman.” "City of Joy" tells a different story of the region. The film focuses on Jane, a student at a center where women who have suffered unimaginable abuse join together to become leaders. We also meet the founders of the center: a devout Congolese Doctor, a Congolese activist, and a radical N.Y. playwright. The film weaves between joy and pain as these individuals band together to demand hope in a place so often deemed hopeless.', '/pQwjmlxCPYyUyh4DpJpfDgxFyC9.jpg');
INSERT INTO movie_genres (movie_id, genre_id) VALUES (450005, 99);
INSERT INTO movies (id, title, release_date, description, poster_path) VALUES (17814, 'Assault on Precinct 13', '1976-10-08', 'A highway patrol officer, two criminals, and a station secretary form an unlikely alliance to defend a defunct Los Angeles precinct against a siege by a bloodthirsty street gang.', '/RtGDEmXbSxE8NThCCY1SXFXLLw.jpg');
INSERT INTO movie_genres (movie_id, genre_id) VALUES (17814, 53);
INSERT INTO movie_genres (movie_id, genre_id) VALUES (17814, 28);
INSERT INTO movie_genres (movie_id, genre_id) VALUES (17814, 80);
INSERT INTO movies (id, title, release_date, description, poster_path) VALUES (54138, 'Star Trek Into Darkness', '2013-05-05', 'When the crew of the Enterprise is called back home, they find an unstoppable force of terror from within their own organization has detonated the fleet and everything it stands for, leaving our world in a state of crisis.  With a personal score to settle, Captain Kirk leads a manhunt to a war-zone world to capture a one man weapon of mass destruction. As our heroes are propelled into an epic chess game of life and death, love will be challenged, friendships will be torn apart, and sacrifices must be made for the only family Kirk has left: his crew.', '/7XrRkhMa9lQ71RszzSyVrJVvhyS.jpg');
INSERT INTO movie_genres (movie_id, genre_id) VALUES (54138, 28);
INSERT INTO movie_genres (movie_id, genre_id) VALUES (54138, 12);
INSERT INTO movie_genres (movie_id, genre_id) VALUES (54138, 878);
INSERT INTO movies (id, title, release_date, description, poster_path) VALUES (727705, 'All In: The Fight for Democracy', '2020-09-09', 'Examines the often overlooked, yet insidious issue of voter suppression in the United States in anticipation of the 2020 presidential election. With the perspective and expertise of Stacey Abrams, the former Minority Leader of the Georgia House of Representatives, the film offers an insider’s look into laws and barriers to voting that most people don’t even know is a threat to their basic rights as citizens of the United States.', '/17nj0QAJy3xqVZawSj0sxpCUDVN.jpg');
INSERT INTO movie_genres (movie_id, genre_id) VALUES (727705, 99);
INSERT INTO movie_genres (movie_id, genre_id) VALUES (727705, 36);
INSERT INTO movies (id, title, release_date, description, poster_path) VALUES (417828, 'Night Calls: The Movie 2', '2000-02-12', 'A bunch of oversexed men and women search for a hidden stash of money at a mountain resort.', '/fYFpii5JeVaUJ17YieWZrEy85Oj.jpg');
INSERT INTO movie_genres (movie_id, genre_id) VALUES (417828, 35);
INSERT INTO movies (id, title, release_date, description, poster_path) VALUES (88751, 'Journey to the Center of the Earth', '2008-07-10', 'On a quest to find out what happened to his missing brother, a scientist, his nephew and their mountain guide discover a fantastic and dangerous lost world in the center of the earth.', '/kL55wY0s2H9JdwfjoWIp9plvYnl.jpg');
INSERT INTO movie_genres (movie_id, genre_id) VALUES (88751, 28);
INSERT INTO movie_genres (movie_id, genre_id) VALUES (88751, 878);
INSERT INTO movie_genres (movie_id, genre_id) VALUES (88751, 12);
INSERT INTO movie_genres (movie_id, genre_id) VALUES (88751, 35);
INSERT INTO movie_genres (movie_id, genre_id) VALUES (88751, 10751);
INSERT INTO movies (id, title, release_date, description, poster_path) VALUES (1092073, 'The Haunting at Saint Joseph''s', '2023-02-26', 'An engaged Muslim doctor, her fiancé, and their friends go on a holiday at St. Joseph’s Guesthouse, unaware that it was the site of a sacrifice of an innocent centuries before. They soon come to believe that it''s haunted and causing them to go crazy, as their emotions spiral out of control.', '/eDzQFxs0KTzHUPkIR0c44TSGJUR.jpg');
INSERT INTO movie_genres (movie_id, genre_id) VALUES (1092073, 27);
INSERT INTO movie_genres (movie_id, genre_id) VALUES (1092073, 53);
INSERT INTO movies (id, title, release_date, description, poster_path) VALUES (109600, 'Shakespeare-Wallah', '1965-12-01', 'The story of a family troupe of English actors who travel around the towns and villages in India giving performances of Shakespearean plays. Through their travels we see the changing face of India as the old is replaced by the new, Maharajas become hotel owners, sports become more important than culture and the theater is replaced by Bollywood movies. Based on the travels of Geoffrey Kendal with his daughter Felicity Kendal.', '/irtkkojpoWhIkdA1VCC7r08LzwX.jpg');
INSERT INTO movie_genres (movie_id, genre_id) VALUES (109600, 18);
INSERT INTO movie_genres (movie_id, genre_id) VALUES (109600, 10749);
INSERT INTO movies (id, title, release_date, description, poster_path) VALUES (1214684, 'Kiss of the Spider Woman', '2025-10-09', 'Valentín, a political prisoner, shares a cell with Molina, a window dresser convicted of public indecency. The two form an unlikely bond as Molina recounts the plot of a Hollywood musical starring his favorite silver screen diva, Ingrid Luna.', '/f9JeVgfkwtZ7EuNK7TPhvV5zcwn.jpg');
INSERT INTO movie_genres (movie_id, genre_id) VALUES (1214684, 10749);
INSERT INTO movie_genres (movie_id, genre_id) VALUES (1214684, 53);
INSERT INTO movie_genres (movie_id, genre_id) VALUES (1214684, 10402);
INSERT INTO movies (id, title, release_date, description, poster_path) VALUES (574060, 'Gunpowder Milkshake', '2021-07-14', 'To protect an 8-year-old girl, a dangerous assassin reunites with her mother and her lethal associates to take down a ruthless crime syndicate and its army of henchmen.', '/56ofGPMOZCwlTjTao5fB7vnGOoj.jpg');
INSERT INTO movie_genres (movie_id, genre_id) VALUES (574060, 28);
INSERT INTO movie_genres (movie_id, genre_id) VALUES (574060, 80);
INSERT INTO movie_genres (movie_id, genre_id) VALUES (574060, 53);
INSERT INTO movies (id, title, release_date, description, poster_path) VALUES (977294, 'Tin Soldier', '2025-05-22', 'An ex-special forces operative seeks revenge against a cult leader who has corrupted his former comrades, the Shinjas. This leader, known as The Bokushi, promises veterans a purpose and protection, but is revealed to be a destructive influence. The ex-soldier, Nash Cavanaugh, joins forces with military operative Emmanuel Ashburn to infiltrate the Bokushi''s fortress and expose his reign of terror', '/lFFDrFLXywFhy6khHes1LCFVMsL.jpg');
INSERT INTO movie_genres (movie_id, genre_id) VALUES (977294, 28);
INSERT INTO movie_genres (movie_id, genre_id) VALUES (977294, 53);
INSERT INTO movies (id, title, release_date, description, poster_path) VALUES (638974, 'Murder Mystery 2', '2023-03-28', 'After starting their own detective agency, Nick and Audrey Spitz land a career-making case when their billionaire pal is kidnapped from his wedding.', '/s1VzVhXlqsevi8zeCMG9A16nEUf.jpg');
INSERT INTO movie_genres (movie_id, genre_id) VALUES (638974, 9648);
INSERT INTO movie_genres (movie_id, genre_id) VALUES (638974, 35);
INSERT INTO movie_genres (movie_id, genre_id) VALUES (638974, 80);
INSERT INTO movies (id, title, release_date, description, poster_path) VALUES (10438, 'Beethoven''s 2nd', '1993-12-14', 'Beethoven is back -- and this time, he has a whole brood with him now that he''s met his canine match, Missy, and fathered a family. The only problem is that Missy''s owner, Regina, wants to sell the puppies and tear the clan apart. It''s up to Beethoven and the Newton kids to save the day and keep everyone together.', '/biH5hW1BRfEr13oCizuAzpdBf2l.jpg');
INSERT INTO movie_genres (movie_id, genre_id) VALUES (10438, 10751);
INSERT INTO movie_genres (movie_id, genre_id) VALUES (10438, 35);
INSERT INTO movies (id, title, release_date, description, poster_path) VALUES (974453, 'Absolution', '2024-10-31', 'An aging ex-boxer gangster working as muscle for a Boston crime boss receives an upsetting diagnosis.  Despite a faltering memory, he attempts to rectify the sins of his past and reconnect with his estranged children. He is determined to leave a positive legacy for his grandson, but the criminal underworld isn’t done with him and won’t loosen their grip willingly.', '/gt70JOD9xsPlpJnuBJAWdOT4yRg.jpg');
INSERT INTO movie_genres (movie_id, genre_id) VALUES (974453, 28);
INSERT INTO movie_genres (movie_id, genre_id) VALUES (974453, 80);
INSERT INTO movie_genres (movie_id, genre_id) VALUES (974453, 53);
INSERT INTO movie_genres (movie_id, genre_id) VALUES (974453, 9648);
INSERT INTO movies (id, title, release_date, description, poster_path) VALUES (2114, 'Final Fantasy: The Spirits Within', '2001-07-02', 'Led by a strange dream, scientist Aki Ross struggles to collect the eight spirits in the hope of creating a force powerful enough to protect the planet. With the aid of the Deep Eyes Squadron and her mentor, Dr. Sid, Aki must save the Earth from its darkest hate and unleash the spirits within.', '/phYEy6Am7vRlr9KzMb0wbGMHTzz.jpg');
INSERT INTO movie_genres (movie_id, genre_id) VALUES (2114, 12);
INSERT INTO movie_genres (movie_id, genre_id) VALUES (2114, 28);
INSERT INTO movie_genres (movie_id, genre_id) VALUES (2114, 14);
INSERT INTO movie_genres (movie_id, genre_id) VALUES (2114, 878);
INSERT INTO movie_genres (movie_id, genre_id) VALUES (2114, 53);
INSERT INTO movie_genres (movie_id, genre_id) VALUES (2114, 10749);
INSERT INTO movie_genres (movie_id, genre_id) VALUES (2114, 16);
INSERT INTO movies (id, title, release_date, description, poster_path) VALUES (340027, 'Brain on Fire', '2017-02-22', 'Susannah Cahalan, an up-and-coming journalist at the New York Post becomes plagued by voices in her head and seizures, causing a rapid descent into insanity.', '/kEwI53HNDO0ajSUWh4HSsGrlF6l.jpg');
INSERT INTO movie_genres (movie_id, genre_id) VALUES (340027, 18);
INSERT INTO movies (id, title, release_date, description, poster_path) VALUES (44480, 'Education for Death: The Making of the Nazi', '1943-01-15', 'A propaganda film during World War II about a boy who grows up to become a Nazi soldier.', '/dumOI0DWmnKzhnnL0aTzQRvcAVW.jpg');
INSERT INTO movie_genres (movie_id, genre_id) VALUES (44480, 16);
INSERT INTO movie_genres (movie_id, genre_id) VALUES (44480, 18);
INSERT INTO movies (id, title, release_date, description, poster_path) VALUES (20504, 'The Book of Eli', '2010-01-14', 'A post-apocalyptic tale, in which a lone man fights his way across America in order to protect a sacred book that holds the secrets to saving humankind.', '/1H1y9ZiqNFaLgQiRDDZLA55PviW.jpg');
INSERT INTO movie_genres (movie_id, genre_id) VALUES (20504, 28);
INSERT INTO movie_genres (movie_id, genre_id) VALUES (20504, 53);
INSERT INTO movie_genres (movie_id, genre_id) VALUES (20504, 878);
INSERT INTO movies (id, title, release_date, description, poster_path) VALUES (965403, 'The Rebellious Life of Mrs. Rosa Parks', '2022-06-16', 'Beyond her historic role in the Montgomery Bus Boycott, this comprehensive dive into Civil Rights icon Rosa Parks sheds light on her extensive organizing, radical politics, and lifelong dedication to activism.', '/c9vCEmiM4zP0hQerA4fUbpBd4YR.jpg');
INSERT INTO movie_genres (movie_id, genre_id) VALUES (965403, 99);
INSERT INTO movies (id, title, release_date, description, poster_path) VALUES (9036, 'Eight Below', '2006-02-17', 'In the Antarctic, after an expedition with Dr. Davis McClaren, the sled dog trainer Jerry Shepherd has to leave the polar base with his colleagues due to the proximity of a heavy snow storm. He ties his dogs to be rescued after, but the mission is called-off and the dogs are left alone at their own fortune. For six months, Jerry tries to find a sponsor for a rescue mission.', '/39hR806Me4wI42LCFcK2LBiCRGW.jpg');
INSERT INTO movie_genres (movie_id, genre_id) VALUES (9036, 12);
INSERT INTO movie_genres (movie_id, genre_id) VALUES (9036, 18);
INSERT INTO movie_genres (movie_id, genre_id) VALUES (9036, 10751);
INSERT INTO movies (id, title, release_date, description, poster_path) VALUES (546726, 'Sub Rosa', '2014-08-10', 'Bullied by his father to grow up, a teen fights between the love of his step-mother over his father''s life.', '/yVwt1gPaQxCUV8iC8i1rca6FSji.jpg');
INSERT INTO movie_genres (movie_id, genre_id) VALUES (546726, 18);
INSERT INTO movie_genres (movie_id, genre_id) VALUES (546726, 10749);
INSERT INTO movies (id, title, release_date, description, poster_path) VALUES (9313, 'The Man in the Iron Mask', '1998-03-12', 'Years have passed since the Three Musketeers, Aramis, Athos and Porthos, have fought together with their friend, D''Artagnan. But with the tyrannical King Louis using his power to wreak havoc in the kingdom while his twin brother, Philippe, remains imprisoned, the Musketeers reunite to abduct Louis and replace him with Philippe.', '/zHE9yRURvA7DyhYtQxkGTfE1Ywi.jpg');
INSERT INTO movie_genres (movie_id, genre_id) VALUES (9313, 12);
INSERT INTO movie_genres (movie_id, genre_id) VALUES (9313, 28);
INSERT INTO movie_genres (movie_id, genre_id) VALUES (9313, 18);
INSERT INTO movies (id, title, release_date, description, poster_path) VALUES (330459, 'Rogue One: A Star Wars Story', '2016-12-14', 'A rogue band of resistance fighters unite for a mission to steal the Death Star plans and bring a new hope to the galaxy.', '/i0yw1mFbB7sNGHCs7EXZPzFkdA1.jpg');
INSERT INTO movie_genres (movie_id, genre_id) VALUES (330459, 28);
INSERT INTO movie_genres (movie_id, genre_id) VALUES (330459, 12);
INSERT INTO movie_genres (movie_id, genre_id) VALUES (330459, 878);
INSERT INTO movies (id, title, release_date, description, poster_path) VALUES (62655, 'Two Weeks in Another Town', '1962-08-17', 'After spending three years in an asylum, a washed-up actor views a minor assignment from his old director in Rome as a chance for personal and professional redemption.', '/vjVuuUXNrGgekTmW5ZqL1ujG7b4.jpg');
INSERT INTO movie_genres (movie_id, genre_id) VALUES (62655, 18);
INSERT INTO movies (id, title, release_date, description, poster_path) VALUES (861116, 'Hostage Syndrome', '1988-01-01', '', '/jg8unpKjR0YYUIMiTNEn7MQTA5G.jpg');
INSERT INTO movie_genres (movie_id, genre_id) VALUES (861116, 28);
INSERT INTO movies (id, title, release_date, description, poster_path) VALUES (28893, 'Galaxy of Terror', '1981-10-01', 'As a lone spaceship proceeds on its long voyage across space, the crew are surprised to encounter a strange pyramid form. Surprise turns to horror as one by one, they discover that their darkest nightmares are all starting to become real. The pyramid has to be behind it all somehow, but how can they save themselves from its influence?', '/429ot4ktpg6q7JR2ThaX9kthfLb.jpg');
INSERT INTO movie_genres (movie_id, genre_id) VALUES (28893, 28);
INSERT INTO movie_genres (movie_id, genre_id) VALUES (28893, 12);
INSERT INTO movie_genres (movie_id, genre_id) VALUES (28893, 27);
INSERT INTO movie_genres (movie_id, genre_id) VALUES (28893, 878);
INSERT INTO movies (id, title, release_date, description, poster_path) VALUES (419548, 'Krampus 2: The Devil Returns', '2016-10-04', 'Five years after the murder of his wife and disappearance of his daughter, former police officer Jeremy Duffin is brought back to help in the hunt for a yuletide monster that punishes children that have been "naughty." As the monster becomes more erratic and unpredictable, Jeremy learns the truth about the disappearance of his daughter and the fate that has been bestowed upon him by an unlikely source. Can Jeremy finally end the nightmare Christmas monster that has terrorized this town for years?', '/vRvTYDZ08mbXOPKx9tdYWNXdu9w.jpg');
INSERT INTO movie_genres (movie_id, genre_id) VALUES (419548, 53);
INSERT INTO movie_genres (movie_id, genre_id) VALUES (419548, 28);
INSERT INTO movie_genres (movie_id, genre_id) VALUES (419548, 27);
INSERT INTO movies (id, title, release_date, description, poster_path) VALUES (531219, 'Roald Dahl''s The Witches', '2020-10-26', 'In late 1967, a young orphaned boy goes to live with his loving grandma in the rural Alabama town of Demopolis. As the boy and his grandmother encounter some deceptively glamorous but thoroughly diabolical witches, she wisely whisks him away to a seaside resort. Regrettably, they arrive at precisely the same time that the world''s Grand High Witch has gathered.', '/ht6EfsM5hrsUPSR4ReJQFDVU71F.jpg');
INSERT INTO movie_genres (movie_id, genre_id) VALUES (531219, 35);
INSERT INTO movie_genres (movie_id, genre_id) VALUES (531219, 14);
INSERT INTO movie_genres (movie_id, genre_id) VALUES (531219, 10751);
INSERT INTO movie_genres (movie_id, genre_id) VALUES (531219, 27);
INSERT INTO movies (id, title, release_date, description, poster_path) VALUES (240050, 'The Siege at Red River', '1954-05-01', 'Cavalry Captain Farraday attempts to prevent the delivery of Gatling Guns into the hands of hostile Indians.', '/6465tI1xKyljj9t5adIiSTdGITP.jpg');
INSERT INTO movie_genres (movie_id, genre_id) VALUES (240050, 28);
INSERT INTO movie_genres (movie_id, genre_id) VALUES (240050, 10752);
INSERT INTO movie_genres (movie_id, genre_id) VALUES (240050, 37);
INSERT INTO movies (id, title, release_date, description, poster_path) VALUES (4327, 'Charlie''s Angels', '2000-11-02', 'The captivating crime-fighting trio who are masters of disguise, espionage and martial arts are back! When a devious mastermind embroils them in a plot to destroy individual privacy, the Angels, aided by their loyal sidekick Bosley, set out to bring down the bad guys. But when a terrible secret is revealed, it makes the Angels targets for assassination.', '/paDTaHGLxhacythNZCT86VPanm6.jpg');
INSERT INTO movie_genres (movie_id, genre_id) VALUES (4327, 28);
INSERT INTO movie_genres (movie_id, genre_id) VALUES (4327, 12);
INSERT INTO movie_genres (movie_id, genre_id) VALUES (4327, 35);
INSERT INTO movie_genres (movie_id, genre_id) VALUES (4327, 80);
INSERT INTO movie_genres (movie_id, genre_id) VALUES (4327, 53);
INSERT INTO movies (id, title, release_date, description, poster_path) VALUES (10781, 'The Texas Chainsaw Massacre: The Beginning', '2006-10-05', 'Chrissie and her friends set out on a road trip for a final fling before one is shipped off to Vietnam. Along the way, bikers harass the foursome and cause an accident that throws Chrissie from the vehicle. The lawman who arrives on the scene kills one of the bikers and brings Chrissie''s friends to the Hewitt homestead, where young Leatherface is learning the tools of terror.', '/hTBueN0Ru3R7brwtONenDyEMNYe.jpg');
INSERT INTO movie_genres (movie_id, genre_id) VALUES (10781, 27);
INSERT INTO movies (id, title, release_date, description, poster_path) VALUES (1553420, 'Robocidal', '2025-09-16', 'An industrial accident at a robotics lab causes a malfunctioning unit to go rogue and begin to terrorize the city. Two hardened cops, Callahan and Ward, are assigned to the case and must stop the homicidal robot.', '/m3w2ldrX94WF12TDWtiioRF6Bb9.jpg');
INSERT INTO movies (id, title, release_date, description, poster_path) VALUES (25750, 'Children of the Corn IV: The Gathering', '1996-10-08', 'A bright young medical student must solve the frightening mystery that plagues the children of a small Midwestern town.', '/tRjeV9AZgCXGTqyvlp7Ui55Yb3l.jpg');
INSERT INTO movie_genres (movie_id, genre_id) VALUES (25750, 27);
INSERT INTO movies (id, title, release_date, description, poster_path) VALUES (10567, 'Dinosaur', '2000-05-19', 'An orphaned dinosaur raised by lemurs joins an arduous trek to a sancturary after a meteorite shower destroys his family home.', '/rSje3FS7ycJSglowlngjsvDt7vO.jpg');
INSERT INTO movie_genres (movie_id, genre_id) VALUES (10567, 16);
INSERT INTO movie_genres (movie_id, genre_id) VALUES (10567, 10751);
INSERT INTO movie_genres (movie_id, genre_id) VALUES (10567, 12);
INSERT INTO movie_genres (movie_id, genre_id) VALUES (10567, 18);
INSERT INTO movies (id, title, release_date, description, poster_path) VALUES (76617, 'Texas Chainsaw 3D', '2013-01-03', 'A young woman learns that she has inherited a Texas estate from her deceased grandmother. After embarking on a road trip with friends to uncover her roots, she finds she is the sole owner of a lavish, isolated Victorian mansion. But her newfound wealth comes at a price as she stumbles upon a horror that awaits her in the mansion’s dank cellars.', '/qaPvvHP1kKlQaUAXQZQAWitqBOT.jpg');
INSERT INTO movie_genres (movie_id, genre_id) VALUES (76617, 27);
INSERT INTO movie_genres (movie_id, genre_id) VALUES (76617, 53);
INSERT INTO movies (id, title, release_date, description, poster_path) VALUES (509967, '6 Underground', '2019-12-10', 'After faking his death, a tech billionaire recruits a team of international operatives for a bold and bloody mission to take down a brutal dictator.', '/lnWkyG3LLgbbrIEeyl5mK5VRFe4.jpg');
INSERT INTO movie_genres (movie_id, genre_id) VALUES (509967, 28);
INSERT INTO movie_genres (movie_id, genre_id) VALUES (509967, 35);
INSERT INTO movie_genres (movie_id, genre_id) VALUES (509967, 53);
INSERT INTO movies (id, title, release_date, description, poster_path) VALUES (442062, 'Goosebumps 2: Haunted Halloween', '2018-10-11', 'Be careful what you wish for. With their after school junk business, best friends Sonny and Sam hope to find treasure in other people’s trash. But when cleaning out the old Stine house, they open a locked book that frees a supernatural nightmare – Slappy! Now, with the help of Sonny’s sister Sarah, they’re in a race against time to get the sinister dummy and all the creatures he’s brought to life back into the pages before he unleashes total pandemonium!', '/t2wy38iiMpB8WsgJi3lYeDnGh2H.jpg');
INSERT INTO movie_genres (movie_id, genre_id) VALUES (442062, 35);
INSERT INTO movie_genres (movie_id, genre_id) VALUES (442062, 14);
INSERT INTO movie_genres (movie_id, genre_id) VALUES (442062, 27);
INSERT INTO movies (id, title, release_date, description, poster_path) VALUES (86767, 'The First Time', '1969-06-11', 'With the coming of summer, three high school buddies--Kenny Leeds, Mike Decker, and Tommy Kingsley--anticipate their initiation into the pleasures of manhood. But Kenny is separated from his friends and sent to stay with his grandparents in Buffalo while his father, a widowed salesman, leaves on a business trip with his secretary-fiancée. Bored and alone in a strange city, Kenny writes his two friends letters about his adventures at "Rosie''s," a fictitious brothel across the Canadian border in Niagara Falls. His lie quickly backfires.', '/tMeuZaFCyQiDUfGo2Rgfkf6obZi.jpg');
INSERT INTO movie_genres (movie_id, genre_id) VALUES (86767, 35);
INSERT INTO movies (id, title, release_date, description, poster_path) VALUES (1535385, 'Rebel Royals: An Unlikely Love Story', '2025-09-16', 'Go behind the scenes of Märtha Louise and Shaman Durek Verrett''s relationship in the lead-up to their divisive wedding in Norway.', '/7vIkk6WNThpI89dyJMZ8IFrIz7n.jpg');
INSERT INTO movie_genres (movie_id, genre_id) VALUES (1535385, 99);
INSERT INTO movies (id, title, release_date, description, poster_path) VALUES (9449, 'The Borrowers', '1997-12-05', 'The four-inch-tall Clock family secretly share a house with the normal-sized Lender family, "borrowing" such items as thread, safety pins, batteries and scraps of food. However, their peaceful co-existence is disturbed when evil lawyer Ocious P. Potter steals the will granting title to the house, which he plans to demolish in order to build apartments. The Lenders are forced to move, and the Clocks face the risk of being exposed to the normal-sized world.', '/kgaocWyuxihDe5aNqok6fORIHnY.jpg');
INSERT INTO movie_genres (movie_id, genre_id) VALUES (9449, 12);
INSERT INTO movie_genres (movie_id, genre_id) VALUES (9449, 14);
INSERT INTO movie_genres (movie_id, genre_id) VALUES (9449, 28);
INSERT INTO movie_genres (movie_id, genre_id) VALUES (9449, 35);
INSERT INTO movie_genres (movie_id, genre_id) VALUES (9449, 10751);
INSERT INTO movies (id, title, release_date, description, poster_path) VALUES (9714, 'Home Alone 3', '1997-12-12', '9-year-old Alex Pruitt is home alone with the chicken pox. Turns out, due to a mix-up among nefarious spies, Alex was given a toy car concealing a top-secret microchip. Now Alex must fend off the spies as they try to break into his house to get it back.', '/6uOadrCfle0n2LOOxHbgWEdnrm2.jpg');
INSERT INTO movie_genres (movie_id, genre_id) VALUES (9714, 35);
INSERT INTO movie_genres (movie_id, genre_id) VALUES (9714, 10751);
INSERT INTO movies (id, title, release_date, description, poster_path) VALUES (12403, 'A Perfect Getaway', '2009-06-08', 'For their honeymoon, newlyweds Cliff and Cydney head to the tropical islands of Hawaii. While journeying through the paradisaical countryside the couple encounters Kale and Cleo, two disgruntled hitchhikers and Nick and Gina, two wild but well-meaning spirits who help guide them through the lush jungles. The picturesque waterfalls and scenic mountainsides quickly give way to terror when Cliff and Cydney learn of a grisly murder that occurred nearby and realize that they''re being followed by chance acquaintances that suspiciously fit the description of the killers.', '/ncuGG0hIlA03dQBJmdoT2LWgodG.jpg');
INSERT INTO movie_genres (movie_id, genre_id) VALUES (12403, 53);
INSERT INTO movie_genres (movie_id, genre_id) VALUES (12403, 9648);
INSERT INTO movie_genres (movie_id, genre_id) VALUES (12403, 12);
INSERT INTO movies (id, title, release_date, description, poster_path) VALUES (158426, 'Collision', '2013-01-30', 'Deceit and betrayal rise to the surface after newlyweds survive a deadly car accident in the Moroccan desert.', '/uI1mZlDzEWm8vLEyB6zV2un0x25.jpg');
INSERT INTO movie_genres (movie_id, genre_id) VALUES (158426, 28);
INSERT INTO movie_genres (movie_id, genre_id) VALUES (158426, 53);
INSERT INTO movie_genres (movie_id, genre_id) VALUES (158426, 10749);
INSERT INTO movies (id, title, release_date, description, poster_path) VALUES (72545, 'Journey 2: The Mysterious Island', '2012-01-19', 'Sean Anderson partners with his mom''s boyfriend on a mission to find his grandfather, who is thought to be missing on a mythical island.', '/8WbZOiplh0xuVNVYhYPxsLa7BM5.jpg');
INSERT INTO movie_genres (movie_id, genre_id) VALUES (72545, 12);
INSERT INTO movie_genres (movie_id, genre_id) VALUES (72545, 28);
INSERT INTO movie_genres (movie_id, genre_id) VALUES (72545, 878);
INSERT INTO movies (id, title, release_date, description, poster_path) VALUES (276913, 'Hidden Colors 3: The Rules of Racism', '2014-06-26', 'Filmmaker Tariq Nasheed explores the topics of race, racism, and history within the United States.', '/7vSP1H8xODJsCpQ6qk9vrMl5wJa.jpg');
INSERT INTO movie_genres (movie_id, genre_id) VALUES (276913, 99);
INSERT INTO movies (id, title, release_date, description, poster_path) VALUES (325813, 'Splitting Adam', '2015-02-16', 'After accidentally stumbling into his uncle''s mysterious "tanning bed", Adam learns the answer to all of his problems - multiple Adams. With his new collection of clones, Adam is hopping on one wild summer ride with an epic splash.', '/Ak40eOsh7MK466eJmoIUMwNEWON.jpg');
INSERT INTO movie_genres (movie_id, genre_id) VALUES (325813, 35);
INSERT INTO movie_genres (movie_id, genre_id) VALUES (325813, 10751);
INSERT INTO movie_genres (movie_id, genre_id) VALUES (325813, 878);
INSERT INTO movie_genres (movie_id, genre_id) VALUES (325813, 10770);
INSERT INTO movies (id, title, release_date, description, poster_path) VALUES (896834, 'The Making of Happier Than Ever: A Love Letter to Los Angeles', '2021-11-12', 'Go behind the scenes of "Happier Than Ever: A Love Letter to Los Angeles."', '/lZaTjGXDcc5GMM8En0kIj7v2Ric.jpg');
INSERT INTO movie_genres (movie_id, genre_id) VALUES (896834, 99);
INSERT INTO movie_genres (movie_id, genre_id) VALUES (896834, 10402);
INSERT INTO movies (id, title, release_date, description, poster_path) VALUES (1145725, 'Tyler Perry''s Duplicity', '2025-03-19', 'High-powered attorney Marley faces her most personal case yet when she is tasked with uncovering the truth behind the murder of her best friend Fela’s husband. With the help of her boyfriend – a former cop turned private investigator – Marley’s search for what really happened leads her down a treacherous maze of deception and betrayal.', '/pYrmTaOnMgvS59OKSxkCSrhISoL.jpg');
INSERT INTO movie_genres (movie_id, genre_id) VALUES (1145725, 53);
INSERT INTO movie_genres (movie_id, genre_id) VALUES (1145725, 18);
INSERT INTO movies (id, title, release_date, description, poster_path) VALUES (1008903, 'Left Behind: Rise of the Antichrist', '2023-01-26', 'After millions of people vanish and the world falls into chaos, a charismatic leader rises to lead the UN. However, his intentions are more sinister than they appear.', '/7Yn4lvksfagrwH5FARlRXkeJWR0.jpg');
INSERT INTO movie_genres (movie_id, genre_id) VALUES (1008903, 878);
INSERT INTO movie_genres (movie_id, genre_id) VALUES (1008903, 28);
INSERT INTO movie_genres (movie_id, genre_id) VALUES (1008903, 53);
INSERT INTO movie_genres (movie_id, genre_id) VALUES (1008903, 14);
INSERT INTO movies (id, title, release_date, description, poster_path) VALUES (854513, 'Hallelujah: Leonard Cohen, a Journey, a Song', '2022-07-01', 'This feature-length documentary explores the life of singer-songwriter Leonard Cohen as seen through the prism of his internationally renowned hymn, Hallelujah.', '/jvAjJvpu4EYuByjebjKl3QntQ0Z.jpg');
INSERT INTO movie_genres (movie_id, genre_id) VALUES (854513, 99);
INSERT INTO movie_genres (movie_id, genre_id) VALUES (854513, 10402);
INSERT INTO movies (id, title, release_date, description, poster_path) VALUES (11253, 'Hellboy II: The Golden Army', '2008-07-11', 'Hellboy, his pyrokinetic girlfriend, Liz, and aquatic empath, Abe Sapien, face their biggest battle when an underworld elven prince plans to reclaim Earth for his magical kindred. Tired of living in the shadow of humans, Prince Nuada tries to awaken an ancient force of killing machines, the all-powerful Golden Army, to clear the way for fantasy creatures to roam free. Only Hellboy can stop the dark prince and prevent humanity''s annihilation.', '/zO0Wdrxnhx3KoJEvychSmnY3urC.jpg');
INSERT INTO movie_genres (movie_id, genre_id) VALUES (11253, 14);
INSERT INTO movie_genres (movie_id, genre_id) VALUES (11253, 28);
INSERT INTO movies (id, title, release_date, description, poster_path) VALUES (13836, 'Race to Witch Mountain', '2009-03-13', 'A taxi driver gets more than he bargained for when he picks up two teen runaways. Not only does the pair possess supernatural powers, but they''re also trying desperately to escape people who have made them their targets.', '/5RBZsOKMMxnp8L6UmOiylKOw4yo.jpg');
INSERT INTO movie_genres (movie_id, genre_id) VALUES (13836, 12);
INSERT INTO movie_genres (movie_id, genre_id) VALUES (13836, 10751);
INSERT INTO movie_genres (movie_id, genre_id) VALUES (13836, 14);
INSERT INTO movie_genres (movie_id, genre_id) VALUES (13836, 878);
INSERT INTO movie_genres (movie_id, genre_id) VALUES (13836, 53);
INSERT INTO movie_genres (movie_id, genre_id) VALUES (13836, 28);
INSERT INTO movies (id, title, release_date, description, poster_path) VALUES (26600, 'Between Two Worlds', '1944-05-20', 'Passengers on an ocean liner can''t recall how they got onboard or where they are going. Soon it becomes apparent that they all have something in common.', '/t1NeBrt65qUJCcOBOqf8MlTcnOy.jpg');
INSERT INTO movie_genres (movie_id, genre_id) VALUES (26600, 18);
INSERT INTO movie_genres (movie_id, genre_id) VALUES (26600, 14);
INSERT INTO movies (id, title, release_date, description, poster_path) VALUES (1524554, 'Adventures in Love & Birding', '2025-09-27', 'A single mom agrees to be the partner of a bird enthusiast for a birding competition but misunderstands the assignment and tells everyone she''s his new girlfriend instead of just his teammate.', '/5djYq3z6wEmke5LHkB7DHZNPF5y.jpg');
INSERT INTO movie_genres (movie_id, genre_id) VALUES (1524554, 10770);
INSERT INTO movie_genres (movie_id, genre_id) VALUES (1524554, 35);
INSERT INTO movie_genres (movie_id, genre_id) VALUES (1524554, 10749);
INSERT INTO movies (id, title, release_date, description, poster_path) VALUES (11635, 'Old School', '2003-02-21', 'Three friends attempt to recapture their glory days by opening up a fraternity near their alma mater.', '/nYtuwNHpEoIbTgS3aFPSEwZNN6l.jpg');
INSERT INTO movie_genres (movie_id, genre_id) VALUES (11635, 35);
INSERT INTO movies (id, title, release_date, description, poster_path) VALUES (143573, 'Send Me to the ''Lectric Chair', '2009-01-29', 'A woman sent is sent to an electric chair that reads the images of her mind.', '/3wU5mntoskABZPTv3q8b9uObRtx.jpg');
INSERT INTO movie_genres (movie_id, genre_id) VALUES (143573, 35);
INSERT INTO movies (id, title, release_date, description, poster_path) VALUES (14411, 'Sinbad: Legend of the Seven Seas', '2003-07-02', 'The sailor of legend is framed by the goddess Eris for the theft of the Book of Peace, and must travel to her realm at the end of the world to retrieve it and save the life of his childhood friend Prince Proteus.', '/yiW2L1fDiBT7AeWXrykhTNtPrr8.jpg');
INSERT INTO movie_genres (movie_id, genre_id) VALUES (14411, 10751);
INSERT INTO movie_genres (movie_id, genre_id) VALUES (14411, 16);
INSERT INTO movie_genres (movie_id, genre_id) VALUES (14411, 12);
INSERT INTO movie_genres (movie_id, genre_id) VALUES (14411, 35);
INSERT INTO movie_genres (movie_id, genre_id) VALUES (14411, 14);
INSERT INTO movie_genres (movie_id, genre_id) VALUES (14411, 28);
INSERT INTO movies (id, title, release_date, description, poster_path) VALUES (13205, 'Bambi II', '2006-01-26', 'Return to the forest and join Bambi as he reunites with his father, The Great Prince, who must now raise the young fawn on his own. But in the adventure of a lifetime, the proud parent discovers there is much he can learn from his spirited young son.', '/wIVLCnwYynKIiAheJoEQtC8gTjq.jpg');
INSERT INTO movie_genres (movie_id, genre_id) VALUES (13205, 16);
INSERT INTO movie_genres (movie_id, genre_id) VALUES (13205, 18);
INSERT INTO movie_genres (movie_id, genre_id) VALUES (13205, 10751);
INSERT INTO movies (id, title, release_date, description, poster_path) VALUES (853, 'Enemy at the Gates', '2001-02-28', 'A Russian and a German sniper play a game of cat-and-mouse during the Battle of Stalingrad in WWII.', '/9cSoNnB31hGY2mL78VT8mAbz6nR.jpg');
INSERT INTO movie_genres (movie_id, genre_id) VALUES (853, 18);
INSERT INTO movie_genres (movie_id, genre_id) VALUES (853, 10752);
INSERT INTO movie_genres (movie_id, genre_id) VALUES (853, 36);
INSERT INTO movie_genres (movie_id, genre_id) VALUES (853, 10749);
INSERT INTO movies (id, title, release_date, description, poster_path) VALUES (869, 'Planet of the Apes', '2001-07-25', 'After a spectacular crash-landing on an uncharted planet, brash astronaut Leo Davidson finds himself trapped in a savage world where talking apes dominate the human race. Desperate to find a way home, Leo must evade the invincible gorilla army led by Ruthless General Thade.', '/eEsOgbgKXMvI2FEw1WENamVXi41.jpg');
INSERT INTO movie_genres (movie_id, genre_id) VALUES (869, 53);
INSERT INTO movie_genres (movie_id, genre_id) VALUES (869, 878);
INSERT INTO movie_genres (movie_id, genre_id) VALUES (869, 28);
INSERT INTO movie_genres (movie_id, genre_id) VALUES (869, 12);
INSERT INTO movies (id, title, release_date, description, poster_path) VALUES (4442, 'The Brothers Grimm', '2005-08-26', 'Folklore collectors and con artists, Jake and Will Grimm, travel from village to village pretending to protect townsfolk from enchanted creatures and performing exorcisms. However, they are put to the test when they encounter a real magical curse in a haunted forest with real magical beings, requiring genuine courage.', '/v6J7QGCSrtvwvqAt6783BbO3h61.jpg');
INSERT INTO movie_genres (movie_id, genre_id) VALUES (4442, 12);
INSERT INTO movie_genres (movie_id, genre_id) VALUES (4442, 14);
INSERT INTO movie_genres (movie_id, genre_id) VALUES (4442, 28);
INSERT INTO movie_genres (movie_id, genre_id) VALUES (4442, 35);
INSERT INTO movie_genres (movie_id, genre_id) VALUES (4442, 53);
INSERT INTO movies (id, title, release_date, description, poster_path) VALUES (853, 'Enemy at the Gates', '2001-02-28', 'A Russian and a German sniper play a game of cat-and-mouse during the Battle of Stalingrad in WWII.', '/9cSoNnB31hGY2mL78VT8mAbz6nR.jpg');
INSERT INTO movie_genres (movie_id, genre_id) VALUES (853, 18);
INSERT INTO movie_genres (movie_id, genre_id) VALUES (853, 10752);
INSERT INTO movie_genres (movie_id, genre_id) VALUES (853, 36);
INSERT INTO movie_genres (movie_id, genre_id) VALUES (853, 10749);
INSERT INTO movies (id, title, release_date, description, poster_path) VALUES (869, 'Planet of the Apes', '2001-07-25', 'After a spectacular crash-landing on an uncharted planet, brash astronaut Leo Davidson finds himself trapped in a savage world where talking apes dominate the human race. Desperate to find a way home, Leo must evade the invincible gorilla army led by Ruthless General Thade.', '/eEsOgbgKXMvI2FEw1WENamVXi41.jpg');
INSERT INTO movie_genres (movie_id, genre_id) VALUES (869, 53);
INSERT INTO movie_genres (movie_id, genre_id) VALUES (869, 878);
INSERT INTO movie_genres (movie_id, genre_id) VALUES (869, 28);
INSERT INTO movie_genres (movie_id, genre_id) VALUES (869, 12);
INSERT INTO movies (id, title, release_date, description, poster_path) VALUES (4442, 'The Brothers Grimm', '2005-08-26', 'Folklore collectors and con artists, Jake and Will Grimm, travel from village to village pretending to protect townsfolk from enchanted creatures and performing exorcisms. However, they are put to the test when they encounter a real magical curse in a haunted forest with real magical beings, requiring genuine courage.', '/v6J7QGCSrtvwvqAt6783BbO3h61.jpg');
INSERT INTO movie_genres (movie_id, genre_id) VALUES (4442, 12);
INSERT INTO movie_genres (movie_id, genre_id) VALUES (4442, 14);
INSERT INTO movie_genres (movie_id, genre_id) VALUES (4442, 28);
INSERT INTO movie_genres (movie_id, genre_id) VALUES (4442, 35);
INSERT INTO movie_genres (movie_id, genre_id) VALUES (4442, 53);
INSERT INTO movies (id, title, release_date, description, poster_path) VALUES (13223, 'Gran Torino', '2008-12-12', 'Disgruntled Korean War veteran Walt Kowalski sets out to reform his neighbor, Thao Lor, a Hmong teenager who tried to steal Kowalski''s prized possession: a 1972 Gran Torino.', '/zUybYvxWdAJy5hhYovsXtHSWI1l.jpg');
INSERT INTO movie_genres (movie_id, genre_id) VALUES (13223, 18);
INSERT INTO movies (id, title, release_date, description, poster_path) VALUES (391901, 'Respectable: The Mary Millington Story', '2016-04-07', 'Documentary chronicling the extraordinary life and tragic death of Mary Millington - Britain''s most famous pornographic actress of the 1970s.', '/xtU8dgwkPn6XzLfAQgdbdtUMbzg.jpg');
INSERT INTO movie_genres (movie_id, genre_id) VALUES (391901, 99);
INSERT INTO movies (id, title, release_date, description, poster_path) VALUES (4478, 'Indecent Proposal', '1993-04-07', 'John Gage offers a down-on-his-luck yuppie husband $1 million for the opportunity to spend the night with the man''s wife.', '/a39WoiTJEG5kNLIrr3kOMwg3LFg.jpg');
INSERT INTO movie_genres (movie_id, genre_id) VALUES (4478, 10749);
INSERT INTO movie_genres (movie_id, genre_id) VALUES (4478, 18);
INSERT INTO movies (id, title, release_date, description, poster_path) VALUES (37094, 'Falling Down', '1993-02-26', 'An ordinary man frustrated with the various flaws he sees in society begins to psychotically and violently lash out against them.', '/7ujqyF96Zg3rfrsh9M0cEF0Yzqj.jpg');
INSERT INTO movie_genres (movie_id, genre_id) VALUES (37094, 80);
INSERT INTO movie_genres (movie_id, genre_id) VALUES (37094, 18);
INSERT INTO movie_genres (movie_id, genre_id) VALUES (37094, 53);
INSERT INTO movies (id, title, release_date, description, poster_path) VALUES (10961, 'Behind the Mask: The Rise of Leslie Vernon', '2006-08-29', 'The next great psycho horror slasher has given a documentary crew exclusive access to his life as he plans his reign of terror over the sleepy town of Glen Echo, all the while deconstructing the conventions and archetypes of the horror genre for them.', '/vie8a3z219Zsw81eAsM58B6VFEn.jpg');
INSERT INTO movie_genres (movie_id, genre_id) VALUES (10961, 35);
INSERT INTO movie_genres (movie_id, genre_id) VALUES (10961, 27);
INSERT INTO movie_genres (movie_id, genre_id) VALUES (10961, 53);
INSERT INTO movies (id, title, release_date, description, poster_path) VALUES (9366, 'Donnie Brasco', '1997-02-27', 'An FBI undercover agent infiltrates the mob and identifies more with the mafia life at the expense of his regular one.', '/xtKLvpOfARi1XVm8u2FTdhY5Piq.jpg');
INSERT INTO movie_genres (movie_id, genre_id) VALUES (9366, 80);
INSERT INTO movie_genres (movie_id, genre_id) VALUES (9366, 18);
INSERT INTO movie_genres (movie_id, genre_id) VALUES (9366, 53);
INSERT INTO movies (id, title, release_date, description, poster_path) VALUES (1075335, 'Little Bone Lodge', '2023-11-23', 'During a stormy night in the Scottish Highlands, two criminal brothers on the run seek refuge in a desolate farmhouse. But after taking the resident family captive, they find the house holds even darker secrets of its own.', '/2BwerQH4tZvHU6zUlC77aDw7pLt.jpg');
INSERT INTO movie_genres (movie_id, genre_id) VALUES (1075335, 27);
INSERT INTO movie_genres (movie_id, genre_id) VALUES (1075335, 80);
INSERT INTO movie_genres (movie_id, genre_id) VALUES (1075335, 53);
INSERT INTO movies (id, title, release_date, description, poster_path) VALUES (284289, 'Beyond the Reach', '2014-09-06', 'A high-rolling corporate shark and his impoverished young guide play the most dangerous game during a hunting trip in the Mojave Desert.', '/t6m6ICEG7KrnyYQpROISURkuCD5.jpg');
INSERT INTO movie_genres (movie_id, genre_id) VALUES (284289, 53);
INSERT INTO movies (id, title, release_date, description, poster_path) VALUES (1139979, 'The Wonderful World of Mickey Mouse: Steamboat Silly', '2023-07-28', 'Mickey and gang must stop hundreds of old film reel versions of Mickey from wreaking havoc all over town.', '/A9VIIks5Mw3mjWStOj7FvIOGtmW.jpg');
INSERT INTO movie_genres (movie_id, genre_id) VALUES (1139979, 16);
INSERT INTO movie_genres (movie_id, genre_id) VALUES (1139979, 35);
INSERT INTO movies (id, title, release_date, description, poster_path) VALUES (615, 'The Passion of the Christ', '2004-02-25', 'A graphic portrayal of the last twelve hours of Jesus of Nazareth''s life.', '/v9f9MMrq2nGQrN7cHnQRmEq9lSE.jpg');
INSERT INTO movie_genres (movie_id, genre_id) VALUES (615, 18);
INSERT INTO movies (id, title, release_date, description, poster_path) VALUES (34812, 'H.G. Wells'' War of the Worlds', '2005-06-28', 'In this modern retelling of H.G. Wells'' classic sci-fi horror, civilization is laid to ruin when a super race of aliens invades Earth. In a blink of an eye, massive "walkers" cover the planet, annihilating all in their path. As cities crumble and human flesh is ripped from the bone, one man struggles to find the one weapon that will turn the tide for mankind.', '/tPhCFmtnHUwKtzVY7SglwioOnGW.jpg');
INSERT INTO movie_genres (movie_id, genre_id) VALUES (34812, 878);
INSERT INTO movies (id, title, release_date, description, poster_path) VALUES (107986, 'Amber''s Story', '2006-09-04', 'This is the tragic and true story of the abduction of Amber Hagerman. Her family and the community''s efforts to find her and bring her kidnapper to justice prove to be a groundbreaking movement toward implementing a government-run tracking system.', '/qTRHXzeOPaiYKCBwAxMu10XYF3g.jpg');
INSERT INTO movie_genres (movie_id, genre_id) VALUES (107986, 18);
INSERT INTO movie_genres (movie_id, genre_id) VALUES (107986, 80);
INSERT INTO movie_genres (movie_id, genre_id) VALUES (107986, 10770);
INSERT INTO movies (id, title, release_date, description, poster_path) VALUES (980, 'The Ox-Bow Incident', '1943-03-11', 'A posse discovers a trio of men they suspect of murder and cow theft and are split between handing them over to the law or lynching them on the spot.', '/1rzmL32QaewQbpO1zbhZKMDn5Gz.jpg');
INSERT INTO movie_genres (movie_id, genre_id) VALUES (980, 37);
INSERT INTO movie_genres (movie_id, genre_id) VALUES (980, 18);
INSERT INTO movies (id, title, release_date, description, poster_path) VALUES (748167, 'Uglies', '2024-09-12', 'In a futuristic dystopia with enforced beauty standards, a teen awaiting mandatory cosmetic surgery embarks on a journey to find her missing friend.', '/jaUu9zHtbcFwrB5Y1DNYE09HMex.jpg');
INSERT INTO movie_genres (movie_id, genre_id) VALUES (748167, 878);
INSERT INTO movie_genres (movie_id, genre_id) VALUES (748167, 12);
INSERT INTO movie_genres (movie_id, genre_id) VALUES (748167, 28);
INSERT INTO movies (id, title, release_date, description, poster_path) VALUES (70345, 'Sssssss', '1973-07-06', 'David, a college student, is looking for a job. He is hired by Dr. Stoner as a lab assistant for his research and experiments on snakes. David also begins to fall for Stoner''s young daughter, Kristina. However, the good doctor has secretly brewed up a serum that can transform any man into a King Cobra snake-and he plans to use it on David.', '/fIKiHta0LrDpb2f80u7ybPFesoy.jpg');
INSERT INTO movie_genres (movie_id, genre_id) VALUES (70345, 27);
INSERT INTO movie_genres (movie_id, genre_id) VALUES (70345, 878);
INSERT INTO movies (id, title, release_date, description, poster_path) VALUES (114498, 'The Titan: Story of Michelangelo', '1938-06-01', 'The life and works of the great artist Michelangelo Buonarroti are shown against the historical background of his time. It begins with his earliest artworks, and follows his life and career as he achieves lasting fame. The documentary includes detailed looks at some of the artist''s most renowned creations.  In 1950 the film was re-edited and new footage shot by Robert J. Flaherty. Preserved by the Academy Film Archive in 2005.', '/hVd5fAJFnRU9rWg609mVszxF71R.jpg');
INSERT INTO movie_genres (movie_id, genre_id) VALUES (114498, 99);
INSERT INTO movies (id, title, release_date, description, poster_path) VALUES (67885, 'Bobby Fischer Against the World', '2011-06-06', 'The first documentary feature to explore the tragic and bizarre life of the late chess master Bobby Fischer.', '/nWuo6jWdvqLX0zZ9zmOdQObDCHD.jpg');
INSERT INTO movie_genres (movie_id, genre_id) VALUES (67885, 99);
INSERT INTO movie_genres (movie_id, genre_id) VALUES (67885, 18);
INSERT INTO movies (id, title, release_date, description, poster_path) VALUES (17681, 'Scooby-Doo! and the Witch''s Ghost', '1999-10-05', 'Scooby-Doo and the Mystery Gang visit Oakhaven, Massachusetts to seek strange goings on involving a famous horror novelist and his ancestor who is rumored be a witch.', '/ljEEGImypBFGoXU7eZSTo4vE9nC.jpg');
INSERT INTO movie_genres (movie_id, genre_id) VALUES (17681, 16);
INSERT INTO movie_genres (movie_id, genre_id) VALUES (17681, 35);
INSERT INTO movie_genres (movie_id, genre_id) VALUES (17681, 9648);
INSERT INTO movie_genres (movie_id, genre_id) VALUES (17681, 10751);
INSERT INTO movie_genres (movie_id, genre_id) VALUES (17681, 14);
INSERT INTO movies (id, title, release_date, description, poster_path) VALUES (63, 'Twelve Monkeys', '1995-12-29', 'In the year 2035, convict James Cole reluctantly volunteers to be sent back in time to discover the origin of a deadly virus that wiped out nearly all of the earth''s population and forced the survivors into underground communities. But when Cole is mistakenly sent to 1990 instead of 1996, he''s arrested and locked up in a mental hospital. There he meets psychiatrist Dr. Kathryn Railly and the son of a famous virus expert who may hold the key to the Army of the 12 Monkeys; thought to be responsible for unleashing the killer disease.', '/gt3iyguaCIw8DpQZI1LIN5TohM2.jpg');
INSERT INTO movie_genres (movie_id, genre_id) VALUES (63, 878);
INSERT INTO movie_genres (movie_id, genre_id) VALUES (63, 53);
INSERT INTO movie_genres (movie_id, genre_id) VALUES (63, 9648);
INSERT INTO movies (id, title, release_date, description, poster_path) VALUES (267193, 'Grimsby', '2016-02-24', 'Wrongfully accused and on the run, a top MI6 assassin joins forces with his long-lost, football hooligan brother to save the world from a sinister plot.', '/2jQGFmShpdflApc5oidJZ97m1d1.jpg');
INSERT INTO movie_genres (movie_id, genre_id) VALUES (267193, 28);
INSERT INTO movie_genres (movie_id, genre_id) VALUES (267193, 35);
INSERT INTO movies (id, title, release_date, description, poster_path) VALUES (504, 'Monster', '2003-12-24', 'An emotionally scarred highway drifter shoots a sadistic trick who rapes her, and ultimately becomes America''s first female serial killer.', '/aevmNtJCNG4ZlfEeEGZ79frMUes.jpg');
INSERT INTO movie_genres (movie_id, genre_id) VALUES (504, 80);
INSERT INTO movie_genres (movie_id, genre_id) VALUES (504, 18);
INSERT INTO movies (id, title, release_date, description, poster_path) VALUES (8275, 'American Pie Presents: The Naked Mile', '2006-12-13', 'When Erik Stifler realizes that he''s the only Stifler family member who might graduate high school a virgin, he decides to live up to his legacy. After some well-meaning advice from Jim''s dad, Erik''s ready to take his chances at the annual and infamous Naked Mile race, where his devoted friends and some uninhibited sorority girls will create the most outrageous weekend ever.', '/6CPJVJrqVjibP5Uub8yCg4FKtJi.jpg');
INSERT INTO movie_genres (movie_id, genre_id) VALUES (8275, 35);
INSERT INTO movies (id, title, release_date, description, poster_path) VALUES (75612, 'Oblivion', '2013-04-10', 'Jack Harper is one of the last few drone repairmen stationed on Earth. Part of a massive operation to extract vital resources after decades of war with a terrifying threat known as the Scavs, Jack’s mission is nearly complete. His existence is brought crashing down when he rescues a beautiful  stranger from a downed spacecraft. Her arrival triggers a chain of events that  forces him to question everything he knows and puts the fate of humanity in his hands.', '/eO3r38fwnhb58M1YgcjQBd3VNcp.jpg');
INSERT INTO movie_genres (movie_id, genre_id) VALUES (75612, 28);
INSERT INTO movie_genres (movie_id, genre_id) VALUES (75612, 878);
INSERT INTO movie_genres (movie_id, genre_id) VALUES (75612, 12);
INSERT INTO movie_genres (movie_id, genre_id) VALUES (75612, 9648);
INSERT INTO movies (id, title, release_date, description, poster_path) VALUES (53968, 'Freddie Mercury: The Untold Story', '2000-12-08', 'Freddie Mercury (1946-91) was not just a man with one of the most pure and amazing voices the world has heard, but he was also the lead singer for Queen, the most enthusiastic rock band in history.', '/q7yPeIa8QVzZhoEUqEvk8qeKvPr.jpg');
INSERT INTO movie_genres (movie_id, genre_id) VALUES (53968, 99);
INSERT INTO movie_genres (movie_id, genre_id) VALUES (53968, 10402);
INSERT INTO movies (id, title, release_date, description, poster_path) VALUES (8916, 'Antz', '1998-10-02', 'A neurotic worker ant in love with a rebellious princess rises to unlikely stardom when he switches places with a soldier. Signing up to march in a parade, he ends up under the command of a bloodthirsty general. But he''s actually been enlisted to fight against a termite army.', '/pvpJfkzcqENTSlBKCSImi05WlXK.jpg');
INSERT INTO movie_genres (movie_id, genre_id) VALUES (8916, 16);
INSERT INTO movie_genres (movie_id, genre_id) VALUES (8916, 18);
INSERT INTO movie_genres (movie_id, genre_id) VALUES (8916, 10751);
INSERT INTO movie_genres (movie_id, genre_id) VALUES (8916, 35);
INSERT INTO movie_genres (movie_id, genre_id) VALUES (8916, 12);
INSERT INTO movie_genres (movie_id, genre_id) VALUES (8916, 10749);
INSERT INTO movie_genres (movie_id, genre_id) VALUES (8916, 10752);
INSERT INTO movies (id, title, release_date, description, poster_path) VALUES (1014530, 'Ivy + Bean: Doomed to Dance', '2022-09-02', 'Ivy and Bean sign up for ballet, only to learn they''ll be dancing in a recital in front of hundreds of people. Time to get out of it — tout suite!', '/zdWGcEpvfgsx07HlGUmmEzf51gt.jpg');
INSERT INTO movie_genres (movie_id, genre_id) VALUES (1014530, 10751);
INSERT INTO movie_genres (movie_id, genre_id) VALUES (1014530, 35);
INSERT INTO movies (id, title, release_date, description, poster_path) VALUES (747188, 'Asteroid City', '2023-06-08', 'In an American desert town circa 1955, the itinerary of a Junior Stargazer/Space Cadet convention is spectacularly disrupted by world-changing events.', '/rAkz95CREc3A1qTnwlSQ0jh8Zw8.jpg');
INSERT INTO movie_genres (movie_id, genre_id) VALUES (747188, 35);
INSERT INTO movie_genres (movie_id, genre_id) VALUES (747188, 18);
INSERT INTO movies (id, title, release_date, description, poster_path) VALUES (11932, 'Bride of Chucky', '1998-10-15', 'Chucky is reborn when his old flame, Tiffany, rescues his battered doll parts from a police impound.', '/sCajbPCtgxVMXPMNtj3EBTvFtoE.jpg');
INSERT INTO movie_genres (movie_id, genre_id) VALUES (11932, 27);
INSERT INTO movie_genres (movie_id, genre_id) VALUES (11932, 35);
INSERT INTO movies (id, title, release_date, description, poster_path) VALUES (1171989, 'The Devil on Trial', '2023-10-17', 'Explore the first – and only – time “demonic possession” has officially been used as a defense in a U.S. murder trial. Including firsthand accounts of alleged devil possession and a shocking murder, this extraordinary story forces reflection on our fear of the unknown.', '/qqPIhVKPHePyGqQxbo4gpznsJsA.jpg');
INSERT INTO movie_genres (movie_id, genre_id) VALUES (1171989, 99);
INSERT INTO movie_genres (movie_id, genre_id) VALUES (1171989, 18);
INSERT INTO movie_genres (movie_id, genre_id) VALUES (1171989, 80);
INSERT INTO movies (id, title, release_date, description, poster_path) VALUES (83542, 'Cloud Atlas', '2012-10-26', 'A set of six nested stories spanning time between the 19th century and a distant post-apocalyptic future. Cloud Atlas explores how the actions and consequences of individual lives impact one another throughout the past, the present and the future. Action, mystery and romance weave through the story as one soul is shaped from a killer into a hero and a single act of kindness ripples across centuries to inspire a revolution in the distant future.  Based on the award winning novel by David Mitchell. Directed by Tom Tykwer and the Wachowskis.', '/8naVv2Xu3rWI5JKHz0vCujx6GaJ.jpg');
INSERT INTO movie_genres (movie_id, genre_id) VALUES (83542, 18);
INSERT INTO movie_genres (movie_id, genre_id) VALUES (83542, 878);
INSERT INTO movies (id, title, release_date, description, poster_path) VALUES (26389, 'From Paris with Love', '2010-02-04', 'James Reese has a good job as an ambassador''s aid in France, but his real passion is a side gig—working in a minor role in the CIA. He would love to be a full-fledged agent and can''t believe his luck when he lands an assignment with Charlie Wax. Trigger-happy Charlie soon has James crying for his desk job, but when he learns that the same guys they''re trying to catch are after him, James realises that Charlie may be his only hope of survival.', '/poVoLKLxUqsTLSntA40Po2F78dZ.jpg');
INSERT INTO movie_genres (movie_id, genre_id) VALUES (26389, 28);
INSERT INTO movie_genres (movie_id, genre_id) VALUES (26389, 80);
INSERT INTO movie_genres (movie_id, genre_id) VALUES (26389, 53);
INSERT INTO movies (id, title, release_date, description, poster_path) VALUES (6878, 'Homeward Bound: The Incredible Journey', '1993-02-03', 'Before the Seavers leave for a family vacation to San Francisco, they drop off their pets -- Chance, an adventurous American bulldog; Shadow, a wise golden retriever; and Sassy, a cautious cat -- at a friend''s ranch. But when the animals start to worry that they''ve been left for good, the three embark together on a treacherous and thrilling journey to find their way back home through the California wilderness.', '/el6dJEpK97OJRQiQhuiSGk2jkV5.jpg');
INSERT INTO movie_genres (movie_id, genre_id) VALUES (6878, 12);
INSERT INTO movie_genres (movie_id, genre_id) VALUES (6878, 35);
INSERT INTO movie_genres (movie_id, genre_id) VALUES (6878, 10751);
INSERT INTO movies (id, title, release_date, description, poster_path) VALUES (9341, 'The Core', '2003-03-28', 'Geophysicist Dr. Josh Keyes discovers that an unknown force has caused the earth''s inner core to stop rotating. With the planet''s magnetic field rapidly deteriorating, our atmosphere literally starts to come apart at the seams with catastrophic consequences. To resolve the crisis, Keyes, along with a team of the world''s most gifted scientists, travel into the earth''s core. Their mission: detonate a device that will reactivate the core.', '/iMPR3OFhKNVvJw4eZoRhf9RzfHJ.jpg');
INSERT INTO movie_genres (movie_id, genre_id) VALUES (9341, 878);
INSERT INTO movie_genres (movie_id, genre_id) VALUES (9341, 12);
INSERT INTO movie_genres (movie_id, genre_id) VALUES (9341, 53);
INSERT INTO movies (id, title, release_date, description, poster_path) VALUES (470390, 'The Atoning', '2017-02-18', 'Vera, Ray, and Sam, a seemingly normal family, are haunted by more than mere ghosts. The lingering horror of their past threatens their ability to function as a loving family until they become enlightened by a mystical encounter. From that moment on, they''re thrust into a horror worse than anything they''ve ever experienced. Personal demons manifest and tear the family apart from the inside out as they come to terms with their past.', '/h8TucRd6IaqaHp0uVzPmKJFO6jn.jpg');
INSERT INTO movie_genres (movie_id, genre_id) VALUES (470390, 18);
INSERT INTO movie_genres (movie_id, genre_id) VALUES (470390, 27);
INSERT INTO movie_genres (movie_id, genre_id) VALUES (470390, 53);
INSERT INTO movies (id, title, release_date, description, poster_path) VALUES (224562, 'The Legend Still Lives: 30 Years of Madman', '2010-09-28', 'A retrospective documentary on the 80''s slasher film classic Madman. Interviews with the original and available cast &amp; crew, including Madman Marz himself Paul Ehlers.', '/eVl7NR2okxw6N9bpL16qFrHW2OG.jpg');
INSERT INTO movie_genres (movie_id, genre_id) VALUES (224562, 99);
INSERT INTO movies (id, title, release_date, description, poster_path) VALUES (616446, 'Brothers', '2024-10-10', 'A reformed criminal''s attempt at going straight is derailed when he reunites with his sanity-testing twin brother on a road trip for the score of a lifetime. Dodging bullets, the law, and an overbearing mother along the way, they must heal their severed family bond before they end up killing each other.', '/Akweo95FGyDpucYVT81h0SbX8Ky.jpg');
INSERT INTO movie_genres (movie_id, genre_id) VALUES (616446, 28);
INSERT INTO movie_genres (movie_id, genre_id) VALUES (616446, 35);
INSERT INTO movie_genres (movie_id, genre_id) VALUES (616446, 80);
INSERT INTO movies (id, title, release_date, description, poster_path) VALUES (190334, 'The Show of Shows', '1929-11-21', 'Now hear this. The studio that gave the cinema its voice offered 1929 audiences a chance to see and hear multiple silent-screen favorites for the first time in a gaudy, grandiose music-comedy-novelty revue that also included Talkie stars, Broadway luminaries and of course, Rin-Tin-Tin. Frank Fay hosts a jamboree that, among its 70+ stars, features bicyclers, boxing champ Georges Carpentier, chorines in terpsichore kickery, sister acts, Myrna Loy in two-strip Technicolor as an exotic Far East beauty, John Barrymore in a Shakespearean soliloquy (adding an on-screen voice to his legendary profile for the first time) and Winnie Lightner famously warbling the joys of Singing in the Bathtub. Watch, rinse, repeat!', '/U9WtkLusVGEKfaWHnUfvWJmy43.jpg');
INSERT INTO movie_genres (movie_id, genre_id) VALUES (190334, 10402);
INSERT INTO movies (id, title, release_date, description, poster_path) VALUES (21208, 'Orphan', '2009-07-24', 'After losing their baby, a married couple adopt 9-year old Esther, who may not be as innocent as she seems.', '/lCGpOgoTOGLtZnBiGY9HRg5Xnjd.jpg');
INSERT INTO movie_genres (movie_id, genre_id) VALUES (21208, 27);
INSERT INTO movie_genres (movie_id, genre_id) VALUES (21208, 53);
INSERT INTO movies (id, title, release_date, description, poster_path) VALUES (10877, 'Exit Wounds', '2001-03-16', 'Maverick cop Orin Boyd always brings down the domestic terrorists he tracks, but he ruffles feathers with his unorthodox techniques -- and soon finds himself reassigned to the toughest district in Detroit. When he discovers a group of detectives secretly operating a drug ring, Boyd joins forces with an unlikely ally -- gangster Latrell Walker -- to bring down the rotten cops.', '/tGIJhBejmredgUZRNdteZyiahag.jpg');
INSERT INTO movie_genres (movie_id, genre_id) VALUES (10877, 28);
INSERT INTO movie_genres (movie_id, genre_id) VALUES (10877, 80);
INSERT INTO movie_genres (movie_id, genre_id) VALUES (10877, 53);
INSERT INTO movies (id, title, release_date, description, poster_path) VALUES (11351, 'Jeepers Creepers 2', '2003-08-08', 'When their bus is crippled on the side of a deserted road, a team of high school athletes discover an opponent they cannot defeat – and may not survive.', '/u2ghDfjcs3y5c8ata3COc4pWiAN.jpg');
INSERT INTO movie_genres (movie_id, genre_id) VALUES (11351, 27);
INSERT INTO movies (id, title, release_date, description, poster_path) VALUES (2322, 'Sneakers', '1992-09-09', 'When shadowy U.S. intelligence agents blackmail a reformed computer hacker and his eccentric team of security experts into stealing a code-breaking ''black box'' from a Soviet-funded genius, they uncover a bigger conspiracy. Now, he and his ''sneakers'' must save themselves and the world economy by retrieving the box from their blackmailers.', '/l2pIGwCvpZEpBuMb55YBl6A04Jv.jpg');
INSERT INTO movie_genres (movie_id, genre_id) VALUES (2322, 35);
INSERT INTO movie_genres (movie_id, genre_id) VALUES (2322, 80);
INSERT INTO movie_genres (movie_id, genre_id) VALUES (2322, 18);
INSERT INTO movies (id, title, release_date, description, poster_path) VALUES (1330443, 'Strange Harvest', '2025-08-08', 'Detectives are thrust into a chilling hunt for “Mr. Shiny”—a sadistic serial killer from the past whose return marks the beginning of a new wave of grotesque, otherworldly crimes tied to a dark cosmic force.', '/fYe0FNJNy0EIb8q4JUMLbbSmCth.jpg');
INSERT INTO movie_genres (movie_id, genre_id) VALUES (1330443, 27);
INSERT INTO movie_genres (movie_id, genre_id) VALUES (1330443, 80);
INSERT INTO movie_genres (movie_id, genre_id) VALUES (1330443, 9648);
INSERT INTO movies (id, title, release_date, description, poster_path) VALUES (1428, 'Once Upon a Time in Mexico', '2003-09-11', 'A corrupt CIA agent Sands hires hitman El Mariachi to assassinate a Mexican general hired by a drug kingpin attempting a coup d''état of the President of Mexico.', '/bsHbVPpaOfmGlcLMG20HfrPv1hg.jpg');
INSERT INTO movie_genres (movie_id, genre_id) VALUES (1428, 28);
INSERT INTO movie_genres (movie_id, genre_id) VALUES (1428, 80);
INSERT INTO movie_genres (movie_id, genre_id) VALUES (1428, 53);
INSERT INTO movies (id, title, release_date, description, poster_path) VALUES (881, 'A Few Good Men', '1992-12-11', 'When cocky military lawyer Lt. Daniel Kaffee and his co-counsel, Lt. Cmdr. JoAnne Galloway, are assigned to a murder case, they uncover a hazing ritual that could implicate high-ranking officials such as shady Col. Nathan Jessep.', '/rLOk4z9zL1tTukIYV56P94aZXKk.jpg');
INSERT INTO movie_genres (movie_id, genre_id) VALUES (881, 18);
INSERT INTO movies (id, title, release_date, description, poster_path) VALUES (560057, 'The Sea Beast', '2022-06-24', 'When a young girl stows away on the ship of a legendary sea monster hunter, they launch an epic journey into uncharted waters — and make history to boot.', '/9Zfv4Ap1e8eKOYnZPtYaWhLkk0d.jpg');
INSERT INTO movie_genres (movie_id, genre_id) VALUES (560057, 16);
INSERT INTO movie_genres (movie_id, genre_id) VALUES (560057, 12);
INSERT INTO movie_genres (movie_id, genre_id) VALUES (560057, 28);
INSERT INTO movie_genres (movie_id, genre_id) VALUES (560057, 10751);
INSERT INTO movie_genres (movie_id, genre_id) VALUES (560057, 14);
INSERT INTO movies (id, title, release_date, description, poster_path) VALUES (97225, 'A Yank on the Burma Road', '1942-01-29', 'A celebrated New York cabbie is pressed into service for a perilous journey through World War II China.', '/cvq6DLcXJeGofkCcYkn2eNjlz1P.jpg');
INSERT INTO movie_genres (movie_id, genre_id) VALUES (97225, 18);
INSERT INTO movie_genres (movie_id, genre_id) VALUES (97225, 10752);
INSERT INTO movie_genres (movie_id, genre_id) VALUES (97225, 12);
INSERT INTO movies (id, title, release_date, description, poster_path) VALUES (3349, 'Frankenstein & the Werewolf Reborn!', '2005-11-01', 'Edited versions of both Frankenstein Reborn. and The Werewolf Reborn!.', '/hL1rOLFYoqoa8wppzrfliy8IOZN.jpg');
INSERT INTO movie_genres (movie_id, genre_id) VALUES (3349, 27);
INSERT INTO movies (id, title, release_date, description, poster_path) VALUES (901385, 'Significant Other', '2022-10-06', 'Ruth and Harry decide to take a romantic backpacking trip through the Pacific Northwest, but amongst the beautiful scenery, Ruth makes an unexpected discovery that sets her off on a strange, frightening new path. The couple aren''t alone in the woods, and they might not be the same when they come out...if they come out.', '/liGvBdUsyOfiTJjNCD55JJfISzb.jpg');
INSERT INTO movie_genres (movie_id, genre_id) VALUES (901385, 878);
INSERT INTO movie_genres (movie_id, genre_id) VALUES (901385, 53);
INSERT INTO movie_genres (movie_id, genre_id) VALUES (901385, 27);
INSERT INTO movie_genres (movie_id, genre_id) VALUES (901385, 9648);
INSERT INTO movie_genres (movie_id, genre_id) VALUES (901385, 18);
INSERT INTO movies (id, title, release_date, description, poster_path) VALUES (51876, 'Limitless', '2011-03-17', 'The life of an unsuccessful writer is transformed by a top-secret ''smart drug'' that allows him to use 100% of his brain and become a perfect version of himself. His enhanced abilities soon attract shadowy forces that threaten his new life.', '/un0a2U7KLjMH77N6EhqYh7ZOlVx.jpg');
INSERT INTO movie_genres (movie_id, genre_id) VALUES (51876, 53);
INSERT INTO movie_genres (movie_id, genre_id) VALUES (51876, 9648);
INSERT INTO movie_genres (movie_id, genre_id) VALUES (51876, 878);
INSERT INTO movies (id, title, release_date, description, poster_path) VALUES (616820, 'Halloween Ends', '2022-10-12', 'Four years after the events of Halloween in 2018, Laurie has decided to liberate herself from fear and rage and embrace life. But when a young man is accused of killing a boy he was babysitting, it ignites a cascade of violence and terror that will force Laurie to finally confront the evil she can’t control, once and for all.', '/3uDwqxbr0j34rJVJMOW6o8Upw5W.jpg');
INSERT INTO movie_genres (movie_id, genre_id) VALUES (616820, 27);
INSERT INTO movie_genres (movie_id, genre_id) VALUES (616820, 53);
INSERT INTO movies (id, title, release_date, description, poster_path) VALUES (12230, 'One Hundred and One Dalmatians', '1961-01-25', 'When a litter of dalmatian puppies are abducted by the minions of Cruella De Vil, the parents must find them before she uses them for a diabolical fashion statement.', '/v62BSVTUmFoVLW3v0ffXo7kzhL9.jpg');
INSERT INTO movie_genres (movie_id, genre_id) VALUES (12230, 12);
INSERT INTO movie_genres (movie_id, genre_id) VALUES (12230, 16);
INSERT INTO movie_genres (movie_id, genre_id) VALUES (12230, 35);
INSERT INTO movie_genres (movie_id, genre_id) VALUES (12230, 10751);
INSERT INTO movies (id, title, release_date, description, poster_path) VALUES (10530, 'Pocahontas', '1995-06-16', 'Pocahontas, daughter of a Native American tribe chief, falls in love with an English soldier as colonists invade 17th century Virginia.', '/kZ1ft0QZ4e3zDUPMBftEkwI9ftd.jpg');
INSERT INTO movie_genres (movie_id, genre_id) VALUES (10530, 12);
INSERT INTO movie_genres (movie_id, genre_id) VALUES (10530, 16);
INSERT INTO movie_genres (movie_id, genre_id) VALUES (10530, 10751);
INSERT INTO movie_genres (movie_id, genre_id) VALUES (10530, 10749);
INSERT INTO movies (id, title, release_date, description, poster_path) VALUES (10200, 'The Day the Earth Stood Still', '2008-12-10', 'A representative of an alien race that went through drastic evolution to survive its own climate change, Klaatu comes to Earth to assess whether humanity can prevent the environmental damage they have inflicted on their own planet. When barred from speaking to the United Nations, he decides humankind shall be exterminated so the planet can survive.', '/vBgFSYmG5tb7GsZ3tHR0WNaWaxA.jpg');
INSERT INTO movie_genres (movie_id, genre_id) VALUES (10200, 18);
INSERT INTO movie_genres (movie_id, genre_id) VALUES (10200, 878);
INSERT INTO movie_genres (movie_id, genre_id) VALUES (10200, 53);
INSERT INTO movies (id, title, release_date, description, poster_path) VALUES (1367, 'Rocky II', '1979-06-15', 'After Rocky goes the distance with champ Apollo Creed, both try to put the fight behind them and move on. Rocky settles down with Adrian but can''t put his life together outside the ring, while Creed seeks a rematch to restore his reputation. Soon enough, the "Master of Disaster" and the "Italian Stallion" are set on a collision course for a climactic battle that is brutal and unforgettable.', '/nMaiiu0CzT77U4JZkUYV7KqdAjK.jpg');
INSERT INTO movie_genres (movie_id, genre_id) VALUES (1367, 18);
INSERT INTO movies (id, title, release_date, description, poster_path) VALUES (10229, 'A Walk to Remember', '2002-01-25', 'When the popular, restless Landon Carter is forced to participate in the school drama production, he falls in love with Jamie Sullivan, the daughter of the town''s minister. Jamie has a "to-do" list for her life, as well as a very big secret she must keep from Landon.', '/8lUYMvWdHA0Q0k5F76RQCeCBUkA.jpg');
INSERT INTO movie_genres (movie_id, genre_id) VALUES (10229, 18);
INSERT INTO movie_genres (movie_id, genre_id) VALUES (10229, 10749);
INSERT INTO movies (id, title, release_date, description, poster_path) VALUES (1885, 'The Karate Kid', '1984-06-22', 'New Jersey teen Daniel LaRusso moves to Los Angeles with his mother, and soon strikes up a relationship with Ali. He quickly finds himself the target of bullying by a group of thugs, led by Ali''s ex-boyfriend Johnny, who study karate at the Cobra Kai dojo under ruthless sensei John Kreese. Fortunately, Daniel befriends Mr. Miyagi, an unassuming repairman who just happens to be a martial arts master himself. Miyagi takes Daniel under his wing, training him in a more compassionate form of karate for self-defense and, later, preparing him to compete against the brutal Cobra Kai.', '/1mp4ViklKvA0WXXsNvNx0RBuiit.jpg');
INSERT INTO movie_genres (movie_id, genre_id) VALUES (1885, 28);
INSERT INTO movie_genres (movie_id, genre_id) VALUES (1885, 12);
INSERT INTO movie_genres (movie_id, genre_id) VALUES (1885, 18);
INSERT INTO movie_genres (movie_id, genre_id) VALUES (1885, 10751);
INSERT INTO movies (id, title, release_date, description, poster_path) VALUES (10413, 'Nowhere to Run', '1993-01-15', 'Escaped convict Sam Gillen single-handedly takes on ruthless developers who are determined to evict a widow with two young children.', '/a2FGbyzk2dTAlu37iGeQBbUjLLE.jpg');
INSERT INTO movie_genres (movie_id, genre_id) VALUES (10413, 28);
INSERT INTO movie_genres (movie_id, genre_id) VALUES (10413, 18);
INSERT INTO movie_genres (movie_id, genre_id) VALUES (10413, 53);
INSERT INTO movie_genres (movie_id, genre_id) VALUES (10413, 10749);
